Copyright 1986-2022 Xilinx, Inc. All Rights Reserved.
-------------------------------------------------------------------------------------------------------------------------------------------------------------------------------------------------------------------
| Tool Version : Vivado v.2022.1 (win64) Build 3526262 Mon Apr 18 15:48:16 MDT 2022
| Date         : Mon Sep  7 16:49:10 2026
| Host         : BOOK-P2O9FRPHFQ running 64-bit major release  (build 9200)
| Command      : report_timing -delay_type max -max_paths 20 -file C:/intelFPGA/18.1/dnn_optimization_project/.automation_build_20260907/artifacts/implementation/optimized_accelerator/run_001/critical_paths.rpt
| Design       : zyNet
| Device       : 7z020-clg400
| Speed File   : -1  PRODUCTION 1.12 2019-11-22
-------------------------------------------------------------------------------------------------------------------------------------------------------------------------------------------------------------------

Timing Report

Slack (VIOLATED) :        -5.362ns  (required time - arrival time)
  Source:                 systolic_controller_instance/cycle_count_reg[5]/C
                            (rising edge-triggered cell FDCE clocked by s_axi_aclk  {rise@0.000ns fall@5.000ns period=10.000ns})
  Destination:            weight_sram_instance/read_data_reg[24]/D
                            (rising edge-triggered cell FDRE clocked by s_axi_aclk  {rise@0.000ns fall@5.000ns period=10.000ns})
  Path Group:             s_axi_aclk
  Path Type:              Setup (Max at Slow Process Corner)
  Requirement:            10.000ns  (s_axi_aclk rise@10.000ns - s_axi_aclk rise@0.000ns)
  Data Path Delay:        15.216ns  (logic 5.506ns (36.184%)  route 9.710ns (63.816%))
  Logic Levels:           17  (CARRY4=3 DSP48E1=1 LUT5=3 LUT6=6 MUXF7=3 MUXF8=1)
  Clock Path Skew:        -0.142ns (DCD - SCD + CPR)
    Destination Clock Delay (DCD):    4.544ns = ( 14.544 - 10.000 ) 
    Source Clock Delay      (SCD):    5.043ns
    Clock Pessimism Removal (CPR):    0.357ns
  Clock Uncertainty:      0.035ns  ((TSJ^2 + TIJ^2)^1/2 + DJ) / 2 + PE
    Total System Jitter     (TSJ):    0.071ns
    Total Input Jitter      (TIJ):    0.000ns
    Discrete Jitter          (DJ):    0.000ns
    Phase Error              (PE):    0.000ns

    Location             Delay type                Incr(ns)  Path(ns)    Netlist Resource(s)
  -------------------------------------------------------------------    -------------------
                         (clock s_axi_aclk rise edge)
                                                      0.000     0.000 r  
    U7                                                0.000     0.000 r  s_axi_aclk (IN)
                         net (fo=0)                   0.000     0.000    s_axi_aclk
    U7                   IBUF (Prop_ibuf_I_O)         1.058     1.058 r  s_axi_aclk_IBUF_inst/O
                         net (fo=1, routed)           2.171     3.229    s_axi_aclk_IBUF
    BUFGCTRL_X0Y0        BUFG (Prop_bufg_I_O)         0.101     3.330 r  s_axi_aclk_IBUF_BUFG_inst/O
                         net (fo=1465, routed)        1.713     5.043    systolic_controller_instance/s_axi_aclk_IBUF_BUFG
    SLICE_X55Y19         FDCE                                         r  systolic_controller_instance/cycle_count_reg[5]/C
  -------------------------------------------------------------------    -------------------
    SLICE_X55Y19         FDCE (Prop_fdce_C_Q)         0.456     5.499 r  systolic_controller_instance/cycle_count_reg[5]/Q
                         net (fo=70, routed)          1.125     6.625    systolic_controller_instance/cycle_count_reg_n_0_[5]
    SLICE_X52Y20         LUT6 (Prop_lut6_I1_O)        0.124     6.749 r  systolic_controller_instance/consumed_feature_count_3[8]_i_3/O
                         net (fo=20, routed)          1.079     7.828    systolic_controller_instance/consumed_feature_count_3[8]_i_3_n_0
    SLICE_X45Y17         LUT6 (Prop_lut6_I0_O)        0.124     7.952 r  systolic_controller_instance/read_valid[3]_i_18/O
                         net (fo=1, routed)           0.000     7.952    systolic_controller_instance/read_valid[3]_i_18_n_0
    SLICE_X45Y17         CARRY4 (Prop_carry4_S[0]_CO[3])
                                                      0.532     8.484 r  systolic_controller_instance/read_valid_reg[3]_i_8/CO[3]
                         net (fo=1, routed)           0.000     8.484    systolic_controller_instance/read_valid_reg[3]_i_8_n_0
    SLICE_X45Y18         CARRY4 (Prop_carry4_CI_CO[3])
                                                      0.114     8.598 r  systolic_controller_instance/read_valid_reg[3]_i_3/CO[3]
                         net (fo=1, routed)           0.000     8.598    systolic_controller_instance/read_valid_reg[3]_i_3_n_0
    SLICE_X45Y19         CARRY4 (Prop_carry4_CI_CO[3])
                                                      0.114     8.712 r  systolic_controller_instance/read_valid_reg[3]_i_2/CO[3]
                         net (fo=4, routed)           0.983     9.694    systolic_controller_instance/operand_read_address24_in
    SLICE_X44Y19         LUT6 (Prop_lut6_I4_O)        0.124     9.818 r  systolic_controller_instance/read_valid[3]_i_1/O
                         net (fo=38, routed)          0.589    10.407    systolic_controller_instance/cycle_count_reg[2]_0[3]
    SLICE_X38Y16         LUT6 (Prop_lut6_I0_O)        0.124    10.531 r  systolic_controller_instance/read_data1__2_i_9/O
                         net (fo=8, routed)           1.281    11.811    weight_sram_instance/operand_read_address[34]
    DSP48_X1Y6           DSP48E1 (Prop_dsp48e1_C[4]_P[0])
                                                      1.820    13.631 r  weight_sram_instance/read_data1__2/P[0]
                         net (fo=2401, routed)        1.590    15.221    weight_sram_instance/read_data1__2_n_105
    SLICE_X19Y14         LUT6 (Prop_lut6_I0_O)        0.124    15.345 r  weight_sram_instance/g361_b0__2/O
                         net (fo=1, routed)           0.000    15.345    weight_sram_instance/g361_b0__2_n_0
    SLICE_X19Y14         MUXF7 (Prop_muxf7_I1_O)      0.245    15.590 r  weight_sram_instance/read_data_reg[24]_i_287/O
                         net (fo=1, routed)           0.000    15.590    weight_sram_instance/read_data_reg[24]_i_287_n_0
    SLICE_X19Y14         MUXF8 (Prop_muxf8_I0_O)      0.104    15.694 r  weight_sram_instance/read_data_reg[24]_i_150/O
                         net (fo=1, routed)           0.890    16.585    weight_sram_instance/read_data_reg[24]_i_150_n_0
    SLICE_X14Y12         LUT6 (Prop_lut6_I5_O)        0.316    16.901 r  weight_sram_instance/read_data[24]_i_65/O
                         net (fo=1, routed)           0.000    16.901    weight_sram_instance/read_data[24]_i_65_n_0
    SLICE_X14Y12         MUXF7 (Prop_muxf7_I1_O)      0.247    17.148 r  weight_sram_instance/read_data_reg[24]_i_33/O
                         net (fo=1, routed)           1.053    18.200    weight_sram_instance/read_data_reg[24]_i_33_n_0
    SLICE_X27Y20         LUT5 (Prop_lut5_I0_O)        0.298    18.498 r  weight_sram_instance/read_data[24]_i_14/O
                         net (fo=1, routed)           0.000    18.498    weight_sram_instance/read_data[24]_i_14_n_0
    SLICE_X27Y20         MUXF7 (Prop_muxf7_I1_O)      0.217    18.715 r  weight_sram_instance/read_data_reg[24]_i_5/O
                         net (fo=1, routed)           0.639    19.354    weight_sram_instance/read_data_reg[24]_i_5_n_0
    SLICE_X24Y20         LUT5 (Prop_lut5_I0_O)        0.299    19.653 r  weight_sram_instance/read_data[24]_i_2/O
                         net (fo=1, routed)           0.483    20.136    weight_sram_instance/read_data[24]_i_2_n_0
    SLICE_X29Y20         LUT5 (Prop_lut5_I0_O)        0.124    20.260 r  weight_sram_instance/read_data[24]_i_1/O
                         net (fo=1, routed)           0.000    20.260    weight_sram_instance/p_14_out[24]
    SLICE_X29Y20         FDRE                                         r  weight_sram_instance/read_data_reg[24]/D
  -------------------------------------------------------------------    -------------------

                         (clock s_axi_aclk rise edge)
                                                     10.000    10.000 r  
    U7                                                0.000    10.000 r  s_axi_aclk (IN)
                         net (fo=0)                   0.000    10.000    s_axi_aclk
    U7                   IBUF (Prop_ibuf_I_O)         0.924    10.924 r  s_axi_aclk_IBUF_inst/O
                         net (fo=1, routed)           1.972    12.896    s_axi_aclk_IBUF
    BUFGCTRL_X0Y0        BUFG (Prop_bufg_I_O)         0.091    12.987 r  s_axi_aclk_IBUF_BUFG_inst/O
                         net (fo=1465, routed)        1.557    14.544    weight_sram_instance/s_axi_aclk_IBUF_BUFG
    SLICE_X29Y20         FDRE                                         r  weight_sram_instance/read_data_reg[24]/C
                         clock pessimism              0.357    14.902    
                         clock uncertainty           -0.035    14.867    
    SLICE_X29Y20         FDRE (Setup_fdre_C_D)        0.031    14.898    weight_sram_instance/read_data_reg[24]
  -------------------------------------------------------------------
                         required time                         14.898    
                         arrival time                         -20.260    
  -------------------------------------------------------------------
                         slack                                 -5.362    

Slack (VIOLATED) :        -5.286ns  (required time - arrival time)
  Source:                 systolic_controller_instance/cycle_count_reg[5]/C
                            (rising edge-triggered cell FDCE clocked by s_axi_aclk  {rise@0.000ns fall@5.000ns period=10.000ns})
  Destination:            weight_sram_instance/read_data_reg[31]/D
                            (rising edge-triggered cell FDRE clocked by s_axi_aclk  {rise@0.000ns fall@5.000ns period=10.000ns})
  Path Group:             s_axi_aclk
  Path Type:              Setup (Max at Slow Process Corner)
  Requirement:            10.000ns  (s_axi_aclk rise@10.000ns - s_axi_aclk rise@0.000ns)
  Data Path Delay:        15.143ns  (logic 5.249ns (34.664%)  route 9.894ns (65.336%))
  Logic Levels:           15  (CARRY4=3 DSP48E1=1 LUT6=8 MUXF7=3)
  Clock Path Skew:        -0.139ns (DCD - SCD + CPR)
    Destination Clock Delay (DCD):    4.547ns = ( 14.547 - 10.000 ) 
    Source Clock Delay      (SCD):    5.043ns
    Clock Pessimism Removal (CPR):    0.357ns
  Clock Uncertainty:      0.035ns  ((TSJ^2 + TIJ^2)^1/2 + DJ) / 2 + PE
    Total System Jitter     (TSJ):    0.071ns
    Total Input Jitter      (TIJ):    0.000ns
    Discrete Jitter          (DJ):    0.000ns
    Phase Error              (PE):    0.000ns

    Location             Delay type                Incr(ns)  Path(ns)    Netlist Resource(s)
  -------------------------------------------------------------------    -------------------
                         (clock s_axi_aclk rise edge)
                                                      0.000     0.000 r  
    U7                                                0.000     0.000 r  s_axi_aclk (IN)
                         net (fo=0)                   0.000     0.000    s_axi_aclk
    U7                   IBUF (Prop_ibuf_I_O)         1.058     1.058 r  s_axi_aclk_IBUF_inst/O
                         net (fo=1, routed)           2.171     3.229    s_axi_aclk_IBUF
    BUFGCTRL_X0Y0        BUFG (Prop_bufg_I_O)         0.101     3.330 r  s_axi_aclk_IBUF_BUFG_inst/O
                         net (fo=1465, routed)        1.713     5.043    systolic_controller_instance/s_axi_aclk_IBUF_BUFG
    SLICE_X55Y19         FDCE                                         r  systolic_controller_instance/cycle_count_reg[5]/C
  -------------------------------------------------------------------    -------------------
    SLICE_X55Y19         FDCE (Prop_fdce_C_Q)         0.456     5.499 r  systolic_controller_instance/cycle_count_reg[5]/Q
                         net (fo=70, routed)          1.125     6.625    systolic_controller_instance/cycle_count_reg_n_0_[5]
    SLICE_X52Y20         LUT6 (Prop_lut6_I1_O)        0.124     6.749 r  systolic_controller_instance/consumed_feature_count_3[8]_i_3/O
                         net (fo=20, routed)          1.079     7.828    systolic_controller_instance/consumed_feature_count_3[8]_i_3_n_0
    SLICE_X45Y17         LUT6 (Prop_lut6_I0_O)        0.124     7.952 r  systolic_controller_instance/read_valid[3]_i_18/O
                         net (fo=1, routed)           0.000     7.952    systolic_controller_instance/read_valid[3]_i_18_n_0
    SLICE_X45Y17         CARRY4 (Prop_carry4_S[0]_CO[3])
                                                      0.532     8.484 r  systolic_controller_instance/read_valid_reg[3]_i_8/CO[3]
                         net (fo=1, routed)           0.000     8.484    systolic_controller_instance/read_valid_reg[3]_i_8_n_0
    SLICE_X45Y18         CARRY4 (Prop_carry4_CI_CO[3])
                                                      0.114     8.598 r  systolic_controller_instance/read_valid_reg[3]_i_3/CO[3]
                         net (fo=1, routed)           0.000     8.598    systolic_controller_instance/read_valid_reg[3]_i_3_n_0
    SLICE_X45Y19         CARRY4 (Prop_carry4_CI_CO[3])
                                                      0.114     8.712 r  systolic_controller_instance/read_valid_reg[3]_i_2/CO[3]
                         net (fo=4, routed)           0.983     9.694    systolic_controller_instance/operand_read_address24_in
    SLICE_X44Y19         LUT6 (Prop_lut6_I4_O)        0.124     9.818 r  systolic_controller_instance/read_valid[3]_i_1/O
                         net (fo=38, routed)          0.589    10.407    systolic_controller_instance/cycle_count_reg[2]_0[3]
    SLICE_X38Y16         LUT6 (Prop_lut6_I0_O)        0.124    10.531 r  systolic_controller_instance/read_data1__2_i_9/O
                         net (fo=8, routed)           1.281    11.811    weight_sram_instance/operand_read_address[34]
    DSP48_X1Y6           DSP48E1 (Prop_dsp48e1_C[4]_P[3])
                                                      1.820    13.631 r  weight_sram_instance/read_data1__2/P[3]
                         net (fo=2415, routed)        1.960    15.592    weight_sram_instance/read_data1__2_n_102
    SLICE_X22Y2          LUT6 (Prop_lut6_I3_O)        0.124    15.716 r  weight_sram_instance/g280_b6__2/O
                         net (fo=1, routed)           0.000    15.716    weight_sram_instance/g280_b6__2_n_0
    SLICE_X22Y2          MUXF7 (Prop_muxf7_I0_O)      0.241    15.957 r  weight_sram_instance/read_data_reg[31]_i_84/O
                         net (fo=1, routed)           0.965    16.922    weight_sram_instance/read_data_reg[31]_i_84_n_0
    SLICE_X23Y0          LUT6 (Prop_lut6_I5_O)        0.298    17.220 r  weight_sram_instance/read_data[31]_i_34/O
                         net (fo=1, routed)           0.000    17.220    weight_sram_instance/read_data[31]_i_34_n_0
    SLICE_X23Y0          MUXF7 (Prop_muxf7_I1_O)      0.245    17.465 r  weight_sram_instance/read_data_reg[31]_i_13/O
                         net (fo=1, routed)           1.084    18.549    weight_sram_instance/read_data_reg[31]_i_13_n_0
    SLICE_X29Y6          LUT6 (Prop_lut6_I3_O)        0.298    18.847 r  weight_sram_instance/read_data[31]_i_5/O
                         net (fo=1, routed)           0.000    18.847    weight_sram_instance/read_data[31]_i_5_n_0
    SLICE_X29Y6          MUXF7 (Prop_muxf7_I0_O)      0.212    19.059 r  weight_sram_instance/read_data_reg[31]_i_2/O
                         net (fo=2, routed)           0.828    19.887    weight_sram_instance/read_data_reg[31]_i_2_n_0
    SLICE_X29Y17         LUT6 (Prop_lut6_I1_O)        0.299    20.186 r  weight_sram_instance/read_data[31]_i_1/O
                         net (fo=1, routed)           0.000    20.186    weight_sram_instance/p_14_out[31]
    SLICE_X29Y17         FDRE                                         r  weight_sram_instance/read_data_reg[31]/D
  -------------------------------------------------------------------    -------------------

                         (clock s_axi_aclk rise edge)
                                                     10.000    10.000 r  
    U7                                                0.000    10.000 r  s_axi_aclk (IN)
                         net (fo=0)                   0.000    10.000    s_axi_aclk
    U7                   IBUF (Prop_ibuf_I_O)         0.924    10.924 r  s_axi_aclk_IBUF_inst/O
                         net (fo=1, routed)           1.972    12.896    s_axi_aclk_IBUF
    BUFGCTRL_X0Y0        BUFG (Prop_bufg_I_O)         0.091    12.987 r  s_axi_aclk_IBUF_BUFG_inst/O
                         net (fo=1465, routed)        1.560    14.547    weight_sram_instance/s_axi_aclk_IBUF_BUFG
    SLICE_X29Y17         FDRE                                         r  weight_sram_instance/read_data_reg[31]/C
                         clock pessimism              0.357    14.905    
                         clock uncertainty           -0.035    14.870    
    SLICE_X29Y17         FDRE (Setup_fdre_C_D)        0.031    14.901    weight_sram_instance/read_data_reg[31]
  -------------------------------------------------------------------
                         required time                         14.901    
                         arrival time                         -20.186    
  -------------------------------------------------------------------
                         slack                                 -5.286    

Slack (VIOLATED) :        -5.284ns  (required time - arrival time)
  Source:                 systolic_controller_instance/cycle_count_reg[5]/C
                            (rising edge-triggered cell FDCE clocked by s_axi_aclk  {rise@0.000ns fall@5.000ns period=10.000ns})
  Destination:            weight_sram_instance/read_data_reg[30]/D
                            (rising edge-triggered cell FDRE clocked by s_axi_aclk  {rise@0.000ns fall@5.000ns period=10.000ns})
  Path Group:             s_axi_aclk
  Path Type:              Setup (Max at Slow Process Corner)
  Requirement:            10.000ns  (s_axi_aclk rise@10.000ns - s_axi_aclk rise@0.000ns)
  Data Path Delay:        15.142ns  (logic 5.249ns (34.666%)  route 9.893ns (65.334%))
  Logic Levels:           15  (CARRY4=3 DSP48E1=1 LUT6=8 MUXF7=3)
  Clock Path Skew:        -0.139ns (DCD - SCD + CPR)
    Destination Clock Delay (DCD):    4.547ns = ( 14.547 - 10.000 ) 
    Source Clock Delay      (SCD):    5.043ns
    Clock Pessimism Removal (CPR):    0.357ns
  Clock Uncertainty:      0.035ns  ((TSJ^2 + TIJ^2)^1/2 + DJ) / 2 + PE
    Total System Jitter     (TSJ):    0.071ns
    Total Input Jitter      (TIJ):    0.000ns
    Discrete Jitter          (DJ):    0.000ns
    Phase Error              (PE):    0.000ns

    Location             Delay type                Incr(ns)  Path(ns)    Netlist Resource(s)
  -------------------------------------------------------------------    -------------------
                         (clock s_axi_aclk rise edge)
                                                      0.000     0.000 r  
    U7                                                0.000     0.000 r  s_axi_aclk (IN)
                         net (fo=0)                   0.000     0.000    s_axi_aclk
    U7                   IBUF (Prop_ibuf_I_O)         1.058     1.058 r  s_axi_aclk_IBUF_inst/O
                         net (fo=1, routed)           2.171     3.229    s_axi_aclk_IBUF
    BUFGCTRL_X0Y0        BUFG (Prop_bufg_I_O)         0.101     3.330 r  s_axi_aclk_IBUF_BUFG_inst/O
                         net (fo=1465, routed)        1.713     5.043    systolic_controller_instance/s_axi_aclk_IBUF_BUFG
    SLICE_X55Y19         FDCE                                         r  systolic_controller_instance/cycle_count_reg[5]/C
  -------------------------------------------------------------------    -------------------
    SLICE_X55Y19         FDCE (Prop_fdce_C_Q)         0.456     5.499 r  systolic_controller_instance/cycle_count_reg[5]/Q
                         net (fo=70, routed)          1.125     6.625    systolic_controller_instance/cycle_count_reg_n_0_[5]
    SLICE_X52Y20         LUT6 (Prop_lut6_I1_O)        0.124     6.749 r  systolic_controller_instance/consumed_feature_count_3[8]_i_3/O
                         net (fo=20, routed)          1.079     7.828    systolic_controller_instance/consumed_feature_count_3[8]_i_3_n_0
    SLICE_X45Y17         LUT6 (Prop_lut6_I0_O)        0.124     7.952 r  systolic_controller_instance/read_valid[3]_i_18/O
                         net (fo=1, routed)           0.000     7.952    systolic_controller_instance/read_valid[3]_i_18_n_0
    SLICE_X45Y17         CARRY4 (Prop_carry4_S[0]_CO[3])
                                                      0.532     8.484 r  systolic_controller_instance/read_valid_reg[3]_i_8/CO[3]
                         net (fo=1, routed)           0.000     8.484    systolic_controller_instance/read_valid_reg[3]_i_8_n_0
    SLICE_X45Y18         CARRY4 (Prop_carry4_CI_CO[3])
                                                      0.114     8.598 r  systolic_controller_instance/read_valid_reg[3]_i_3/CO[3]
                         net (fo=1, routed)           0.000     8.598    systolic_controller_instance/read_valid_reg[3]_i_3_n_0
    SLICE_X45Y19         CARRY4 (Prop_carry4_CI_CO[3])
                                                      0.114     8.712 r  systolic_controller_instance/read_valid_reg[3]_i_2/CO[3]
                         net (fo=4, routed)           0.983     9.694    systolic_controller_instance/operand_read_address24_in
    SLICE_X44Y19         LUT6 (Prop_lut6_I4_O)        0.124     9.818 r  systolic_controller_instance/read_valid[3]_i_1/O
                         net (fo=38, routed)          0.589    10.407    systolic_controller_instance/cycle_count_reg[2]_0[3]
    SLICE_X38Y16         LUT6 (Prop_lut6_I0_O)        0.124    10.531 r  systolic_controller_instance/read_data1__2_i_9/O
                         net (fo=8, routed)           1.281    11.811    weight_sram_instance/operand_read_address[34]
    DSP48_X1Y6           DSP48E1 (Prop_dsp48e1_C[4]_P[3])
                                                      1.820    13.631 r  weight_sram_instance/read_data1__2/P[3]
                         net (fo=2415, routed)        1.960    15.592    weight_sram_instance/read_data1__2_n_102
    SLICE_X22Y2          LUT6 (Prop_lut6_I3_O)        0.124    15.716 r  weight_sram_instance/g280_b6__2/O
                         net (fo=1, routed)           0.000    15.716    weight_sram_instance/g280_b6__2_n_0
    SLICE_X22Y2          MUXF7 (Prop_muxf7_I0_O)      0.241    15.957 r  weight_sram_instance/read_data_reg[31]_i_84/O
                         net (fo=1, routed)           0.965    16.922    weight_sram_instance/read_data_reg[31]_i_84_n_0
    SLICE_X23Y0          LUT6 (Prop_lut6_I5_O)        0.298    17.220 r  weight_sram_instance/read_data[31]_i_34/O
                         net (fo=1, routed)           0.000    17.220    weight_sram_instance/read_data[31]_i_34_n_0
    SLICE_X23Y0          MUXF7 (Prop_muxf7_I1_O)      0.245    17.465 r  weight_sram_instance/read_data_reg[31]_i_13/O
                         net (fo=1, routed)           1.084    18.549    weight_sram_instance/read_data_reg[31]_i_13_n_0
    SLICE_X29Y6          LUT6 (Prop_lut6_I3_O)        0.298    18.847 r  weight_sram_instance/read_data[31]_i_5/O
                         net (fo=1, routed)           0.000    18.847    weight_sram_instance/read_data[31]_i_5_n_0
    SLICE_X29Y6          MUXF7 (Prop_muxf7_I0_O)      0.212    19.059 r  weight_sram_instance/read_data_reg[31]_i_2/O
                         net (fo=2, routed)           0.827    19.886    weight_sram_instance/read_data_reg[31]_i_2_n_0
    SLICE_X29Y17         LUT6 (Prop_lut6_I1_O)        0.299    20.185 r  weight_sram_instance/read_data[30]_i_1/O
                         net (fo=1, routed)           0.000    20.185    weight_sram_instance/p_14_out[30]
    SLICE_X29Y17         FDRE                                         r  weight_sram_instance/read_data_reg[30]/D
  -------------------------------------------------------------------    -------------------

                         (clock s_axi_aclk rise edge)
                                                     10.000    10.000 r  
    U7                                                0.000    10.000 r  s_axi_aclk (IN)
                         net (fo=0)                   0.000    10.000    s_axi_aclk
    U7                   IBUF (Prop_ibuf_I_O)         0.924    10.924 r  s_axi_aclk_IBUF_inst/O
                         net (fo=1, routed)           1.972    12.896    s_axi_aclk_IBUF
    BUFGCTRL_X0Y0        BUFG (Prop_bufg_I_O)         0.091    12.987 r  s_axi_aclk_IBUF_BUFG_inst/O
                         net (fo=1465, routed)        1.560    14.547    weight_sram_instance/s_axi_aclk_IBUF_BUFG
    SLICE_X29Y17         FDRE                                         r  weight_sram_instance/read_data_reg[30]/C
                         clock pessimism              0.357    14.905    
                         clock uncertainty           -0.035    14.870    
    SLICE_X29Y17         FDRE (Setup_fdre_C_D)        0.032    14.902    weight_sram_instance/read_data_reg[30]
  -------------------------------------------------------------------
                         required time                         14.902    
                         arrival time                         -20.185    
  -------------------------------------------------------------------
                         slack                                 -5.284    

Slack (VIOLATED) :        -5.280ns  (required time - arrival time)
  Source:                 systolic_controller_instance/cycle_count_reg[5]/C
                            (rising edge-triggered cell FDCE clocked by s_axi_aclk  {rise@0.000ns fall@5.000ns period=10.000ns})
  Destination:            weight_sram_instance/read_data_reg[26]/D
                            (rising edge-triggered cell FDRE clocked by s_axi_aclk  {rise@0.000ns fall@5.000ns period=10.000ns})
  Path Group:             s_axi_aclk
  Path Type:              Setup (Max at Slow Process Corner)
  Requirement:            10.000ns  (s_axi_aclk rise@10.000ns - s_axi_aclk rise@0.000ns)
  Data Path Delay:        15.142ns  (logic 5.472ns (36.137%)  route 9.670ns (63.863%))
  Logic Levels:           17  (CARRY4=3 DSP48E1=1 LUT5=2 LUT6=7 MUXF7=3 MUXF8=1)
  Clock Path Skew:        -0.135ns (DCD - SCD + CPR)
    Destination Clock Delay (DCD):    4.551ns = ( 14.551 - 10.000 ) 
    Source Clock Delay      (SCD):    5.043ns
    Clock Pessimism Removal (CPR):    0.357ns
  Clock Uncertainty:      0.035ns  ((TSJ^2 + TIJ^2)^1/2 + DJ) / 2 + PE
    Total System Jitter     (TSJ):    0.071ns
    Total Input Jitter      (TIJ):    0.000ns
    Discrete Jitter          (DJ):    0.000ns
    Phase Error              (PE):    0.000ns

    Location             Delay type                Incr(ns)  Path(ns)    Netlist Resource(s)
  -------------------------------------------------------------------    -------------------
                         (clock s_axi_aclk rise edge)
                                                      0.000     0.000 r  
    U7                                                0.000     0.000 r  s_axi_aclk (IN)
                         net (fo=0)                   0.000     0.000    s_axi_aclk
    U7                   IBUF (Prop_ibuf_I_O)         1.058     1.058 r  s_axi_aclk_IBUF_inst/O
                         net (fo=1, routed)           2.171     3.229    s_axi_aclk_IBUF
    BUFGCTRL_X0Y0        BUFG (Prop_bufg_I_O)         0.101     3.330 r  s_axi_aclk_IBUF_BUFG_inst/O
                         net (fo=1465, routed)        1.713     5.043    systolic_controller_instance/s_axi_aclk_IBUF_BUFG
    SLICE_X55Y19         FDCE                                         r  systolic_controller_instance/cycle_count_reg[5]/C
  -------------------------------------------------------------------    -------------------
    SLICE_X55Y19         FDCE (Prop_fdce_C_Q)         0.456     5.499 r  systolic_controller_instance/cycle_count_reg[5]/Q
                         net (fo=70, routed)          1.125     6.625    systolic_controller_instance/cycle_count_reg_n_0_[5]
    SLICE_X52Y20         LUT6 (Prop_lut6_I1_O)        0.124     6.749 r  systolic_controller_instance/consumed_feature_count_3[8]_i_3/O
                         net (fo=20, routed)          1.079     7.828    systolic_controller_instance/consumed_feature_count_3[8]_i_3_n_0
    SLICE_X45Y17         LUT6 (Prop_lut6_I0_O)        0.124     7.952 r  systolic_controller_instance/read_valid[3]_i_18/O
                         net (fo=1, routed)           0.000     7.952    systolic_controller_instance/read_valid[3]_i_18_n_0
    SLICE_X45Y17         CARRY4 (Prop_carry4_S[0]_CO[3])
                                                      0.532     8.484 r  systolic_controller_instance/read_valid_reg[3]_i_8/CO[3]
                         net (fo=1, routed)           0.000     8.484    systolic_controller_instance/read_valid_reg[3]_i_8_n_0
    SLICE_X45Y18         CARRY4 (Prop_carry4_CI_CO[3])
                                                      0.114     8.598 r  systolic_controller_instance/read_valid_reg[3]_i_3/CO[3]
                         net (fo=1, routed)           0.000     8.598    systolic_controller_instance/read_valid_reg[3]_i_3_n_0
    SLICE_X45Y19         CARRY4 (Prop_carry4_CI_CO[3])
                                                      0.114     8.712 r  systolic_controller_instance/read_valid_reg[3]_i_2/CO[3]
                         net (fo=4, routed)           0.983     9.694    systolic_controller_instance/operand_read_address24_in
    SLICE_X44Y19         LUT6 (Prop_lut6_I4_O)        0.124     9.818 r  systolic_controller_instance/read_valid[3]_i_1/O
                         net (fo=38, routed)          0.589    10.407    systolic_controller_instance/cycle_count_reg[2]_0[3]
    SLICE_X38Y16         LUT6 (Prop_lut6_I0_O)        0.124    10.531 r  systolic_controller_instance/read_data1__2_i_9/O
                         net (fo=8, routed)           1.281    11.811    weight_sram_instance/operand_read_address[34]
    DSP48_X1Y6           DSP48E1 (Prop_dsp48e1_C[4]_P[0])
                                                      1.820    13.631 r  weight_sram_instance/read_data1__2/P[0]
                         net (fo=2401, routed)        2.202    15.833    weight_sram_instance/read_data1__2_n_105
    SLICE_X33Y12         LUT6 (Prop_lut6_I0_O)        0.124    15.957 r  weight_sram_instance/g217_b2__2/O
                         net (fo=1, routed)           0.000    15.957    weight_sram_instance/g217_b2__2_n_0
    SLICE_X33Y12         MUXF7 (Prop_muxf7_I1_O)      0.245    16.202 r  weight_sram_instance/read_data_reg[26]_i_275/O
                         net (fo=1, routed)           0.000    16.202    weight_sram_instance/read_data_reg[26]_i_275_n_0
    SLICE_X33Y12         MUXF8 (Prop_muxf8_I0_O)      0.104    16.306 r  weight_sram_instance/read_data_reg[26]_i_188/O
                         net (fo=1, routed)           0.854    17.160    weight_sram_instance/read_data_reg[26]_i_188_n_0
    SLICE_X32Y12         LUT6 (Prop_lut6_I5_O)        0.316    17.476 r  weight_sram_instance/read_data[26]_i_83/O
                         net (fo=1, routed)           0.000    17.476    weight_sram_instance/read_data[26]_i_83_n_0
    SLICE_X32Y12         MUXF7 (Prop_muxf7_I1_O)      0.214    17.690 r  weight_sram_instance/read_data_reg[26]_i_42/O
                         net (fo=1, routed)           0.775    18.465    weight_sram_instance/read_data_reg[26]_i_42_n_0
    SLICE_X29Y12         LUT6 (Prop_lut6_I3_O)        0.297    18.762 r  weight_sram_instance/read_data[26]_i_17/O
                         net (fo=1, routed)           0.000    18.762    weight_sram_instance/read_data[26]_i_17_n_0
    SLICE_X29Y12         MUXF7 (Prop_muxf7_I1_O)      0.217    18.979 r  weight_sram_instance/read_data_reg[26]_i_6/O
                         net (fo=1, routed)           0.351    19.329    weight_sram_instance/read_data_reg[26]_i_6_n_0
    SLICE_X28Y12         LUT5 (Prop_lut5_I2_O)        0.299    19.628 r  weight_sram_instance/read_data[26]_i_2/O
                         net (fo=1, routed)           0.433    20.062    weight_sram_instance/read_data[26]_i_2_n_0
    SLICE_X28Y12         LUT5 (Prop_lut5_I0_O)        0.124    20.186 r  weight_sram_instance/read_data[26]_i_1/O
                         net (fo=1, routed)           0.000    20.186    weight_sram_instance/p_14_out[26]
    SLICE_X28Y12         FDRE                                         r  weight_sram_instance/read_data_reg[26]/D
  -------------------------------------------------------------------    -------------------

                         (clock s_axi_aclk rise edge)
                                                     10.000    10.000 r  
    U7                                                0.000    10.000 r  s_axi_aclk (IN)
                         net (fo=0)                   0.000    10.000    s_axi_aclk
    U7                   IBUF (Prop_ibuf_I_O)         0.924    10.924 r  s_axi_aclk_IBUF_inst/O
                         net (fo=1, routed)           1.972    12.896    s_axi_aclk_IBUF
    BUFGCTRL_X0Y0        BUFG (Prop_bufg_I_O)         0.091    12.987 r  s_axi_aclk_IBUF_BUFG_inst/O
                         net (fo=1465, routed)        1.564    14.551    weight_sram_instance/s_axi_aclk_IBUF_BUFG
    SLICE_X28Y12         FDRE                                         r  weight_sram_instance/read_data_reg[26]/C
                         clock pessimism              0.357    14.909    
                         clock uncertainty           -0.035    14.874    
    SLICE_X28Y12         FDRE (Setup_fdre_C_D)        0.032    14.906    weight_sram_instance/read_data_reg[26]
  -------------------------------------------------------------------
                         required time                         14.906    
                         arrival time                         -20.186    
  -------------------------------------------------------------------
                         slack                                 -5.280    

Slack (VIOLATED) :        -5.251ns  (required time - arrival time)
  Source:                 systolic_controller_instance/cycle_count_reg[5]/C
                            (rising edge-triggered cell FDCE clocked by s_axi_aclk  {rise@0.000ns fall@5.000ns period=10.000ns})
  Destination:            weight_sram_instance/read_data_reg[29]/D
                            (rising edge-triggered cell FDRE clocked by s_axi_aclk  {rise@0.000ns fall@5.000ns period=10.000ns})
  Path Group:             s_axi_aclk
  Path Type:              Setup (Max at Slow Process Corner)
  Requirement:            10.000ns  (s_axi_aclk rise@10.000ns - s_axi_aclk rise@0.000ns)
  Data Path Delay:        15.202ns  (logic 5.496ns (36.154%)  route 9.706ns (63.846%))
  Logic Levels:           17  (CARRY4=3 DSP48E1=1 LUT6=8 MUXF7=3 MUXF8=2)
  Clock Path Skew:        -0.045ns (DCD - SCD + CPR)
    Destination Clock Delay (DCD):    4.641ns = ( 14.641 - 10.000 ) 
    Source Clock Delay      (SCD):    5.043ns
    Clock Pessimism Removal (CPR):    0.357ns
  Clock Uncertainty:      0.035ns  ((TSJ^2 + TIJ^2)^1/2 + DJ) / 2 + PE
    Total System Jitter     (TSJ):    0.071ns
    Total Input Jitter      (TIJ):    0.000ns
    Discrete Jitter          (DJ):    0.000ns
    Phase Error              (PE):    0.000ns

    Location             Delay type                Incr(ns)  Path(ns)    Netlist Resource(s)
  -------------------------------------------------------------------    -------------------
                         (clock s_axi_aclk rise edge)
                                                      0.000     0.000 r  
    U7                                                0.000     0.000 r  s_axi_aclk (IN)
                         net (fo=0)                   0.000     0.000    s_axi_aclk
    U7                   IBUF (Prop_ibuf_I_O)         1.058     1.058 r  s_axi_aclk_IBUF_inst/O
                         net (fo=1, routed)           2.171     3.229    s_axi_aclk_IBUF
    BUFGCTRL_X0Y0        BUFG (Prop_bufg_I_O)         0.101     3.330 r  s_axi_aclk_IBUF_BUFG_inst/O
                         net (fo=1465, routed)        1.713     5.043    systolic_controller_instance/s_axi_aclk_IBUF_BUFG
    SLICE_X55Y19         FDCE                                         r  systolic_controller_instance/cycle_count_reg[5]/C
  -------------------------------------------------------------------    -------------------
    SLICE_X55Y19         FDCE (Prop_fdce_C_Q)         0.456     5.499 r  systolic_controller_instance/cycle_count_reg[5]/Q
                         net (fo=70, routed)          1.125     6.625    systolic_controller_instance/cycle_count_reg_n_0_[5]
    SLICE_X52Y20         LUT6 (Prop_lut6_I1_O)        0.124     6.749 r  systolic_controller_instance/consumed_feature_count_3[8]_i_3/O
                         net (fo=20, routed)          1.079     7.828    systolic_controller_instance/consumed_feature_count_3[8]_i_3_n_0
    SLICE_X45Y17         LUT6 (Prop_lut6_I0_O)        0.124     7.952 r  systolic_controller_instance/read_valid[3]_i_18/O
                         net (fo=1, routed)           0.000     7.952    systolic_controller_instance/read_valid[3]_i_18_n_0
    SLICE_X45Y17         CARRY4 (Prop_carry4_S[0]_CO[3])
                                                      0.532     8.484 r  systolic_controller_instance/read_valid_reg[3]_i_8/CO[3]
                         net (fo=1, routed)           0.000     8.484    systolic_controller_instance/read_valid_reg[3]_i_8_n_0
    SLICE_X45Y18         CARRY4 (Prop_carry4_CI_CO[3])
                                                      0.114     8.598 r  systolic_controller_instance/read_valid_reg[3]_i_3/CO[3]
                         net (fo=1, routed)           0.000     8.598    systolic_controller_instance/read_valid_reg[3]_i_3_n_0
    SLICE_X45Y19         CARRY4 (Prop_carry4_CI_CO[3])
                                                      0.114     8.712 r  systolic_controller_instance/read_valid_reg[3]_i_2/CO[3]
                         net (fo=4, routed)           0.983     9.694    systolic_controller_instance/operand_read_address24_in
    SLICE_X44Y19         LUT6 (Prop_lut6_I4_O)        0.124     9.818 r  systolic_controller_instance/read_valid[3]_i_1/O
                         net (fo=38, routed)          0.589    10.407    systolic_controller_instance/cycle_count_reg[2]_0[3]
    SLICE_X38Y16         LUT6 (Prop_lut6_I0_O)        0.124    10.531 r  systolic_controller_instance/read_data1__2_i_9/O
                         net (fo=8, routed)           1.281    11.811    weight_sram_instance/operand_read_address[34]
    DSP48_X1Y6           DSP48E1 (Prop_dsp48e1_C[4]_P[2])
                                                      1.820    13.631 r  weight_sram_instance/read_data1__2/P[2]
                         net (fo=2410, routed)        2.246    15.878    weight_sram_instance/read_data1__2_n_103
    SLICE_X1Y11          LUT6 (Prop_lut6_I2_O)        0.124    16.002 r  weight_sram_instance/g105_b5__2/O
                         net (fo=1, routed)           0.000    16.002    weight_sram_instance/g105_b5__2_n_0
    SLICE_X1Y11          MUXF7 (Prop_muxf7_I1_O)      0.245    16.247 r  weight_sram_instance/read_data_reg[29]_i_274/O
                         net (fo=1, routed)           0.000    16.247    weight_sram_instance/read_data_reg[29]_i_274_n_0
    SLICE_X1Y11          MUXF8 (Prop_muxf8_I0_O)      0.104    16.351 r  weight_sram_instance/read_data_reg[29]_i_207/O
                         net (fo=1, routed)           0.808    17.159    weight_sram_instance/read_data_reg[29]_i_207_n_0
    SLICE_X0Y10          LUT6 (Prop_lut6_I5_O)        0.316    17.475 r  weight_sram_instance/read_data[29]_i_130/O
                         net (fo=1, routed)           0.000    17.475    weight_sram_instance/read_data[29]_i_130_n_0
    SLICE_X0Y10          MUXF7 (Prop_muxf7_I1_O)      0.214    17.689 r  weight_sram_instance/read_data_reg[29]_i_58/O
                         net (fo=1, routed)           1.092    18.781    weight_sram_instance/read_data_reg[29]_i_58_n_0
    SLICE_X6Y8           LUT6 (Prop_lut6_I1_O)        0.297    19.078 r  weight_sram_instance/read_data[29]_i_21/O
                         net (fo=1, routed)           0.000    19.078    weight_sram_instance/read_data[29]_i_21_n_0
    SLICE_X6Y8           MUXF7 (Prop_muxf7_I1_O)      0.247    19.325 r  weight_sram_instance/read_data_reg[29]_i_7/O
                         net (fo=1, routed)           0.000    19.325    weight_sram_instance/read_data_reg[29]_i_7_n_0
    SLICE_X6Y8           MUXF8 (Prop_muxf8_I0_O)      0.098    19.423 r  weight_sram_instance/read_data_reg[29]_i_3/O
                         net (fo=1, routed)           0.504    19.926    weight_sram_instance/read_data_reg[29]_i_3_n_0
    SLICE_X7Y8           LUT6 (Prop_lut6_I4_O)        0.319    20.245 r  weight_sram_instance/read_data[29]_i_1/O
                         net (fo=1, routed)           0.000    20.245    weight_sram_instance/p_14_out[29]
    SLICE_X7Y8           FDRE                                         r  weight_sram_instance/read_data_reg[29]/D
  -------------------------------------------------------------------    -------------------

                         (clock s_axi_aclk rise edge)
                                                     10.000    10.000 r  
    U7                                                0.000    10.000 r  s_axi_aclk (IN)
                         net (fo=0)                   0.000    10.000    s_axi_aclk
    U7                   IBUF (Prop_ibuf_I_O)         0.924    10.924 r  s_axi_aclk_IBUF_inst/O
                         net (fo=1, routed)           1.972    12.896    s_axi_aclk_IBUF
    BUFGCTRL_X0Y0        BUFG (Prop_bufg_I_O)         0.091    12.987 r  s_axi_aclk_IBUF_BUFG_inst/O
                         net (fo=1465, routed)        1.654    14.641    weight_sram_instance/s_axi_aclk_IBUF_BUFG
    SLICE_X7Y8           FDRE                                         r  weight_sram_instance/read_data_reg[29]/C
                         clock pessimism              0.357    14.999    
                         clock uncertainty           -0.035    14.964    
    SLICE_X7Y8           FDRE (Setup_fdre_C_D)        0.031    14.995    weight_sram_instance/read_data_reg[29]
  -------------------------------------------------------------------
                         required time                         14.995    
                         arrival time                         -20.245    
  -------------------------------------------------------------------
                         slack                                 -5.251    

Slack (VIOLATED) :        -5.229ns  (required time - arrival time)
  Source:                 systolic_controller_instance/cycle_count_reg[4]/C
                            (rising edge-triggered cell FDCE clocked by s_axi_aclk  {rise@0.000ns fall@5.000ns period=10.000ns})
  Destination:            weight_sram_instance/read_data_reg[15]/D
                            (rising edge-triggered cell FDRE clocked by s_axi_aclk  {rise@0.000ns fall@5.000ns period=10.000ns})
  Path Group:             s_axi_aclk
  Path Type:              Setup (Max at Slow Process Corner)
  Requirement:            10.000ns  (s_axi_aclk rise@10.000ns - s_axi_aclk rise@0.000ns)
  Data Path Delay:        15.187ns  (logic 5.671ns (37.341%)  route 9.516ns (62.659%))
  Logic Levels:           18  (CARRY4=3 DSP48E1=1 LUT3=1 LUT5=2 LUT6=6 MUXF7=3 MUXF8=2)
  Clock Path Skew:        -0.039ns (DCD - SCD + CPR)
    Destination Clock Delay (DCD):    4.546ns = ( 14.546 - 10.000 ) 
    Source Clock Delay      (SCD):    5.043ns
    Clock Pessimism Removal (CPR):    0.458ns
  Clock Uncertainty:      0.035ns  ((TSJ^2 + TIJ^2)^1/2 + DJ) / 2 + PE
    Total System Jitter     (TSJ):    0.071ns
    Total Input Jitter      (TIJ):    0.000ns
    Discrete Jitter          (DJ):    0.000ns
    Phase Error              (PE):    0.000ns

    Location             Delay type                Incr(ns)  Path(ns)    Netlist Resource(s)
  -------------------------------------------------------------------    -------------------
                         (clock s_axi_aclk rise edge)
                                                      0.000     0.000 r  
    U7                                                0.000     0.000 r  s_axi_aclk (IN)
                         net (fo=0)                   0.000     0.000    s_axi_aclk
    U7                   IBUF (Prop_ibuf_I_O)         1.058     1.058 r  s_axi_aclk_IBUF_inst/O
                         net (fo=1, routed)           2.171     3.229    s_axi_aclk_IBUF
    BUFGCTRL_X0Y0        BUFG (Prop_bufg_I_O)         0.101     3.330 r  s_axi_aclk_IBUF_BUFG_inst/O
                         net (fo=1465, routed)        1.713     5.043    systolic_controller_instance/s_axi_aclk_IBUF_BUFG
    SLICE_X54Y19         FDCE                                         r  systolic_controller_instance/cycle_count_reg[4]/C
  -------------------------------------------------------------------    -------------------
    SLICE_X54Y19         FDCE (Prop_fdce_C_Q)         0.518     5.561 r  systolic_controller_instance/cycle_count_reg[4]/Q
                         net (fo=74, routed)          1.068     6.630    systolic_controller_instance/cycle_count_reg_n_0_[4]
    SLICE_X59Y22         LUT5 (Prop_lut5_I4_O)        0.124     6.754 r  systolic_controller_instance/consumed_feature_count_1[7]_i_3/O
                         net (fo=8, routed)           0.161     6.914    systolic_controller_instance/consumed_feature_count_1[7]_i_3_n_0
    SLICE_X59Y22         LUT3 (Prop_lut3_I2_O)        0.124     7.038 r  systolic_controller_instance/consumed_feature_count_1[10]_i_3/O
                         net (fo=24, routed)          0.191     7.230    systolic_controller_instance/consumed_feature_count_1[10]_i_3_n_0
    SLICE_X59Y22         LUT6 (Prop_lut6_I3_O)        0.124     7.354 r  systolic_controller_instance/read_valid[1]_i_14/O
                         net (fo=1, routed)           0.478     7.832    systolic_controller_instance/read_valid[1]_i_14_n_0
    SLICE_X60Y22         CARRY4 (Prop_carry4_DI[0]_CO[3])
                                                      0.526     8.358 r  systolic_controller_instance/read_valid_reg[1]_i_8/CO[3]
                         net (fo=1, routed)           0.000     8.358    systolic_controller_instance/read_valid_reg[1]_i_8_n_0
    SLICE_X60Y23         CARRY4 (Prop_carry4_CI_CO[3])
                                                      0.114     8.472 r  systolic_controller_instance/read_valid_reg[1]_i_3/CO[3]
                         net (fo=1, routed)           0.000     8.472    systolic_controller_instance/read_valid_reg[1]_i_3_n_0
    SLICE_X60Y24         CARRY4 (Prop_carry4_CI_CO[3])
                                                      0.114     8.586 r  systolic_controller_instance/read_valid_reg[1]_i_2/CO[3]
                         net (fo=4, routed)           0.633     9.219    systolic_controller_instance/operand_read_address2
    SLICE_X63Y24         LUT6 (Prop_lut6_I4_O)        0.124     9.343 r  systolic_controller_instance/read_valid[1]_i_1/O
                         net (fo=35, routed)          0.783    10.125    systolic_controller_instance/cycle_count_reg[2]_0[1]
    SLICE_X68Y24         LUT5 (Prop_lut5_I0_O)        0.124    10.249 r  systolic_controller_instance/read_data1__0_i_13/O
                         net (fo=8, routed)           1.244    11.494    weight_sram_instance/operand_read_address[13]
    DSP48_X3Y12          DSP48E1 (Prop_dsp48e1_C[3]_P[1])
                                                      1.820    13.314 r  weight_sram_instance/read_data1__0/P[1]
                         net (fo=2400, routed)        2.615    15.929    weight_sram_instance/read_data1__0_n_104
    SLICE_X64Y35         LUT6 (Prop_lut6_I1_O)        0.124    16.053 r  weight_sram_instance/g79_b6__0/O
                         net (fo=1, routed)           0.000    16.053    weight_sram_instance/g79_b6__0_n_0
    SLICE_X64Y35         MUXF7 (Prop_muxf7_I1_O)      0.217    16.270 r  weight_sram_instance/read_data_reg[15]_i_272/O
                         net (fo=1, routed)           0.000    16.270    weight_sram_instance/read_data_reg[15]_i_272_n_0
    SLICE_X64Y35         MUXF8 (Prop_muxf8_I1_O)      0.094    16.364 r  weight_sram_instance/read_data_reg[15]_i_210/O
                         net (fo=1, routed)           0.571    16.936    weight_sram_instance/read_data_reg[15]_i_210_n_0
    SLICE_X67Y35         LUT6 (Prop_lut6_I0_O)        0.316    17.252 r  weight_sram_instance/read_data[15]_i_125/O
                         net (fo=1, routed)           0.000    17.252    weight_sram_instance/read_data[15]_i_125_n_0
    SLICE_X67Y35         MUXF7 (Prop_muxf7_I1_O)      0.245    17.497 r  weight_sram_instance/read_data_reg[15]_i_52/O
                         net (fo=1, routed)           0.946    18.442    weight_sram_instance/read_data_reg[15]_i_52_n_0
    SLICE_X74Y35         LUT6 (Prop_lut6_I5_O)        0.298    18.740 r  weight_sram_instance/read_data[15]_i_19/O
                         net (fo=1, routed)           0.000    18.740    weight_sram_instance/read_data[15]_i_19_n_0
    SLICE_X74Y35         MUXF7 (Prop_muxf7_I1_O)      0.245    18.985 r  weight_sram_instance/read_data_reg[15]_i_7/O
                         net (fo=1, routed)           0.000    18.985    weight_sram_instance/read_data_reg[15]_i_7_n_0
    SLICE_X74Y35         MUXF8 (Prop_muxf8_I0_O)      0.104    19.089 r  weight_sram_instance/read_data_reg[15]_i_3/O
                         net (fo=2, routed)           0.825    19.914    weight_sram_instance/read_data_reg[15]_i_3_n_0
    SLICE_X85Y43         LUT6 (Prop_lut6_I4_O)        0.316    20.230 r  weight_sram_instance/read_data[15]_i_1/O
                         net (fo=1, routed)           0.000    20.230    weight_sram_instance/p_14_out[15]
    SLICE_X85Y43         FDRE                                         r  weight_sram_instance/read_data_reg[15]/D
  -------------------------------------------------------------------    -------------------

                         (clock s_axi_aclk rise edge)
                                                     10.000    10.000 r  
    U7                                                0.000    10.000 r  s_axi_aclk (IN)
                         net (fo=0)                   0.000    10.000    s_axi_aclk
    U7                   IBUF (Prop_ibuf_I_O)         0.924    10.924 r  s_axi_aclk_IBUF_inst/O
                         net (fo=1, routed)           1.972    12.896    s_axi_aclk_IBUF
    BUFGCTRL_X0Y0        BUFG (Prop_bufg_I_O)         0.091    12.987 r  s_axi_aclk_IBUF_BUFG_inst/O
                         net (fo=1465, routed)        1.559    14.546    weight_sram_instance/s_axi_aclk_IBUF_BUFG
    SLICE_X85Y43         FDRE                                         r  weight_sram_instance/read_data_reg[15]/C
                         clock pessimism              0.458    15.004    
                         clock uncertainty           -0.035    14.969    
    SLICE_X85Y43         FDRE (Setup_fdre_C_D)        0.032    15.001    weight_sram_instance/read_data_reg[15]
  -------------------------------------------------------------------
                         required time                         15.001    
                         arrival time                         -20.230    
  -------------------------------------------------------------------
                         slack                                 -5.229    

Slack (VIOLATED) :        -5.221ns  (required time - arrival time)
  Source:                 systolic_controller_instance/cycle_count_reg[5]/C
                            (rising edge-triggered cell FDCE clocked by s_axi_aclk  {rise@0.000ns fall@5.000ns period=10.000ns})
  Destination:            weight_sram_instance/read_data_reg[27]/D
                            (rising edge-triggered cell FDRE clocked by s_axi_aclk  {rise@0.000ns fall@5.000ns period=10.000ns})
  Path Group:             s_axi_aclk
  Path Type:              Setup (Max at Slow Process Corner)
  Requirement:            10.000ns  (s_axi_aclk rise@10.000ns - s_axi_aclk rise@0.000ns)
  Data Path Delay:        15.141ns  (logic 5.066ns (33.458%)  route 10.075ns (66.542%))
  Logic Levels:           16  (CARRY4=3 DSP48E1=1 LUT6=8 MUXF7=2 MUXF8=2)
  Clock Path Skew:        -0.124ns (DCD - SCD + CPR)
    Destination Clock Delay (DCD):    4.562ns = ( 14.562 - 10.000 ) 
    Source Clock Delay      (SCD):    5.043ns
    Clock Pessimism Removal (CPR):    0.357ns
  Clock Uncertainty:      0.035ns  ((TSJ^2 + TIJ^2)^1/2 + DJ) / 2 + PE
    Total System Jitter     (TSJ):    0.071ns
    Total Input Jitter      (TIJ):    0.000ns
    Discrete Jitter          (DJ):    0.000ns
    Phase Error              (PE):    0.000ns

    Location             Delay type                Incr(ns)  Path(ns)    Netlist Resource(s)
  -------------------------------------------------------------------    -------------------
                         (clock s_axi_aclk rise edge)
                                                      0.000     0.000 r  
    U7                                                0.000     0.000 r  s_axi_aclk (IN)
                         net (fo=0)                   0.000     0.000    s_axi_aclk
    U7                   IBUF (Prop_ibuf_I_O)         1.058     1.058 r  s_axi_aclk_IBUF_inst/O
                         net (fo=1, routed)           2.171     3.229    s_axi_aclk_IBUF
    BUFGCTRL_X0Y0        BUFG (Prop_bufg_I_O)         0.101     3.330 r  s_axi_aclk_IBUF_BUFG_inst/O
                         net (fo=1465, routed)        1.713     5.043    systolic_controller_instance/s_axi_aclk_IBUF_BUFG
    SLICE_X55Y19         FDCE                                         r  systolic_controller_instance/cycle_count_reg[5]/C
  -------------------------------------------------------------------    -------------------
    SLICE_X55Y19         FDCE (Prop_fdce_C_Q)         0.456     5.499 r  systolic_controller_instance/cycle_count_reg[5]/Q
                         net (fo=70, routed)          1.125     6.625    systolic_controller_instance/cycle_count_reg_n_0_[5]
    SLICE_X52Y20         LUT6 (Prop_lut6_I1_O)        0.124     6.749 r  systolic_controller_instance/consumed_feature_count_3[8]_i_3/O
                         net (fo=20, routed)          1.079     7.828    systolic_controller_instance/consumed_feature_count_3[8]_i_3_n_0
    SLICE_X45Y17         LUT6 (Prop_lut6_I0_O)        0.124     7.952 r  systolic_controller_instance/read_valid[3]_i_18/O
                         net (fo=1, routed)           0.000     7.952    systolic_controller_instance/read_valid[3]_i_18_n_0
    SLICE_X45Y17         CARRY4 (Prop_carry4_S[0]_CO[3])
                                                      0.532     8.484 r  systolic_controller_instance/read_valid_reg[3]_i_8/CO[3]
                         net (fo=1, routed)           0.000     8.484    systolic_controller_instance/read_valid_reg[3]_i_8_n_0
    SLICE_X45Y18         CARRY4 (Prop_carry4_CI_CO[3])
                                                      0.114     8.598 r  systolic_controller_instance/read_valid_reg[3]_i_3/CO[3]
                         net (fo=1, routed)           0.000     8.598    systolic_controller_instance/read_valid_reg[3]_i_3_n_0
    SLICE_X45Y19         CARRY4 (Prop_carry4_CI_CO[3])
                                                      0.114     8.712 r  systolic_controller_instance/read_valid_reg[3]_i_2/CO[3]
                         net (fo=4, routed)           0.983     9.694    systolic_controller_instance/operand_read_address24_in
    SLICE_X44Y19         LUT6 (Prop_lut6_I4_O)        0.124     9.818 r  systolic_controller_instance/read_valid[3]_i_1/O
                         net (fo=38, routed)          0.589    10.407    systolic_controller_instance/cycle_count_reg[2]_0[3]
    SLICE_X38Y16         LUT6 (Prop_lut6_I0_O)        0.124    10.531 r  systolic_controller_instance/read_data1__2_i_9/O
                         net (fo=8, routed)           1.281    11.811    weight_sram_instance/operand_read_address[34]
    DSP48_X1Y6           DSP48E1 (Prop_dsp48e1_C[4]_P[0])
                                                      1.820    13.631 r  weight_sram_instance/read_data1__2/P[0]
                         net (fo=2401, routed)        2.382    16.013    weight_sram_instance/read_data1__2_n_105
    SLICE_X1Y14          LUT6 (Prop_lut6_I0_O)        0.124    16.137 r  weight_sram_instance/g201_b3__2/O
                         net (fo=1, routed)           0.000    16.137    weight_sram_instance/g201_b3__2_n_0
    SLICE_X1Y14          MUXF7 (Prop_muxf7_I1_O)      0.245    16.382 r  weight_sram_instance/read_data_reg[27]_i_254/O
                         net (fo=1, routed)           0.000    16.382    weight_sram_instance/read_data_reg[27]_i_254_n_0
    SLICE_X1Y14          MUXF8 (Prop_muxf8_I0_O)      0.104    16.486 r  weight_sram_instance/read_data_reg[27]_i_142/O
                         net (fo=1, routed)           1.094    17.580    weight_sram_instance/read_data_reg[27]_i_142_n_0
    SLICE_X7Y14          LUT6 (Prop_lut6_I1_O)        0.316    17.896 r  weight_sram_instance/read_data[27]_i_61/O
                         net (fo=1, routed)           0.821    18.717    weight_sram_instance/read_data[27]_i_61_n_0
    SLICE_X6Y15          LUT6 (Prop_lut6_I5_O)        0.124    18.841 r  weight_sram_instance/read_data[27]_i_22/O
                         net (fo=1, routed)           0.000    18.841    weight_sram_instance/read_data[27]_i_22_n_0
    SLICE_X6Y15          MUXF7 (Prop_muxf7_I1_O)      0.214    19.055 r  weight_sram_instance/read_data_reg[27]_i_8/O
                         net (fo=1, routed)           0.000    19.055    weight_sram_instance/read_data_reg[27]_i_8_n_0
    SLICE_X6Y15          MUXF8 (Prop_muxf8_I1_O)      0.088    19.143 r  weight_sram_instance/read_data_reg[27]_i_3/O
                         net (fo=1, routed)           0.723    19.866    weight_sram_instance/read_data_reg[27]_i_3_n_0
    SLICE_X8Y10          LUT6 (Prop_lut6_I4_O)        0.319    20.185 r  weight_sram_instance/read_data[27]_i_1/O
                         net (fo=1, routed)           0.000    20.185    weight_sram_instance/p_14_out[27]
    SLICE_X8Y10          FDRE                                         r  weight_sram_instance/read_data_reg[27]/D
  -------------------------------------------------------------------    -------------------

                         (clock s_axi_aclk rise edge)
                                                     10.000    10.000 r  
    U7                                                0.000    10.000 r  s_axi_aclk (IN)
                         net (fo=0)                   0.000    10.000    s_axi_aclk
    U7                   IBUF (Prop_ibuf_I_O)         0.924    10.924 r  s_axi_aclk_IBUF_inst/O
                         net (fo=1, routed)           1.972    12.896    s_axi_aclk_IBUF
    BUFGCTRL_X0Y0        BUFG (Prop_bufg_I_O)         0.091    12.987 r  s_axi_aclk_IBUF_BUFG_inst/O
                         net (fo=1465, routed)        1.575    14.562    weight_sram_instance/s_axi_aclk_IBUF_BUFG
    SLICE_X8Y10          FDRE                                         r  weight_sram_instance/read_data_reg[27]/C
                         clock pessimism              0.357    14.920    
                         clock uncertainty           -0.035    14.885    
    SLICE_X8Y10          FDRE (Setup_fdre_C_D)        0.079    14.964    weight_sram_instance/read_data_reg[27]
  -------------------------------------------------------------------
                         required time                         14.964    
                         arrival time                         -20.185    
  -------------------------------------------------------------------
                         slack                                 -5.221    

Slack (VIOLATED) :        -5.198ns  (required time - arrival time)
  Source:                 systolic_controller_instance/cycle_count_reg[5]/C
                            (rising edge-triggered cell FDCE clocked by s_axi_aclk  {rise@0.000ns fall@5.000ns period=10.000ns})
  Destination:            weight_sram_instance/read_data_reg[28]/D
                            (rising edge-triggered cell FDRE clocked by s_axi_aclk  {rise@0.000ns fall@5.000ns period=10.000ns})
  Path Group:             s_axi_aclk
  Path Type:              Setup (Max at Slow Process Corner)
  Requirement:            10.000ns  (s_axi_aclk rise@10.000ns - s_axi_aclk rise@0.000ns)
  Data Path Delay:        15.068ns  (logic 5.285ns (35.075%)  route 9.783ns (64.925%))
  Logic Levels:           15  (CARRY4=3 DSP48E1=1 LUT5=1 LUT6=7 MUXF7=3)
  Clock Path Skew:        -0.127ns (DCD - SCD + CPR)
    Destination Clock Delay (DCD):    4.559ns = ( 14.559 - 10.000 ) 
    Source Clock Delay      (SCD):    5.043ns
    Clock Pessimism Removal (CPR):    0.357ns
  Clock Uncertainty:      0.035ns  ((TSJ^2 + TIJ^2)^1/2 + DJ) / 2 + PE
    Total System Jitter     (TSJ):    0.071ns
    Total Input Jitter      (TIJ):    0.000ns
    Discrete Jitter          (DJ):    0.000ns
    Phase Error              (PE):    0.000ns

    Location             Delay type                Incr(ns)  Path(ns)    Netlist Resource(s)
  -------------------------------------------------------------------    -------------------
                         (clock s_axi_aclk rise edge)
                                                      0.000     0.000 r  
    U7                                                0.000     0.000 r  s_axi_aclk (IN)
                         net (fo=0)                   0.000     0.000    s_axi_aclk
    U7                   IBUF (Prop_ibuf_I_O)         1.058     1.058 r  s_axi_aclk_IBUF_inst/O
                         net (fo=1, routed)           2.171     3.229    s_axi_aclk_IBUF
    BUFGCTRL_X0Y0        BUFG (Prop_bufg_I_O)         0.101     3.330 r  s_axi_aclk_IBUF_BUFG_inst/O
                         net (fo=1465, routed)        1.713     5.043    systolic_controller_instance/s_axi_aclk_IBUF_BUFG
    SLICE_X55Y19         FDCE                                         r  systolic_controller_instance/cycle_count_reg[5]/C
  -------------------------------------------------------------------    -------------------
    SLICE_X55Y19         FDCE (Prop_fdce_C_Q)         0.456     5.499 r  systolic_controller_instance/cycle_count_reg[5]/Q
                         net (fo=70, routed)          1.125     6.625    systolic_controller_instance/cycle_count_reg_n_0_[5]
    SLICE_X52Y20         LUT6 (Prop_lut6_I1_O)        0.124     6.749 r  systolic_controller_instance/consumed_feature_count_3[8]_i_3/O
                         net (fo=20, routed)          1.079     7.828    systolic_controller_instance/consumed_feature_count_3[8]_i_3_n_0
    SLICE_X45Y17         LUT6 (Prop_lut6_I0_O)        0.124     7.952 r  systolic_controller_instance/read_valid[3]_i_18/O
                         net (fo=1, routed)           0.000     7.952    systolic_controller_instance/read_valid[3]_i_18_n_0
    SLICE_X45Y17         CARRY4 (Prop_carry4_S[0]_CO[3])
                                                      0.532     8.484 r  systolic_controller_instance/read_valid_reg[3]_i_8/CO[3]
                         net (fo=1, routed)           0.000     8.484    systolic_controller_instance/read_valid_reg[3]_i_8_n_0
    SLICE_X45Y18         CARRY4 (Prop_carry4_CI_CO[3])
                                                      0.114     8.598 r  systolic_controller_instance/read_valid_reg[3]_i_3/CO[3]
                         net (fo=1, routed)           0.000     8.598    systolic_controller_instance/read_valid_reg[3]_i_3_n_0
    SLICE_X45Y19         CARRY4 (Prop_carry4_CI_CO[3])
                                                      0.114     8.712 r  systolic_controller_instance/read_valid_reg[3]_i_2/CO[3]
                         net (fo=4, routed)           0.983     9.694    systolic_controller_instance/operand_read_address24_in
    SLICE_X44Y19         LUT6 (Prop_lut6_I4_O)        0.124     9.818 r  systolic_controller_instance/read_valid[3]_i_1/O
                         net (fo=38, routed)          0.589    10.407    systolic_controller_instance/cycle_count_reg[2]_0[3]
    SLICE_X38Y16         LUT6 (Prop_lut6_I0_O)        0.124    10.531 r  systolic_controller_instance/read_data1__2_i_9/O
                         net (fo=8, routed)           1.281    11.811    weight_sram_instance/operand_read_address[34]
    DSP48_X1Y6           DSP48E1 (Prop_dsp48e1_C[4]_P[1])
                                                      1.820    13.631 r  weight_sram_instance/read_data1__2/P[1]
                         net (fo=2400, routed)        2.332    15.963    weight_sram_instance/read_data1__2_n_104
    SLICE_X6Y5           LUT6 (Prop_lut6_I1_O)        0.124    16.087 r  weight_sram_instance/g348_b4__2/O
                         net (fo=1, routed)           0.000    16.087    weight_sram_instance/g348_b4__2_n_0
    SLICE_X6Y5           MUXF7 (Prop_muxf7_I0_O)      0.241    16.328 r  weight_sram_instance/read_data_reg[28]_i_94/O
                         net (fo=1, routed)           0.802    17.130    weight_sram_instance/read_data_reg[28]_i_94_n_0
    SLICE_X6Y6           LUT6 (Prop_lut6_I1_O)        0.298    17.428 r  weight_sram_instance/read_data[28]_i_41/O
                         net (fo=1, routed)           0.000    17.428    weight_sram_instance/read_data[28]_i_41_n_0
    SLICE_X6Y6           MUXF7 (Prop_muxf7_I1_O)      0.247    17.675 r  weight_sram_instance/read_data_reg[28]_i_17/O
                         net (fo=1, routed)           0.800    18.475    weight_sram_instance/read_data_reg[28]_i_17_n_0
    SLICE_X10Y7          LUT5 (Prop_lut5_I2_O)        0.298    18.773 r  weight_sram_instance/read_data[28]_i_6/O
                         net (fo=1, routed)           0.000    18.773    weight_sram_instance/read_data[28]_i_6_n_0
    SLICE_X10Y7          MUXF7 (Prop_muxf7_I1_O)      0.247    19.020 r  weight_sram_instance/read_data_reg[28]_i_2/O
                         net (fo=1, routed)           0.793    19.813    weight_sram_instance/read_data_reg[28]_i_2_n_0
    SLICE_X17Y13         LUT6 (Prop_lut6_I1_O)        0.298    20.111 r  weight_sram_instance/read_data[28]_i_1/O
                         net (fo=1, routed)           0.000    20.111    weight_sram_instance/p_14_out[28]
    SLICE_X17Y13         FDRE                                         r  weight_sram_instance/read_data_reg[28]/D
  -------------------------------------------------------------------    -------------------

                         (clock s_axi_aclk rise edge)
                                                     10.000    10.000 r  
    U7                                                0.000    10.000 r  s_axi_aclk (IN)
                         net (fo=0)                   0.000    10.000    s_axi_aclk
    U7                   IBUF (Prop_ibuf_I_O)         0.924    10.924 r  s_axi_aclk_IBUF_inst/O
                         net (fo=1, routed)           1.972    12.896    s_axi_aclk_IBUF
    BUFGCTRL_X0Y0        BUFG (Prop_bufg_I_O)         0.091    12.987 r  s_axi_aclk_IBUF_BUFG_inst/O
                         net (fo=1465, routed)        1.572    14.559    weight_sram_instance/s_axi_aclk_IBUF_BUFG
    SLICE_X17Y13         FDRE                                         r  weight_sram_instance/read_data_reg[28]/C
                         clock pessimism              0.357    14.917    
                         clock uncertainty           -0.035    14.882    
    SLICE_X17Y13         FDRE (Setup_fdre_C_D)        0.032    14.914    weight_sram_instance/read_data_reg[28]
  -------------------------------------------------------------------
                         required time                         14.914    
                         arrival time                         -20.111    
  -------------------------------------------------------------------
                         slack                                 -5.198    

Slack (VIOLATED) :        -5.194ns  (required time - arrival time)
  Source:                 systolic_controller_instance/cycle_count_reg[5]/C
                            (rising edge-triggered cell FDCE clocked by s_axi_aclk  {rise@0.000ns fall@5.000ns period=10.000ns})
  Destination:            weight_sram_instance/read_data_reg[25]/D
                            (rising edge-triggered cell FDRE clocked by s_axi_aclk  {rise@0.000ns fall@5.000ns period=10.000ns})
  Path Group:             s_axi_aclk
  Path Type:              Setup (Max at Slow Process Corner)
  Requirement:            10.000ns  (s_axi_aclk rise@10.000ns - s_axi_aclk rise@0.000ns)
  Data Path Delay:        15.059ns  (logic 5.352ns (35.541%)  route 9.707ns (64.459%))
  Logic Levels:           16  (CARRY4=3 DSP48E1=1 LUT5=2 LUT6=7 MUXF7=3)
  Clock Path Skew:        -0.131ns (DCD - SCD + CPR)
    Destination Clock Delay (DCD):    4.555ns = ( 14.555 - 10.000 ) 
    Source Clock Delay      (SCD):    5.043ns
    Clock Pessimism Removal (CPR):    0.357ns
  Clock Uncertainty:      0.035ns  ((TSJ^2 + TIJ^2)^1/2 + DJ) / 2 + PE
    Total System Jitter     (TSJ):    0.071ns
    Total Input Jitter      (TIJ):    0.000ns
    Discrete Jitter          (DJ):    0.000ns
    Phase Error              (PE):    0.000ns

    Location             Delay type                Incr(ns)  Path(ns)    Netlist Resource(s)
  -------------------------------------------------------------------    -------------------
                         (clock s_axi_aclk rise edge)
                                                      0.000     0.000 r  
    U7                                                0.000     0.000 r  s_axi_aclk (IN)
                         net (fo=0)                   0.000     0.000    s_axi_aclk
    U7                   IBUF (Prop_ibuf_I_O)         1.058     1.058 r  s_axi_aclk_IBUF_inst/O
                         net (fo=1, routed)           2.171     3.229    s_axi_aclk_IBUF
    BUFGCTRL_X0Y0        BUFG (Prop_bufg_I_O)         0.101     3.330 r  s_axi_aclk_IBUF_BUFG_inst/O
                         net (fo=1465, routed)        1.713     5.043    systolic_controller_instance/s_axi_aclk_IBUF_BUFG
    SLICE_X55Y19         FDCE                                         r  systolic_controller_instance/cycle_count_reg[5]/C
  -------------------------------------------------------------------    -------------------
    SLICE_X55Y19         FDCE (Prop_fdce_C_Q)         0.456     5.499 r  systolic_controller_instance/cycle_count_reg[5]/Q
                         net (fo=70, routed)          1.125     6.625    systolic_controller_instance/cycle_count_reg_n_0_[5]
    SLICE_X52Y20         LUT6 (Prop_lut6_I1_O)        0.124     6.749 r  systolic_controller_instance/consumed_feature_count_3[8]_i_3/O
                         net (fo=20, routed)          1.079     7.828    systolic_controller_instance/consumed_feature_count_3[8]_i_3_n_0
    SLICE_X45Y17         LUT6 (Prop_lut6_I0_O)        0.124     7.952 r  systolic_controller_instance/read_valid[3]_i_18/O
                         net (fo=1, routed)           0.000     7.952    systolic_controller_instance/read_valid[3]_i_18_n_0
    SLICE_X45Y17         CARRY4 (Prop_carry4_S[0]_CO[3])
                                                      0.532     8.484 r  systolic_controller_instance/read_valid_reg[3]_i_8/CO[3]
                         net (fo=1, routed)           0.000     8.484    systolic_controller_instance/read_valid_reg[3]_i_8_n_0
    SLICE_X45Y18         CARRY4 (Prop_carry4_CI_CO[3])
                                                      0.114     8.598 r  systolic_controller_instance/read_valid_reg[3]_i_3/CO[3]
                         net (fo=1, routed)           0.000     8.598    systolic_controller_instance/read_valid_reg[3]_i_3_n_0
    SLICE_X45Y19         CARRY4 (Prop_carry4_CI_CO[3])
                                                      0.114     8.712 r  systolic_controller_instance/read_valid_reg[3]_i_2/CO[3]
                         net (fo=4, routed)           0.983     9.694    systolic_controller_instance/operand_read_address24_in
    SLICE_X44Y19         LUT6 (Prop_lut6_I4_O)        0.124     9.818 r  systolic_controller_instance/read_valid[3]_i_1/O
                         net (fo=38, routed)          0.589    10.407    systolic_controller_instance/cycle_count_reg[2]_0[3]
    SLICE_X38Y16         LUT6 (Prop_lut6_I0_O)        0.124    10.531 r  systolic_controller_instance/read_data1__2_i_9/O
                         net (fo=8, routed)           1.281    11.811    weight_sram_instance/operand_read_address[34]
    DSP48_X1Y6           DSP48E1 (Prop_dsp48e1_C[4]_P[2])
                                                      1.820    13.631 r  weight_sram_instance/read_data1__2/P[2]
                         net (fo=2410, routed)        1.978    15.609    weight_sram_instance/read_data1__2_n_103
    SLICE_X23Y6          LUT6 (Prop_lut6_I2_O)        0.124    15.733 r  weight_sram_instance/g101_b1__2/O
                         net (fo=1, routed)           0.000    15.733    weight_sram_instance/g101_b1__2_n_0
    SLICE_X23Y6          MUXF7 (Prop_muxf7_I1_O)      0.217    15.950 r  weight_sram_instance/read_data_reg[25]_i_238/O
                         net (fo=1, routed)           1.032    16.982    weight_sram_instance/read_data_reg[25]_i_238_n_0
    SLICE_X25Y5          LUT6 (Prop_lut6_I1_O)        0.299    17.281 r  weight_sram_instance/read_data[25]_i_104/O
                         net (fo=1, routed)           0.000    17.281    weight_sram_instance/read_data[25]_i_104_n_0
    SLICE_X25Y5          MUXF7 (Prop_muxf7_I0_O)      0.212    17.493 r  weight_sram_instance/read_data_reg[25]_i_47/O
                         net (fo=1, routed)           0.829    18.322    weight_sram_instance/read_data_reg[25]_i_47_n_0
    SLICE_X22Y6          LUT6 (Prop_lut6_I1_O)        0.299    18.621 r  weight_sram_instance/read_data[25]_i_18/O
                         net (fo=1, routed)           0.000    18.621    weight_sram_instance/read_data[25]_i_18_n_0
    SLICE_X22Y6          MUXF7 (Prop_muxf7_I1_O)      0.247    18.868 r  weight_sram_instance/read_data_reg[25]_i_7/O
                         net (fo=1, routed)           0.523    19.391    weight_sram_instance/read_data_reg[25]_i_7_n_0
    SLICE_X25Y7          LUT5 (Prop_lut5_I4_O)        0.298    19.689 r  weight_sram_instance/read_data[25]_i_2/O
                         net (fo=1, routed)           0.289    19.978    weight_sram_instance/read_data[25]_i_2_n_0
    SLICE_X25Y8          LUT5 (Prop_lut5_I0_O)        0.124    20.102 r  weight_sram_instance/read_data[25]_i_1/O
                         net (fo=1, routed)           0.000    20.102    weight_sram_instance/p_14_out[25]
    SLICE_X25Y8          FDRE                                         r  weight_sram_instance/read_data_reg[25]/D
  -------------------------------------------------------------------    -------------------

                         (clock s_axi_aclk rise edge)
                                                     10.000    10.000 r  
    U7                                                0.000    10.000 r  s_axi_aclk (IN)
                         net (fo=0)                   0.000    10.000    s_axi_aclk
    U7                   IBUF (Prop_ibuf_I_O)         0.924    10.924 r  s_axi_aclk_IBUF_inst/O
                         net (fo=1, routed)           1.972    12.896    s_axi_aclk_IBUF
    BUFGCTRL_X0Y0        BUFG (Prop_bufg_I_O)         0.091    12.987 r  s_axi_aclk_IBUF_BUFG_inst/O
                         net (fo=1465, routed)        1.568    14.555    weight_sram_instance/s_axi_aclk_IBUF_BUFG
    SLICE_X25Y8          FDRE                                         r  weight_sram_instance/read_data_reg[25]/C
                         clock pessimism              0.357    14.913    
                         clock uncertainty           -0.035    14.878    
    SLICE_X25Y8          FDRE (Setup_fdre_C_D)        0.031    14.909    weight_sram_instance/read_data_reg[25]
  -------------------------------------------------------------------
                         required time                         14.909    
                         arrival time                         -20.102    
  -------------------------------------------------------------------
                         slack                                 -5.194    

Slack (VIOLATED) :        -5.086ns  (required time - arrival time)
  Source:                 systolic_controller_instance/cycle_count_reg[4]/C
                            (rising edge-triggered cell FDCE clocked by s_axi_aclk  {rise@0.000ns fall@5.000ns period=10.000ns})
  Destination:            weight_sram_instance/read_data_reg[9]/D
                            (rising edge-triggered cell FDRE clocked by s_axi_aclk  {rise@0.000ns fall@5.000ns period=10.000ns})
  Path Group:             s_axi_aclk
  Path Type:              Setup (Max at Slow Process Corner)
  Requirement:            10.000ns  (s_axi_aclk rise@10.000ns - s_axi_aclk rise@0.000ns)
  Data Path Delay:        15.027ns  (logic 5.532ns (36.814%)  route 9.495ns (63.186%))
  Logic Levels:           17  (CARRY4=3 DSP48E1=1 LUT3=1 LUT5=4 LUT6=5 MUXF7=3)
  Clock Path Skew:        -0.055ns (DCD - SCD + CPR)
    Destination Clock Delay (DCD):    4.530ns = ( 14.530 - 10.000 ) 
    Source Clock Delay      (SCD):    5.043ns
    Clock Pessimism Removal (CPR):    0.458ns
  Clock Uncertainty:      0.035ns  ((TSJ^2 + TIJ^2)^1/2 + DJ) / 2 + PE
    Total System Jitter     (TSJ):    0.071ns
    Total Input Jitter      (TIJ):    0.000ns
    Discrete Jitter          (DJ):    0.000ns
    Phase Error              (PE):    0.000ns

    Location             Delay type                Incr(ns)  Path(ns)    Netlist Resource(s)
  -------------------------------------------------------------------    -------------------
                         (clock s_axi_aclk rise edge)
                                                      0.000     0.000 r  
    U7                                                0.000     0.000 r  s_axi_aclk (IN)
                         net (fo=0)                   0.000     0.000    s_axi_aclk
    U7                   IBUF (Prop_ibuf_I_O)         1.058     1.058 r  s_axi_aclk_IBUF_inst/O
                         net (fo=1, routed)           2.171     3.229    s_axi_aclk_IBUF
    BUFGCTRL_X0Y0        BUFG (Prop_bufg_I_O)         0.101     3.330 r  s_axi_aclk_IBUF_BUFG_inst/O
                         net (fo=1465, routed)        1.713     5.043    systolic_controller_instance/s_axi_aclk_IBUF_BUFG
    SLICE_X54Y19         FDCE                                         r  systolic_controller_instance/cycle_count_reg[4]/C
  -------------------------------------------------------------------    -------------------
    SLICE_X54Y19         FDCE (Prop_fdce_C_Q)         0.518     5.561 r  systolic_controller_instance/cycle_count_reg[4]/Q
                         net (fo=74, routed)          1.068     6.630    systolic_controller_instance/cycle_count_reg_n_0_[4]
    SLICE_X59Y22         LUT5 (Prop_lut5_I4_O)        0.124     6.754 r  systolic_controller_instance/consumed_feature_count_1[7]_i_3/O
                         net (fo=8, routed)           0.161     6.914    systolic_controller_instance/consumed_feature_count_1[7]_i_3_n_0
    SLICE_X59Y22         LUT3 (Prop_lut3_I2_O)        0.124     7.038 r  systolic_controller_instance/consumed_feature_count_1[10]_i_3/O
                         net (fo=24, routed)          0.191     7.230    systolic_controller_instance/consumed_feature_count_1[10]_i_3_n_0
    SLICE_X59Y22         LUT6 (Prop_lut6_I3_O)        0.124     7.354 r  systolic_controller_instance/read_valid[1]_i_14/O
                         net (fo=1, routed)           0.478     7.832    systolic_controller_instance/read_valid[1]_i_14_n_0
    SLICE_X60Y22         CARRY4 (Prop_carry4_DI[0]_CO[3])
                                                      0.526     8.358 r  systolic_controller_instance/read_valid_reg[1]_i_8/CO[3]
                         net (fo=1, routed)           0.000     8.358    systolic_controller_instance/read_valid_reg[1]_i_8_n_0
    SLICE_X60Y23         CARRY4 (Prop_carry4_CI_CO[3])
                                                      0.114     8.472 r  systolic_controller_instance/read_valid_reg[1]_i_3/CO[3]
                         net (fo=1, routed)           0.000     8.472    systolic_controller_instance/read_valid_reg[1]_i_3_n_0
    SLICE_X60Y24         CARRY4 (Prop_carry4_CI_CO[3])
                                                      0.114     8.586 r  systolic_controller_instance/read_valid_reg[1]_i_2/CO[3]
                         net (fo=4, routed)           0.633     9.219    systolic_controller_instance/operand_read_address2
    SLICE_X63Y24         LUT6 (Prop_lut6_I4_O)        0.124     9.343 r  systolic_controller_instance/read_valid[1]_i_1/O
                         net (fo=35, routed)          0.783    10.125    systolic_controller_instance/cycle_count_reg[2]_0[1]
    SLICE_X68Y24         LUT5 (Prop_lut5_I0_O)        0.124    10.249 r  systolic_controller_instance/read_data1__0_i_13/O
                         net (fo=8, routed)           1.244    11.494    weight_sram_instance/operand_read_address[13]
    DSP48_X3Y12          DSP48E1 (Prop_dsp48e1_C[3]_P[1])
                                                      1.820    13.314 r  weight_sram_instance/read_data1__0/P[1]
                         net (fo=2400, routed)        1.869    15.182    weight_sram_instance/read_data1__0_n_104
    SLICE_X90Y21         LUT6 (Prop_lut6_I1_O)        0.124    15.306 r  weight_sram_instance/g231_b1__0/O
                         net (fo=1, routed)           0.000    15.306    weight_sram_instance/g231_b1__0_n_0
    SLICE_X90Y21         MUXF7 (Prop_muxf7_I1_O)      0.247    15.553 r  weight_sram_instance/read_data_reg[9]_i_189/O
                         net (fo=1, routed)           1.177    16.731    weight_sram_instance/read_data_reg[9]_i_189_n_0
    SLICE_X89Y21         LUT6 (Prop_lut6_I0_O)        0.298    17.029 r  weight_sram_instance/read_data[9]_i_84/O
                         net (fo=1, routed)           0.000    17.029    weight_sram_instance/read_data[9]_i_84_n_0
    SLICE_X89Y21         MUXF7 (Prop_muxf7_I0_O)      0.212    17.241 r  weight_sram_instance/read_data_reg[9]_i_39/O
                         net (fo=1, routed)           1.109    18.350    weight_sram_instance/read_data_reg[9]_i_39_n_0
    SLICE_X81Y23         LUT6 (Prop_lut6_I1_O)        0.299    18.649 r  weight_sram_instance/read_data[9]_i_16/O
                         net (fo=1, routed)           0.000    18.649    weight_sram_instance/read_data[9]_i_16_n_0
    SLICE_X81Y23         MUXF7 (Prop_muxf7_I1_O)      0.217    18.866 r  weight_sram_instance/read_data_reg[9]_i_6/O
                         net (fo=1, routed)           0.351    19.217    weight_sram_instance/read_data_reg[9]_i_6_n_0
    SLICE_X80Y23         LUT5 (Prop_lut5_I2_O)        0.299    19.516 r  weight_sram_instance/read_data[9]_i_2/O
                         net (fo=1, routed)           0.430    19.946    weight_sram_instance/read_data[9]_i_2_n_0
    SLICE_X79Y23         LUT5 (Prop_lut5_I0_O)        0.124    20.070 r  weight_sram_instance/read_data[9]_i_1/O
                         net (fo=1, routed)           0.000    20.070    weight_sram_instance/p_14_out[9]
    SLICE_X79Y23         FDRE                                         r  weight_sram_instance/read_data_reg[9]/D
  -------------------------------------------------------------------    -------------------

                         (clock s_axi_aclk rise edge)
                                                     10.000    10.000 r  
    U7                                                0.000    10.000 r  s_axi_aclk (IN)
                         net (fo=0)                   0.000    10.000    s_axi_aclk
    U7                   IBUF (Prop_ibuf_I_O)         0.924    10.924 r  s_axi_aclk_IBUF_inst/O
                         net (fo=1, routed)           1.972    12.896    s_axi_aclk_IBUF
    BUFGCTRL_X0Y0        BUFG (Prop_bufg_I_O)         0.091    12.987 r  s_axi_aclk_IBUF_BUFG_inst/O
                         net (fo=1465, routed)        1.543    14.530    weight_sram_instance/s_axi_aclk_IBUF_BUFG
    SLICE_X79Y23         FDRE                                         r  weight_sram_instance/read_data_reg[9]/C
                         clock pessimism              0.458    14.988    
                         clock uncertainty           -0.035    14.953    
    SLICE_X79Y23         FDRE (Setup_fdre_C_D)        0.031    14.984    weight_sram_instance/read_data_reg[9]
  -------------------------------------------------------------------
                         required time                         14.984    
                         arrival time                         -20.070    
  -------------------------------------------------------------------
                         slack                                 -5.086    

Slack (VIOLATED) :        -5.083ns  (required time - arrival time)
  Source:                 systolic_controller_instance/cycle_count_reg[4]/C
                            (rising edge-triggered cell FDCE clocked by s_axi_aclk  {rise@0.000ns fall@5.000ns period=10.000ns})
  Destination:            weight_sram_instance/read_data_reg[33]/D
                            (rising edge-triggered cell FDRE clocked by s_axi_aclk  {rise@0.000ns fall@5.000ns period=10.000ns})
  Path Group:             s_axi_aclk
  Path Type:              Setup (Max at Slow Process Corner)
  Requirement:            10.000ns  (s_axi_aclk rise@10.000ns - s_axi_aclk rise@0.000ns)
  Data Path Delay:        15.034ns  (logic 5.181ns (34.463%)  route 9.853ns (65.537%))
  Logic Levels:           16  (CARRY4=3 DSP48E1=1 LUT4=2 LUT5=4 LUT6=3 MUXF7=2 MUXF8=1)
  Clock Path Skew:        -0.045ns (DCD - SCD + CPR)
    Destination Clock Delay (DCD):    4.540ns = ( 14.540 - 10.000 ) 
    Source Clock Delay      (SCD):    5.043ns
    Clock Pessimism Removal (CPR):    0.458ns
  Clock Uncertainty:      0.035ns  ((TSJ^2 + TIJ^2)^1/2 + DJ) / 2 + PE
    Total System Jitter     (TSJ):    0.071ns
    Total Input Jitter      (TIJ):    0.000ns
    Discrete Jitter          (DJ):    0.000ns
    Phase Error              (PE):    0.000ns

    Location             Delay type                Incr(ns)  Path(ns)    Netlist Resource(s)
  -------------------------------------------------------------------    -------------------
                         (clock s_axi_aclk rise edge)
                                                      0.000     0.000 r  
    U7                                                0.000     0.000 r  s_axi_aclk (IN)
                         net (fo=0)                   0.000     0.000    s_axi_aclk
    U7                   IBUF (Prop_ibuf_I_O)         1.058     1.058 r  s_axi_aclk_IBUF_inst/O
                         net (fo=1, routed)           2.171     3.229    s_axi_aclk_IBUF
    BUFGCTRL_X0Y0        BUFG (Prop_bufg_I_O)         0.101     3.330 r  s_axi_aclk_IBUF_BUFG_inst/O
                         net (fo=1465, routed)        1.713     5.043    systolic_controller_instance/s_axi_aclk_IBUF_BUFG
    SLICE_X54Y19         FDCE                                         r  systolic_controller_instance/cycle_count_reg[4]/C
  -------------------------------------------------------------------    -------------------
    SLICE_X54Y19         FDCE (Prop_fdce_C_Q)         0.518     5.561 r  systolic_controller_instance/cycle_count_reg[4]/Q
                         net (fo=74, routed)          1.072     6.634    systolic_controller_instance/cycle_count_reg_n_0_[4]
    SLICE_X58Y19         LUT5 (Prop_lut5_I2_O)        0.124     6.758 r  systolic_controller_instance/consumed_feature_count_4[10]_i_5/O
                         net (fo=25, routed)          0.705     7.463    systolic_controller_instance/consumed_feature_count_4[10]_i_5_n_0
    SLICE_X59Y19         LUT4 (Prop_lut4_I3_O)        0.124     7.587 r  systolic_controller_instance/read_valid[4]_i_19/O
                         net (fo=1, routed)           0.000     7.587    systolic_controller_instance/read_valid[4]_i_19_n_0
    SLICE_X59Y19         CARRY4 (Prop_carry4_S[1]_CO[3])
                                                      0.550     8.137 r  systolic_controller_instance/read_valid_reg[4]_i_10/CO[3]
                         net (fo=1, routed)           0.000     8.137    systolic_controller_instance/read_valid_reg[4]_i_10_n_0
    SLICE_X59Y20         CARRY4 (Prop_carry4_CI_CO[3])
                                                      0.114     8.251 r  systolic_controller_instance/read_valid_reg[4]_i_5/CO[3]
                         net (fo=1, routed)           0.000     8.251    systolic_controller_instance/read_valid_reg[4]_i_5_n_0
    SLICE_X59Y21         CARRY4 (Prop_carry4_CI_CO[3])
                                                      0.114     8.365 r  systolic_controller_instance/read_valid_reg[4]_i_3/CO[3]
                         net (fo=4, routed)           0.666     9.030    systolic_controller_instance/operand_read_address29_in
    SLICE_X58Y20         LUT4 (Prop_lut4_I1_O)        0.124     9.154 r  systolic_controller_instance/read_valid[4]_i_1/O
                         net (fo=47, routed)          0.397     9.551    systolic_controller_instance/cycle_count_reg[2]_0[4]
    SLICE_X58Y21         LUT5 (Prop_lut5_I0_O)        0.124     9.675 r  systolic_controller_instance/read_data1__3_i_7/O
                         net (fo=4, routed)           1.483    11.158    weight_sram_instance/operand_read_address[45]
    DSP48_X3Y8           DSP48E1 (Prop_dsp48e1_C[5]_P[0])
                                                      1.820    12.978 r  weight_sram_instance/read_data1__3/P[0]
                         net (fo=2401, routed)        1.973    14.951    weight_sram_instance/read_data1__3_n_105
    SLICE_X100Y14        LUT6 (Prop_lut6_I0_O)        0.124    15.075 r  weight_sram_instance/g164_b1__3/O
                         net (fo=1, routed)           0.000    15.075    weight_sram_instance/g164_b1__3_n_0
    SLICE_X100Y14        MUXF7 (Prop_muxf7_I0_O)      0.241    15.316 r  weight_sram_instance/read_data_reg[33]_i_163/O
                         net (fo=1, routed)           0.000    15.316    weight_sram_instance/read_data_reg[33]_i_163_n_0
    SLICE_X100Y14        MUXF8 (Prop_muxf8_I0_O)      0.098    15.414 r  weight_sram_instance/read_data_reg[33]_i_72/O
                         net (fo=1, routed)           1.179    16.593    weight_sram_instance/read_data_reg[33]_i_72_n_0
    SLICE_X93Y14         LUT6 (Prop_lut6_I3_O)        0.319    16.912 r  weight_sram_instance/read_data[33]_i_35/O
                         net (fo=1, routed)           1.186    18.098    weight_sram_instance/read_data[33]_i_35_n_0
    SLICE_X86Y14         LUT6 (Prop_lut6_I1_O)        0.124    18.222 r  weight_sram_instance/read_data[33]_i_15/O
                         net (fo=1, routed)           0.000    18.222    weight_sram_instance/read_data[33]_i_15_n_0
    SLICE_X86Y14         MUXF7 (Prop_muxf7_I0_O)      0.241    18.463 r  weight_sram_instance/read_data_reg[33]_i_6/O
                         net (fo=1, routed)           0.638    19.101    weight_sram_instance/read_data_reg[33]_i_6_n_0
    SLICE_X80Y18         LUT5 (Prop_lut5_I2_O)        0.298    19.399 r  weight_sram_instance/read_data[33]_i_2/O
                         net (fo=1, routed)           0.554    19.953    weight_sram_instance/read_data[33]_i_2_n_0
    SLICE_X81Y15         LUT5 (Prop_lut5_I0_O)        0.124    20.077 r  weight_sram_instance/read_data[33]_i_1/O
                         net (fo=1, routed)           0.000    20.077    weight_sram_instance/p_14_out[33]
    SLICE_X81Y15         FDRE                                         r  weight_sram_instance/read_data_reg[33]/D
  -------------------------------------------------------------------    -------------------

                         (clock s_axi_aclk rise edge)
                                                     10.000    10.000 r  
    U7                                                0.000    10.000 r  s_axi_aclk (IN)
                         net (fo=0)                   0.000    10.000    s_axi_aclk
    U7                   IBUF (Prop_ibuf_I_O)         0.924    10.924 r  s_axi_aclk_IBUF_inst/O
                         net (fo=1, routed)           1.972    12.896    s_axi_aclk_IBUF
    BUFGCTRL_X0Y0        BUFG (Prop_bufg_I_O)         0.091    12.987 r  s_axi_aclk_IBUF_BUFG_inst/O
                         net (fo=1465, routed)        1.553    14.540    weight_sram_instance/s_axi_aclk_IBUF_BUFG
    SLICE_X81Y15         FDRE                                         r  weight_sram_instance/read_data_reg[33]/C
                         clock pessimism              0.458    14.998    
                         clock uncertainty           -0.035    14.963    
    SLICE_X81Y15         FDRE (Setup_fdre_C_D)        0.031    14.994    weight_sram_instance/read_data_reg[33]
  -------------------------------------------------------------------
                         required time                         14.994    
                         arrival time                         -20.077    
  -------------------------------------------------------------------
                         slack                                 -5.083    

Slack (VIOLATED) :        -5.033ns  (required time - arrival time)
  Source:                 systolic_controller_instance/cycle_count_reg[4]/C
                            (rising edge-triggered cell FDCE clocked by s_axi_aclk  {rise@0.000ns fall@5.000ns period=10.000ns})
  Destination:            weight_sram_instance/read_data_reg[10]/D
                            (rising edge-triggered cell FDRE clocked by s_axi_aclk  {rise@0.000ns fall@5.000ns period=10.000ns})
  Path Group:             s_axi_aclk
  Path Type:              Setup (Max at Slow Process Corner)
  Requirement:            10.000ns  (s_axi_aclk rise@10.000ns - s_axi_aclk rise@0.000ns)
  Data Path Delay:        14.972ns  (logic 5.550ns (37.068%)  route 9.422ns (62.932%))
  Logic Levels:           17  (CARRY4=3 DSP48E1=1 LUT3=1 LUT5=4 LUT6=5 MUXF7=3)
  Clock Path Skew:        -0.057ns (DCD - SCD + CPR)
    Destination Clock Delay (DCD):    4.528ns = ( 14.528 - 10.000 ) 
    Source Clock Delay      (SCD):    5.043ns
    Clock Pessimism Removal (CPR):    0.458ns
  Clock Uncertainty:      0.035ns  ((TSJ^2 + TIJ^2)^1/2 + DJ) / 2 + PE
    Total System Jitter     (TSJ):    0.071ns
    Total Input Jitter      (TIJ):    0.000ns
    Discrete Jitter          (DJ):    0.000ns
    Phase Error              (PE):    0.000ns

    Location             Delay type                Incr(ns)  Path(ns)    Netlist Resource(s)
  -------------------------------------------------------------------    -------------------
                         (clock s_axi_aclk rise edge)
                                                      0.000     0.000 r  
    U7                                                0.000     0.000 r  s_axi_aclk (IN)
                         net (fo=0)                   0.000     0.000    s_axi_aclk
    U7                   IBUF (Prop_ibuf_I_O)         1.058     1.058 r  s_axi_aclk_IBUF_inst/O
                         net (fo=1, routed)           2.171     3.229    s_axi_aclk_IBUF
    BUFGCTRL_X0Y0        BUFG (Prop_bufg_I_O)         0.101     3.330 r  s_axi_aclk_IBUF_BUFG_inst/O
                         net (fo=1465, routed)        1.713     5.043    systolic_controller_instance/s_axi_aclk_IBUF_BUFG
    SLICE_X54Y19         FDCE                                         r  systolic_controller_instance/cycle_count_reg[4]/C
  -------------------------------------------------------------------    -------------------
    SLICE_X54Y19         FDCE (Prop_fdce_C_Q)         0.518     5.561 r  systolic_controller_instance/cycle_count_reg[4]/Q
                         net (fo=74, routed)          1.068     6.630    systolic_controller_instance/cycle_count_reg_n_0_[4]
    SLICE_X59Y22         LUT5 (Prop_lut5_I4_O)        0.124     6.754 r  systolic_controller_instance/consumed_feature_count_1[7]_i_3/O
                         net (fo=8, routed)           0.161     6.914    systolic_controller_instance/consumed_feature_count_1[7]_i_3_n_0
    SLICE_X59Y22         LUT3 (Prop_lut3_I2_O)        0.124     7.038 r  systolic_controller_instance/consumed_feature_count_1[10]_i_3/O
                         net (fo=24, routed)          0.191     7.230    systolic_controller_instance/consumed_feature_count_1[10]_i_3_n_0
    SLICE_X59Y22         LUT6 (Prop_lut6_I3_O)        0.124     7.354 r  systolic_controller_instance/read_valid[1]_i_14/O
                         net (fo=1, routed)           0.478     7.832    systolic_controller_instance/read_valid[1]_i_14_n_0
    SLICE_X60Y22         CARRY4 (Prop_carry4_DI[0]_CO[3])
                                                      0.526     8.358 r  systolic_controller_instance/read_valid_reg[1]_i_8/CO[3]
                         net (fo=1, routed)           0.000     8.358    systolic_controller_instance/read_valid_reg[1]_i_8_n_0
    SLICE_X60Y23         CARRY4 (Prop_carry4_CI_CO[3])
                                                      0.114     8.472 r  systolic_controller_instance/read_valid_reg[1]_i_3/CO[3]
                         net (fo=1, routed)           0.000     8.472    systolic_controller_instance/read_valid_reg[1]_i_3_n_0
    SLICE_X60Y24         CARRY4 (Prop_carry4_CI_CO[3])
                                                      0.114     8.586 r  systolic_controller_instance/read_valid_reg[1]_i_2/CO[3]
                         net (fo=4, routed)           0.633     9.219    systolic_controller_instance/operand_read_address2
    SLICE_X63Y24         LUT6 (Prop_lut6_I4_O)        0.124     9.343 r  systolic_controller_instance/read_valid[1]_i_1/O
                         net (fo=35, routed)          0.783    10.125    systolic_controller_instance/cycle_count_reg[2]_0[1]
    SLICE_X68Y24         LUT5 (Prop_lut5_I0_O)        0.124    10.249 r  systolic_controller_instance/read_data1__0_i_13/O
                         net (fo=8, routed)           1.244    11.494    weight_sram_instance/operand_read_address[13]
    DSP48_X3Y12          DSP48E1 (Prop_dsp48e1_C[3]_P[4])
                                                      1.820    13.314 r  weight_sram_instance/read_data1__0/P[4]
                         net (fo=2415, routed)        2.134    15.448    weight_sram_instance/read_data1__0_n_101
    SLICE_X83Y21         LUT6 (Prop_lut6_I4_O)        0.124    15.572 r  weight_sram_instance/g112_b2__0/O
                         net (fo=1, routed)           0.000    15.572    weight_sram_instance/g112_b2__0_n_0
    SLICE_X83Y21         MUXF7 (Prop_muxf7_I0_O)      0.212    15.784 r  weight_sram_instance/read_data_reg[10]_i_224/O
                         net (fo=1, routed)           1.024    16.808    weight_sram_instance/read_data_reg[10]_i_224_n_0
    SLICE_X83Y27         LUT6 (Prop_lut6_I5_O)        0.299    17.107 r  weight_sram_instance/read_data[10]_i_98/O
                         net (fo=1, routed)           0.000    17.107    weight_sram_instance/read_data[10]_i_98_n_0
    SLICE_X83Y27         MUXF7 (Prop_muxf7_I0_O)      0.238    17.345 r  weight_sram_instance/read_data_reg[10]_i_48/O
                         net (fo=1, routed)           0.829    18.174    weight_sram_instance/read_data_reg[10]_i_48_n_0
    SLICE_X80Y25         LUT6 (Prop_lut6_I0_O)        0.298    18.472 r  weight_sram_instance/read_data[10]_i_19/O
                         net (fo=1, routed)           0.000    18.472    weight_sram_instance/read_data[10]_i_19_n_0
    SLICE_X80Y25         MUXF7 (Prop_muxf7_I1_O)      0.245    18.717 r  weight_sram_instance/read_data_reg[10]_i_7/O
                         net (fo=1, routed)           0.444    19.161    weight_sram_instance/read_data_reg[10]_i_7_n_0
    SLICE_X78Y25         LUT5 (Prop_lut5_I4_O)        0.298    19.459 r  weight_sram_instance/read_data[10]_i_2/O
                         net (fo=1, routed)           0.433    19.892    weight_sram_instance/read_data[10]_i_2_n_0
    SLICE_X78Y25         LUT5 (Prop_lut5_I0_O)        0.124    20.016 r  weight_sram_instance/read_data[10]_i_1/O
                         net (fo=1, routed)           0.000    20.016    weight_sram_instance/p_14_out[10]
    SLICE_X78Y25         FDRE                                         r  weight_sram_instance/read_data_reg[10]/D
  -------------------------------------------------------------------    -------------------

                         (clock s_axi_aclk rise edge)
                                                     10.000    10.000 r  
    U7                                                0.000    10.000 r  s_axi_aclk (IN)
                         net (fo=0)                   0.000    10.000    s_axi_aclk
    U7                   IBUF (Prop_ibuf_I_O)         0.924    10.924 r  s_axi_aclk_IBUF_inst/O
                         net (fo=1, routed)           1.972    12.896    s_axi_aclk_IBUF
    BUFGCTRL_X0Y0        BUFG (Prop_bufg_I_O)         0.091    12.987 r  s_axi_aclk_IBUF_BUFG_inst/O
                         net (fo=1465, routed)        1.541    14.528    weight_sram_instance/s_axi_aclk_IBUF_BUFG
    SLICE_X78Y25         FDRE                                         r  weight_sram_instance/read_data_reg[10]/C
                         clock pessimism              0.458    14.986    
                         clock uncertainty           -0.035    14.951    
    SLICE_X78Y25         FDRE (Setup_fdre_C_D)        0.032    14.983    weight_sram_instance/read_data_reg[10]
  -------------------------------------------------------------------
                         required time                         14.983    
                         arrival time                         -20.016    
  -------------------------------------------------------------------
                         slack                                 -5.033    

Slack (VIOLATED) :        -5.011ns  (required time - arrival time)
  Source:                 systolic_controller_instance/cycle_count_reg[4]/C
                            (rising edge-triggered cell FDCE clocked by s_axi_aclk  {rise@0.000ns fall@5.000ns period=10.000ns})
  Destination:            weight_sram_instance/read_data_reg[12]/D
                            (rising edge-triggered cell FDRE clocked by s_axi_aclk  {rise@0.000ns fall@5.000ns period=10.000ns})
  Path Group:             s_axi_aclk
  Path Type:              Setup (Max at Slow Process Corner)
  Requirement:            10.000ns  (s_axi_aclk rise@10.000ns - s_axi_aclk rise@0.000ns)
  Data Path Delay:        14.957ns  (logic 5.632ns (37.655%)  route 9.325ns (62.345%))
  Logic Levels:           18  (CARRY4=3 DSP48E1=1 LUT3=1 LUT5=2 LUT6=6 MUXF7=3 MUXF8=2)
  Clock Path Skew:        -0.050ns (DCD - SCD + CPR)
    Destination Clock Delay (DCD):    4.535ns = ( 14.535 - 10.000 ) 
    Source Clock Delay      (SCD):    5.043ns
    Clock Pessimism Removal (CPR):    0.458ns
  Clock Uncertainty:      0.035ns  ((TSJ^2 + TIJ^2)^1/2 + DJ) / 2 + PE
    Total System Jitter     (TSJ):    0.071ns
    Total Input Jitter      (TIJ):    0.000ns
    Discrete Jitter          (DJ):    0.000ns
    Phase Error              (PE):    0.000ns

    Location             Delay type                Incr(ns)  Path(ns)    Netlist Resource(s)
  -------------------------------------------------------------------    -------------------
                         (clock s_axi_aclk rise edge)
                                                      0.000     0.000 r  
    U7                                                0.000     0.000 r  s_axi_aclk (IN)
                         net (fo=0)                   0.000     0.000    s_axi_aclk
    U7                   IBUF (Prop_ibuf_I_O)         1.058     1.058 r  s_axi_aclk_IBUF_inst/O
                         net (fo=1, routed)           2.171     3.229    s_axi_aclk_IBUF
    BUFGCTRL_X0Y0        BUFG (Prop_bufg_I_O)         0.101     3.330 r  s_axi_aclk_IBUF_BUFG_inst/O
                         net (fo=1465, routed)        1.713     5.043    systolic_controller_instance/s_axi_aclk_IBUF_BUFG
    SLICE_X54Y19         FDCE                                         r  systolic_controller_instance/cycle_count_reg[4]/C
  -------------------------------------------------------------------    -------------------
    SLICE_X54Y19         FDCE (Prop_fdce_C_Q)         0.518     5.561 r  systolic_controller_instance/cycle_count_reg[4]/Q
                         net (fo=74, routed)          1.068     6.630    systolic_controller_instance/cycle_count_reg_n_0_[4]
    SLICE_X59Y22         LUT5 (Prop_lut5_I4_O)        0.124     6.754 r  systolic_controller_instance/consumed_feature_count_1[7]_i_3/O
                         net (fo=8, routed)           0.161     6.914    systolic_controller_instance/consumed_feature_count_1[7]_i_3_n_0
    SLICE_X59Y22         LUT3 (Prop_lut3_I2_O)        0.124     7.038 r  systolic_controller_instance/consumed_feature_count_1[10]_i_3/O
                         net (fo=24, routed)          0.191     7.230    systolic_controller_instance/consumed_feature_count_1[10]_i_3_n_0
    SLICE_X59Y22         LUT6 (Prop_lut6_I3_O)        0.124     7.354 r  systolic_controller_instance/read_valid[1]_i_14/O
                         net (fo=1, routed)           0.478     7.832    systolic_controller_instance/read_valid[1]_i_14_n_0
    SLICE_X60Y22         CARRY4 (Prop_carry4_DI[0]_CO[3])
                                                      0.526     8.358 r  systolic_controller_instance/read_valid_reg[1]_i_8/CO[3]
                         net (fo=1, routed)           0.000     8.358    systolic_controller_instance/read_valid_reg[1]_i_8_n_0
    SLICE_X60Y23         CARRY4 (Prop_carry4_CI_CO[3])
                                                      0.114     8.472 r  systolic_controller_instance/read_valid_reg[1]_i_3/CO[3]
                         net (fo=1, routed)           0.000     8.472    systolic_controller_instance/read_valid_reg[1]_i_3_n_0
    SLICE_X60Y24         CARRY4 (Prop_carry4_CI_CO[3])
                                                      0.114     8.586 r  systolic_controller_instance/read_valid_reg[1]_i_2/CO[3]
                         net (fo=4, routed)           0.633     9.219    systolic_controller_instance/operand_read_address2
    SLICE_X63Y24         LUT6 (Prop_lut6_I4_O)        0.124     9.343 r  systolic_controller_instance/read_valid[1]_i_1/O
                         net (fo=35, routed)          0.783    10.125    systolic_controller_instance/cycle_count_reg[2]_0[1]
    SLICE_X68Y24         LUT5 (Prop_lut5_I0_O)        0.124    10.249 r  systolic_controller_instance/read_data1__0_i_13/O
                         net (fo=8, routed)           1.244    11.494    weight_sram_instance/operand_read_address[13]
    DSP48_X3Y12          DSP48E1 (Prop_dsp48e1_C[3]_P[1])
                                                      1.820    13.314 r  weight_sram_instance/read_data1__0/P[1]
                         net (fo=2400, routed)        2.521    15.834    weight_sram_instance/read_data1__0_n_104
    SLICE_X65Y31         LUT6 (Prop_lut6_I1_O)        0.124    15.958 r  weight_sram_instance/g59_b4__0/O
                         net (fo=1, routed)           0.000    15.958    weight_sram_instance/g59_b4__0_n_0
    SLICE_X65Y31         MUXF7 (Prop_muxf7_I1_O)      0.217    16.175 r  weight_sram_instance/read_data_reg[12]_i_259/O
                         net (fo=1, routed)           0.000    16.175    weight_sram_instance/read_data_reg[12]_i_259_n_0
    SLICE_X65Y31         MUXF8 (Prop_muxf8_I1_O)      0.094    16.269 r  weight_sram_instance/read_data_reg[12]_i_164/O
                         net (fo=1, routed)           0.847    17.116    weight_sram_instance/read_data_reg[12]_i_164_n_0
    SLICE_X66Y31         LUT6 (Prop_lut6_I5_O)        0.316    17.432 r  weight_sram_instance/read_data[12]_i_106/O
                         net (fo=1, routed)           0.000    17.432    weight_sram_instance/read_data[12]_i_106_n_0
    SLICE_X66Y31         MUXF7 (Prop_muxf7_I1_O)      0.214    17.646 r  weight_sram_instance/read_data_reg[12]_i_46/O
                         net (fo=1, routed)           0.795    18.441    weight_sram_instance/read_data_reg[12]_i_46_n_0
    SLICE_X71Y30         LUT6 (Prop_lut6_I0_O)        0.297    18.738 r  weight_sram_instance/read_data[12]_i_19/O
                         net (fo=1, routed)           0.000    18.738    weight_sram_instance/read_data[12]_i_19_n_0
    SLICE_X71Y30         MUXF7 (Prop_muxf7_I0_O)      0.238    18.976 r  weight_sram_instance/read_data_reg[12]_i_7/O
                         net (fo=1, routed)           0.000    18.976    weight_sram_instance/read_data_reg[12]_i_7_n_0
    SLICE_X71Y30         MUXF8 (Prop_muxf8_I0_O)      0.104    19.080 r  weight_sram_instance/read_data_reg[12]_i_3/O
                         net (fo=1, routed)           0.604    19.684    weight_sram_instance/read_data_reg[12]_i_3_n_0
    SLICE_X78Y31         LUT6 (Prop_lut6_I4_O)        0.316    20.000 r  weight_sram_instance/read_data[12]_i_1/O
                         net (fo=1, routed)           0.000    20.000    weight_sram_instance/p_14_out[12]
    SLICE_X78Y31         FDRE                                         r  weight_sram_instance/read_data_reg[12]/D
  -------------------------------------------------------------------    -------------------

                         (clock s_axi_aclk rise edge)
                                                     10.000    10.000 r  
    U7                                                0.000    10.000 r  s_axi_aclk (IN)
                         net (fo=0)                   0.000    10.000    s_axi_aclk
    U7                   IBUF (Prop_ibuf_I_O)         0.924    10.924 r  s_axi_aclk_IBUF_inst/O
                         net (fo=1, routed)           1.972    12.896    s_axi_aclk_IBUF
    BUFGCTRL_X0Y0        BUFG (Prop_bufg_I_O)         0.091    12.987 r  s_axi_aclk_IBUF_BUFG_inst/O
                         net (fo=1465, routed)        1.548    14.535    weight_sram_instance/s_axi_aclk_IBUF_BUFG
    SLICE_X78Y31         FDRE                                         r  weight_sram_instance/read_data_reg[12]/C
                         clock pessimism              0.458    14.993    
                         clock uncertainty           -0.035    14.958    
    SLICE_X78Y31         FDRE (Setup_fdre_C_D)        0.031    14.989    weight_sram_instance/read_data_reg[12]
  -------------------------------------------------------------------
                         required time                         14.989    
                         arrival time                         -20.000    
  -------------------------------------------------------------------
                         slack                                 -5.011    

Slack (VIOLATED) :        -4.962ns  (required time - arrival time)
  Source:                 systolic_controller_instance/cycle_count_reg[4]/C
                            (rising edge-triggered cell FDCE clocked by s_axi_aclk  {rise@0.000ns fall@5.000ns period=10.000ns})
  Destination:            weight_sram_instance/read_data_reg[13]/D
                            (rising edge-triggered cell FDRE clocked by s_axi_aclk  {rise@0.000ns fall@5.000ns period=10.000ns})
  Path Group:             s_axi_aclk
  Path Type:              Setup (Max at Slow Process Corner)
  Requirement:            10.000ns  (s_axi_aclk rise@10.000ns - s_axi_aclk rise@0.000ns)
  Data Path Delay:        14.915ns  (logic 5.671ns (38.022%)  route 9.244ns (61.978%))
  Logic Levels:           18  (CARRY4=3 DSP48E1=1 LUT3=1 LUT5=2 LUT6=6 MUXF7=3 MUXF8=2)
  Clock Path Skew:        -0.043ns (DCD - SCD + CPR)
    Destination Clock Delay (DCD):    4.542ns = ( 14.542 - 10.000 ) 
    Source Clock Delay      (SCD):    5.043ns
    Clock Pessimism Removal (CPR):    0.458ns
  Clock Uncertainty:      0.035ns  ((TSJ^2 + TIJ^2)^1/2 + DJ) / 2 + PE
    Total System Jitter     (TSJ):    0.071ns
    Total Input Jitter      (TIJ):    0.000ns
    Discrete Jitter          (DJ):    0.000ns
    Phase Error              (PE):    0.000ns

    Location             Delay type                Incr(ns)  Path(ns)    Netlist Resource(s)
  -------------------------------------------------------------------    -------------------
                         (clock s_axi_aclk rise edge)
                                                      0.000     0.000 r  
    U7                                                0.000     0.000 r  s_axi_aclk (IN)
                         net (fo=0)                   0.000     0.000    s_axi_aclk
    U7                   IBUF (Prop_ibuf_I_O)         1.058     1.058 r  s_axi_aclk_IBUF_inst/O
                         net (fo=1, routed)           2.171     3.229    s_axi_aclk_IBUF
    BUFGCTRL_X0Y0        BUFG (Prop_bufg_I_O)         0.101     3.330 r  s_axi_aclk_IBUF_BUFG_inst/O
                         net (fo=1465, routed)        1.713     5.043    systolic_controller_instance/s_axi_aclk_IBUF_BUFG
    SLICE_X54Y19         FDCE                                         r  systolic_controller_instance/cycle_count_reg[4]/C
  -------------------------------------------------------------------    -------------------
    SLICE_X54Y19         FDCE (Prop_fdce_C_Q)         0.518     5.561 r  systolic_controller_instance/cycle_count_reg[4]/Q
                         net (fo=74, routed)          1.068     6.630    systolic_controller_instance/cycle_count_reg_n_0_[4]
    SLICE_X59Y22         LUT5 (Prop_lut5_I4_O)        0.124     6.754 r  systolic_controller_instance/consumed_feature_count_1[7]_i_3/O
                         net (fo=8, routed)           0.161     6.914    systolic_controller_instance/consumed_feature_count_1[7]_i_3_n_0
    SLICE_X59Y22         LUT3 (Prop_lut3_I2_O)        0.124     7.038 r  systolic_controller_instance/consumed_feature_count_1[10]_i_3/O
                         net (fo=24, routed)          0.191     7.230    systolic_controller_instance/consumed_feature_count_1[10]_i_3_n_0
    SLICE_X59Y22         LUT6 (Prop_lut6_I3_O)        0.124     7.354 r  systolic_controller_instance/read_valid[1]_i_14/O
                         net (fo=1, routed)           0.478     7.832    systolic_controller_instance/read_valid[1]_i_14_n_0
    SLICE_X60Y22         CARRY4 (Prop_carry4_DI[0]_CO[3])
                                                      0.526     8.358 r  systolic_controller_instance/read_valid_reg[1]_i_8/CO[3]
                         net (fo=1, routed)           0.000     8.358    systolic_controller_instance/read_valid_reg[1]_i_8_n_0
    SLICE_X60Y23         CARRY4 (Prop_carry4_CI_CO[3])
                                                      0.114     8.472 r  systolic_controller_instance/read_valid_reg[1]_i_3/CO[3]
                         net (fo=1, routed)           0.000     8.472    systolic_controller_instance/read_valid_reg[1]_i_3_n_0
    SLICE_X60Y24         CARRY4 (Prop_carry4_CI_CO[3])
                                                      0.114     8.586 r  systolic_controller_instance/read_valid_reg[1]_i_2/CO[3]
                         net (fo=4, routed)           0.633     9.219    systolic_controller_instance/operand_read_address2
    SLICE_X63Y24         LUT6 (Prop_lut6_I4_O)        0.124     9.343 r  systolic_controller_instance/read_valid[1]_i_1/O
                         net (fo=35, routed)          0.783    10.125    systolic_controller_instance/cycle_count_reg[2]_0[1]
    SLICE_X68Y24         LUT5 (Prop_lut5_I0_O)        0.124    10.249 r  systolic_controller_instance/read_data1__0_i_13/O
                         net (fo=8, routed)           1.244    11.494    weight_sram_instance/operand_read_address[13]
    DSP48_X3Y12          DSP48E1 (Prop_dsp48e1_C[3]_P[0])
                                                      1.820    13.314 r  weight_sram_instance/read_data1__0/P[0]
                         net (fo=2401, routed)        2.355    15.669    weight_sram_instance/read_data1__0_n_105
    SLICE_X78Y38         LUT6 (Prop_lut6_I0_O)        0.124    15.793 r  weight_sram_instance/g127_b5__0/O
                         net (fo=1, routed)           0.000    15.793    weight_sram_instance/g127_b5__0_n_0
    SLICE_X78Y38         MUXF7 (Prop_muxf7_I1_O)      0.217    16.010 r  weight_sram_instance/read_data_reg[13]_i_273/O
                         net (fo=1, routed)           0.000    16.010    weight_sram_instance/read_data_reg[13]_i_273_n_0
    SLICE_X78Y38         MUXF8 (Prop_muxf8_I1_O)      0.094    16.104 r  weight_sram_instance/read_data_reg[13]_i_201/O
                         net (fo=1, routed)           1.002    17.106    weight_sram_instance/read_data_reg[13]_i_201_n_0
    SLICE_X78Y37         LUT6 (Prop_lut6_I0_O)        0.316    17.422 r  weight_sram_instance/read_data[13]_i_128/O
                         net (fo=1, routed)           0.000    17.422    weight_sram_instance/read_data[13]_i_128_n_0
    SLICE_X78Y37         MUXF7 (Prop_muxf7_I1_O)      0.245    17.667 r  weight_sram_instance/read_data_reg[13]_i_57/O
                         net (fo=1, routed)           0.821    18.487    weight_sram_instance/read_data_reg[13]_i_57_n_0
    SLICE_X76Y38         LUT6 (Prop_lut6_I0_O)        0.298    18.785 r  weight_sram_instance/read_data[13]_i_21/O
                         net (fo=1, routed)           0.000    18.785    weight_sram_instance/read_data[13]_i_21_n_0
    SLICE_X76Y38         MUXF7 (Prop_muxf7_I1_O)      0.245    19.030 r  weight_sram_instance/read_data_reg[13]_i_7/O
                         net (fo=1, routed)           0.000    19.030    weight_sram_instance/read_data_reg[13]_i_7_n_0
    SLICE_X76Y38         MUXF8 (Prop_muxf8_I0_O)      0.104    19.134 r  weight_sram_instance/read_data_reg[13]_i_3/O
                         net (fo=1, routed)           0.508    19.642    weight_sram_instance/read_data_reg[13]_i_3_n_0
    SLICE_X77Y38         LUT6 (Prop_lut6_I4_O)        0.316    19.958 r  weight_sram_instance/read_data[13]_i_1/O
                         net (fo=1, routed)           0.000    19.958    weight_sram_instance/p_14_out[13]
    SLICE_X77Y38         FDRE                                         r  weight_sram_instance/read_data_reg[13]/D
  -------------------------------------------------------------------    -------------------

                         (clock s_axi_aclk rise edge)
                                                     10.000    10.000 r  
    U7                                                0.000    10.000 r  s_axi_aclk (IN)
                         net (fo=0)                   0.000    10.000    s_axi_aclk
    U7                   IBUF (Prop_ibuf_I_O)         0.924    10.924 r  s_axi_aclk_IBUF_inst/O
                         net (fo=1, routed)           1.972    12.896    s_axi_aclk_IBUF
    BUFGCTRL_X0Y0        BUFG (Prop_bufg_I_O)         0.091    12.987 r  s_axi_aclk_IBUF_BUFG_inst/O
                         net (fo=1465, routed)        1.555    14.542    weight_sram_instance/s_axi_aclk_IBUF_BUFG
    SLICE_X77Y38         FDRE                                         r  weight_sram_instance/read_data_reg[13]/C
                         clock pessimism              0.458    15.000    
                         clock uncertainty           -0.035    14.965    
    SLICE_X77Y38         FDRE (Setup_fdre_C_D)        0.031    14.996    weight_sram_instance/read_data_reg[13]
  -------------------------------------------------------------------
                         required time                         14.996    
                         arrival time                         -19.958    
  -------------------------------------------------------------------
                         slack                                 -4.962    

Slack (VIOLATED) :        -4.953ns  (required time - arrival time)
  Source:                 systolic_controller_instance/cycle_count_reg[4]/C
                            (rising edge-triggered cell FDCE clocked by s_axi_aclk  {rise@0.000ns fall@5.000ns period=10.000ns})
  Destination:            weight_sram_instance/read_data_reg[34]/D
                            (rising edge-triggered cell FDRE clocked by s_axi_aclk  {rise@0.000ns fall@5.000ns period=10.000ns})
  Path Group:             s_axi_aclk
  Path Type:              Setup (Max at Slow Process Corner)
  Requirement:            10.000ns  (s_axi_aclk rise@10.000ns - s_axi_aclk rise@0.000ns)
  Data Path Delay:        14.949ns  (logic 5.430ns (36.323%)  route 9.519ns (63.677%))
  Logic Levels:           16  (CARRY4=3 DSP48E1=1 LUT4=2 LUT5=4 LUT6=3 MUXF7=3)
  Clock Path Skew:        -0.047ns (DCD - SCD + CPR)
    Destination Clock Delay (DCD):    4.538ns = ( 14.538 - 10.000 ) 
    Source Clock Delay      (SCD):    5.043ns
    Clock Pessimism Removal (CPR):    0.458ns
  Clock Uncertainty:      0.035ns  ((TSJ^2 + TIJ^2)^1/2 + DJ) / 2 + PE
    Total System Jitter     (TSJ):    0.071ns
    Total Input Jitter      (TIJ):    0.000ns
    Discrete Jitter          (DJ):    0.000ns
    Phase Error              (PE):    0.000ns

    Location             Delay type                Incr(ns)  Path(ns)    Netlist Resource(s)
  -------------------------------------------------------------------    -------------------
                         (clock s_axi_aclk rise edge)
                                                      0.000     0.000 r  
    U7                                                0.000     0.000 r  s_axi_aclk (IN)
                         net (fo=0)                   0.000     0.000    s_axi_aclk
    U7                   IBUF (Prop_ibuf_I_O)         1.058     1.058 r  s_axi_aclk_IBUF_inst/O
                         net (fo=1, routed)           2.171     3.229    s_axi_aclk_IBUF
    BUFGCTRL_X0Y0        BUFG (Prop_bufg_I_O)         0.101     3.330 r  s_axi_aclk_IBUF_BUFG_inst/O
                         net (fo=1465, routed)        1.713     5.043    systolic_controller_instance/s_axi_aclk_IBUF_BUFG
    SLICE_X54Y19         FDCE                                         r  systolic_controller_instance/cycle_count_reg[4]/C
  -------------------------------------------------------------------    -------------------
    SLICE_X54Y19         FDCE (Prop_fdce_C_Q)         0.518     5.561 r  systolic_controller_instance/cycle_count_reg[4]/Q
                         net (fo=74, routed)          1.072     6.634    systolic_controller_instance/cycle_count_reg_n_0_[4]
    SLICE_X58Y19         LUT5 (Prop_lut5_I2_O)        0.124     6.758 r  systolic_controller_instance/consumed_feature_count_4[10]_i_5/O
                         net (fo=25, routed)          0.705     7.463    systolic_controller_instance/consumed_feature_count_4[10]_i_5_n_0
    SLICE_X59Y19         LUT4 (Prop_lut4_I3_O)        0.124     7.587 r  systolic_controller_instance/read_valid[4]_i_19/O
                         net (fo=1, routed)           0.000     7.587    systolic_controller_instance/read_valid[4]_i_19_n_0
    SLICE_X59Y19         CARRY4 (Prop_carry4_S[1]_CO[3])
                                                      0.550     8.137 r  systolic_controller_instance/read_valid_reg[4]_i_10/CO[3]
                         net (fo=1, routed)           0.000     8.137    systolic_controller_instance/read_valid_reg[4]_i_10_n_0
    SLICE_X59Y20         CARRY4 (Prop_carry4_CI_CO[3])
                                                      0.114     8.251 r  systolic_controller_instance/read_valid_reg[4]_i_5/CO[3]
                         net (fo=1, routed)           0.000     8.251    systolic_controller_instance/read_valid_reg[4]_i_5_n_0
    SLICE_X59Y21         CARRY4 (Prop_carry4_CI_CO[3])
                                                      0.114     8.365 r  systolic_controller_instance/read_valid_reg[4]_i_3/CO[3]
                         net (fo=4, routed)           0.666     9.030    systolic_controller_instance/operand_read_address29_in
    SLICE_X58Y20         LUT4 (Prop_lut4_I1_O)        0.124     9.154 r  systolic_controller_instance/read_valid[4]_i_1/O
                         net (fo=47, routed)          0.397     9.551    systolic_controller_instance/cycle_count_reg[2]_0[4]
    SLICE_X58Y21         LUT5 (Prop_lut5_I0_O)        0.124     9.675 r  systolic_controller_instance/read_data1__3_i_7/O
                         net (fo=4, routed)           1.483    11.158    weight_sram_instance/operand_read_address[45]
    DSP48_X3Y8           DSP48E1 (Prop_dsp48e1_C[5]_P[1])
                                                      1.820    12.978 r  weight_sram_instance/read_data1__3/P[1]
                         net (fo=2400, routed)        1.901    14.878    weight_sram_instance/read_data1__3_n_104
    SLICE_X103Y21        LUT6 (Prop_lut6_I1_O)        0.124    15.002 r  weight_sram_instance/g63_b2__3/O
                         net (fo=1, routed)           0.000    15.002    weight_sram_instance/g63_b2__3_n_0
    SLICE_X103Y21        MUXF7 (Prop_muxf7_I1_O)      0.245    15.247 r  weight_sram_instance/read_data_reg[34]_i_197/O
                         net (fo=1, routed)           0.802    16.049    weight_sram_instance/read_data_reg[34]_i_197_n_0
    SLICE_X103Y20        LUT6 (Prop_lut6_I0_O)        0.298    16.347 r  weight_sram_instance/read_data[34]_i_87/O
                         net (fo=1, routed)           0.000    16.347    weight_sram_instance/read_data[34]_i_87_n_0
    SLICE_X103Y20        MUXF7 (Prop_muxf7_I1_O)      0.217    16.564 r  weight_sram_instance/read_data_reg[34]_i_44/O
                         net (fo=1, routed)           1.371    17.934    weight_sram_instance/read_data_reg[34]_i_44_n_0
    SLICE_X83Y17         LUT6 (Prop_lut6_I0_O)        0.299    18.233 r  weight_sram_instance/read_data[34]_i_18/O
                         net (fo=1, routed)           0.000    18.233    weight_sram_instance/read_data[34]_i_18_n_0
    SLICE_X83Y17         MUXF7 (Prop_muxf7_I0_O)      0.212    18.445 r  weight_sram_instance/read_data_reg[34]_i_7/O
                         net (fo=1, routed)           0.658    19.104    weight_sram_instance/read_data_reg[34]_i_7_n_0
    SLICE_X82Y17         LUT5 (Prop_lut5_I4_O)        0.299    19.403 r  weight_sram_instance/read_data[34]_i_2/O
                         net (fo=1, routed)           0.466    19.869    weight_sram_instance/read_data[34]_i_2_n_0
    SLICE_X82Y17         LUT5 (Prop_lut5_I0_O)        0.124    19.993 r  weight_sram_instance/read_data[34]_i_1/O
                         net (fo=1, routed)           0.000    19.993    weight_sram_instance/p_14_out[34]
    SLICE_X82Y17         FDRE                                         r  weight_sram_instance/read_data_reg[34]/D
  -------------------------------------------------------------------    -------------------

                         (clock s_axi_aclk rise edge)
                                                     10.000    10.000 r  
    U7                                                0.000    10.000 r  s_axi_aclk (IN)
                         net (fo=0)                   0.000    10.000    s_axi_aclk
    U7                   IBUF (Prop_ibuf_I_O)         0.924    10.924 r  s_axi_aclk_IBUF_inst/O
                         net (fo=1, routed)           1.972    12.896    s_axi_aclk_IBUF
    BUFGCTRL_X0Y0        BUFG (Prop_bufg_I_O)         0.091    12.987 r  s_axi_aclk_IBUF_BUFG_inst/O
                         net (fo=1465, routed)        1.551    14.538    weight_sram_instance/s_axi_aclk_IBUF_BUFG
    SLICE_X82Y17         FDRE                                         r  weight_sram_instance/read_data_reg[34]/C
                         clock pessimism              0.458    14.996    
                         clock uncertainty           -0.035    14.961    
    SLICE_X82Y17         FDRE (Setup_fdre_C_D)        0.079    15.040    weight_sram_instance/read_data_reg[34]
  -------------------------------------------------------------------
                         required time                         15.040    
                         arrival time                         -19.993    
  -------------------------------------------------------------------
                         slack                                 -4.953    

Slack (VIOLATED) :        -4.951ns  (required time - arrival time)
  Source:                 systolic_controller_instance/cycle_count_reg[4]/C
                            (rising edge-triggered cell FDCE clocked by s_axi_aclk  {rise@0.000ns fall@5.000ns period=10.000ns})
  Destination:            weight_sram_instance/read_data_reg[11]/D
                            (rising edge-triggered cell FDRE clocked by s_axi_aclk  {rise@0.000ns fall@5.000ns period=10.000ns})
  Path Group:             s_axi_aclk
  Path Type:              Setup (Max at Slow Process Corner)
  Requirement:            10.000ns  (s_axi_aclk rise@10.000ns - s_axi_aclk rise@0.000ns)
  Data Path Delay:        14.894ns  (logic 5.553ns (37.282%)  route 9.341ns (62.718%))
  Logic Levels:           17  (CARRY4=3 DSP48E1=1 LUT3=1 LUT5=2 LUT6=6 MUXF7=3 MUXF8=1)
  Clock Path Skew:        -0.052ns (DCD - SCD + CPR)
    Destination Clock Delay (DCD):    4.533ns = ( 14.533 - 10.000 ) 
    Source Clock Delay      (SCD):    5.043ns
    Clock Pessimism Removal (CPR):    0.458ns
  Clock Uncertainty:      0.035ns  ((TSJ^2 + TIJ^2)^1/2 + DJ) / 2 + PE
    Total System Jitter     (TSJ):    0.071ns
    Total Input Jitter      (TIJ):    0.000ns
    Discrete Jitter          (DJ):    0.000ns
    Phase Error              (PE):    0.000ns

    Location             Delay type                Incr(ns)  Path(ns)    Netlist Resource(s)
  -------------------------------------------------------------------    -------------------
                         (clock s_axi_aclk rise edge)
                                                      0.000     0.000 r  
    U7                                                0.000     0.000 r  s_axi_aclk (IN)
                         net (fo=0)                   0.000     0.000    s_axi_aclk
    U7                   IBUF (Prop_ibuf_I_O)         1.058     1.058 r  s_axi_aclk_IBUF_inst/O
                         net (fo=1, routed)           2.171     3.229    s_axi_aclk_IBUF
    BUFGCTRL_X0Y0        BUFG (Prop_bufg_I_O)         0.101     3.330 r  s_axi_aclk_IBUF_BUFG_inst/O
                         net (fo=1465, routed)        1.713     5.043    systolic_controller_instance/s_axi_aclk_IBUF_BUFG
    SLICE_X54Y19         FDCE                                         r  systolic_controller_instance/cycle_count_reg[4]/C
  -------------------------------------------------------------------    -------------------
    SLICE_X54Y19         FDCE (Prop_fdce_C_Q)         0.518     5.561 r  systolic_controller_instance/cycle_count_reg[4]/Q
                         net (fo=74, routed)          1.068     6.630    systolic_controller_instance/cycle_count_reg_n_0_[4]
    SLICE_X59Y22         LUT5 (Prop_lut5_I4_O)        0.124     6.754 r  systolic_controller_instance/consumed_feature_count_1[7]_i_3/O
                         net (fo=8, routed)           0.161     6.914    systolic_controller_instance/consumed_feature_count_1[7]_i_3_n_0
    SLICE_X59Y22         LUT3 (Prop_lut3_I2_O)        0.124     7.038 r  systolic_controller_instance/consumed_feature_count_1[10]_i_3/O
                         net (fo=24, routed)          0.191     7.230    systolic_controller_instance/consumed_feature_count_1[10]_i_3_n_0
    SLICE_X59Y22         LUT6 (Prop_lut6_I3_O)        0.124     7.354 r  systolic_controller_instance/read_valid[1]_i_14/O
                         net (fo=1, routed)           0.478     7.832    systolic_controller_instance/read_valid[1]_i_14_n_0
    SLICE_X60Y22         CARRY4 (Prop_carry4_DI[0]_CO[3])
                                                      0.526     8.358 r  systolic_controller_instance/read_valid_reg[1]_i_8/CO[3]
                         net (fo=1, routed)           0.000     8.358    systolic_controller_instance/read_valid_reg[1]_i_8_n_0
    SLICE_X60Y23         CARRY4 (Prop_carry4_CI_CO[3])
                                                      0.114     8.472 r  systolic_controller_instance/read_valid_reg[1]_i_3/CO[3]
                         net (fo=1, routed)           0.000     8.472    systolic_controller_instance/read_valid_reg[1]_i_3_n_0
    SLICE_X60Y24         CARRY4 (Prop_carry4_CI_CO[3])
                                                      0.114     8.586 r  systolic_controller_instance/read_valid_reg[1]_i_2/CO[3]
                         net (fo=4, routed)           0.633     9.219    systolic_controller_instance/operand_read_address2
    SLICE_X63Y24         LUT6 (Prop_lut6_I4_O)        0.124     9.343 r  systolic_controller_instance/read_valid[1]_i_1/O
                         net (fo=35, routed)          0.783    10.125    systolic_controller_instance/cycle_count_reg[2]_0[1]
    SLICE_X68Y24         LUT5 (Prop_lut5_I0_O)        0.124    10.249 r  systolic_controller_instance/read_data1__0_i_13/O
                         net (fo=8, routed)           1.244    11.494    weight_sram_instance/operand_read_address[13]
    DSP48_X3Y12          DSP48E1 (Prop_dsp48e1_C[3]_P[3])
                                                      1.820    13.314 r  weight_sram_instance/read_data1__0/P[3]
                         net (fo=2415, routed)        2.525    15.839    weight_sram_instance/read_data1__0_n_102
    SLICE_X72Y23         LUT6 (Prop_lut6_I3_O)        0.124    15.963 r  weight_sram_instance/g115_b3__0/O
                         net (fo=1, routed)           0.000    15.963    weight_sram_instance/g115_b3__0_n_0
    SLICE_X72Y23         MUXF7 (Prop_muxf7_I1_O)      0.217    16.180 r  weight_sram_instance/read_data_reg[11]_i_189/O
                         net (fo=1, routed)           0.984    17.163    weight_sram_instance/read_data_reg[11]_i_189_n_0
    SLICE_X75Y26         LUT6 (Prop_lut6_I3_O)        0.299    17.462 r  weight_sram_instance/read_data[11]_i_117/O
                         net (fo=1, routed)           0.000    17.462    weight_sram_instance/read_data[11]_i_117_n_0
    SLICE_X75Y26         MUXF7 (Prop_muxf7_I0_O)      0.238    17.700 r  weight_sram_instance/read_data_reg[11]_i_50/O
                         net (fo=1, routed)           0.967    18.668    weight_sram_instance/read_data_reg[11]_i_50_n_0
    SLICE_X75Y28         LUT6 (Prop_lut6_I0_O)        0.298    18.966 r  weight_sram_instance/read_data[11]_i_20/O
                         net (fo=1, routed)           0.000    18.966    weight_sram_instance/read_data[11]_i_20_n_0
    SLICE_X75Y28         MUXF7 (Prop_muxf7_I1_O)      0.245    19.211 r  weight_sram_instance/read_data_reg[11]_i_7/O
                         net (fo=1, routed)           0.000    19.211    weight_sram_instance/read_data_reg[11]_i_7_n_0
    SLICE_X75Y28         MUXF8 (Prop_muxf8_I0_O)      0.104    19.315 r  weight_sram_instance/read_data_reg[11]_i_3/O
                         net (fo=1, routed)           0.307    19.622    weight_sram_instance/read_data_reg[11]_i_3_n_0
    SLICE_X76Y28         LUT6 (Prop_lut6_I4_O)        0.316    19.938 r  weight_sram_instance/read_data[11]_i_1/O
                         net (fo=1, routed)           0.000    19.938    weight_sram_instance/p_14_out[11]
    SLICE_X76Y28         FDRE                                         r  weight_sram_instance/read_data_reg[11]/D
  -------------------------------------------------------------------    -------------------

                         (clock s_axi_aclk rise edge)
                                                     10.000    10.000 r  
    U7                                                0.000    10.000 r  s_axi_aclk (IN)
                         net (fo=0)                   0.000    10.000    s_axi_aclk
    U7                   IBUF (Prop_ibuf_I_O)         0.924    10.924 r  s_axi_aclk_IBUF_inst/O
                         net (fo=1, routed)           1.972    12.896    s_axi_aclk_IBUF
    BUFGCTRL_X0Y0        BUFG (Prop_bufg_I_O)         0.091    12.987 r  s_axi_aclk_IBUF_BUFG_inst/O
                         net (fo=1465, routed)        1.546    14.533    weight_sram_instance/s_axi_aclk_IBUF_BUFG
    SLICE_X76Y28         FDRE                                         r  weight_sram_instance/read_data_reg[11]/C
                         clock pessimism              0.458    14.991    
                         clock uncertainty           -0.035    14.956    
    SLICE_X76Y28         FDRE (Setup_fdre_C_D)        0.031    14.987    weight_sram_instance/read_data_reg[11]
  -------------------------------------------------------------------
                         required time                         14.987    
                         arrival time                         -19.938    
  -------------------------------------------------------------------
                         slack                                 -4.951    

Slack (VIOLATED) :        -4.940ns  (required time - arrival time)
  Source:                 systolic_controller_instance/cycle_count_reg[4]/C
                            (rising edge-triggered cell FDCE clocked by s_axi_aclk  {rise@0.000ns fall@5.000ns period=10.000ns})
  Destination:            weight_sram_instance/read_data_reg[14]/D
                            (rising edge-triggered cell FDRE clocked by s_axi_aclk  {rise@0.000ns fall@5.000ns period=10.000ns})
  Path Group:             s_axi_aclk
  Path Type:              Setup (Max at Slow Process Corner)
  Requirement:            10.000ns  (s_axi_aclk rise@10.000ns - s_axi_aclk rise@0.000ns)
  Data Path Delay:        14.889ns  (logic 5.671ns (38.089%)  route 9.218ns (61.911%))
  Logic Levels:           18  (CARRY4=3 DSP48E1=1 LUT3=1 LUT5=2 LUT6=6 MUXF7=3 MUXF8=2)
  Clock Path Skew:        -0.047ns (DCD - SCD + CPR)
    Destination Clock Delay (DCD):    4.538ns = ( 14.538 - 10.000 ) 
    Source Clock Delay      (SCD):    5.043ns
    Clock Pessimism Removal (CPR):    0.458ns
  Clock Uncertainty:      0.035ns  ((TSJ^2 + TIJ^2)^1/2 + DJ) / 2 + PE
    Total System Jitter     (TSJ):    0.071ns
    Total Input Jitter      (TIJ):    0.000ns
    Discrete Jitter          (DJ):    0.000ns
    Phase Error              (PE):    0.000ns

    Location             Delay type                Incr(ns)  Path(ns)    Netlist Resource(s)
  -------------------------------------------------------------------    -------------------
                         (clock s_axi_aclk rise edge)
                                                      0.000     0.000 r  
    U7                                                0.000     0.000 r  s_axi_aclk (IN)
                         net (fo=0)                   0.000     0.000    s_axi_aclk
    U7                   IBUF (Prop_ibuf_I_O)         1.058     1.058 r  s_axi_aclk_IBUF_inst/O
                         net (fo=1, routed)           2.171     3.229    s_axi_aclk_IBUF
    BUFGCTRL_X0Y0        BUFG (Prop_bufg_I_O)         0.101     3.330 r  s_axi_aclk_IBUF_BUFG_inst/O
                         net (fo=1465, routed)        1.713     5.043    systolic_controller_instance/s_axi_aclk_IBUF_BUFG
    SLICE_X54Y19         FDCE                                         r  systolic_controller_instance/cycle_count_reg[4]/C
  -------------------------------------------------------------------    -------------------
    SLICE_X54Y19         FDCE (Prop_fdce_C_Q)         0.518     5.561 r  systolic_controller_instance/cycle_count_reg[4]/Q
                         net (fo=74, routed)          1.068     6.630    systolic_controller_instance/cycle_count_reg_n_0_[4]
    SLICE_X59Y22         LUT5 (Prop_lut5_I4_O)        0.124     6.754 r  systolic_controller_instance/consumed_feature_count_1[7]_i_3/O
                         net (fo=8, routed)           0.161     6.914    systolic_controller_instance/consumed_feature_count_1[7]_i_3_n_0
    SLICE_X59Y22         LUT3 (Prop_lut3_I2_O)        0.124     7.038 r  systolic_controller_instance/consumed_feature_count_1[10]_i_3/O
                         net (fo=24, routed)          0.191     7.230    systolic_controller_instance/consumed_feature_count_1[10]_i_3_n_0
    SLICE_X59Y22         LUT6 (Prop_lut6_I3_O)        0.124     7.354 r  systolic_controller_instance/read_valid[1]_i_14/O
                         net (fo=1, routed)           0.478     7.832    systolic_controller_instance/read_valid[1]_i_14_n_0
    SLICE_X60Y22         CARRY4 (Prop_carry4_DI[0]_CO[3])
                                                      0.526     8.358 r  systolic_controller_instance/read_valid_reg[1]_i_8/CO[3]
                         net (fo=1, routed)           0.000     8.358    systolic_controller_instance/read_valid_reg[1]_i_8_n_0
    SLICE_X60Y23         CARRY4 (Prop_carry4_CI_CO[3])
                                                      0.114     8.472 r  systolic_controller_instance/read_valid_reg[1]_i_3/CO[3]
                         net (fo=1, routed)           0.000     8.472    systolic_controller_instance/read_valid_reg[1]_i_3_n_0
    SLICE_X60Y24         CARRY4 (Prop_carry4_CI_CO[3])
                                                      0.114     8.586 r  systolic_controller_instance/read_valid_reg[1]_i_2/CO[3]
                         net (fo=4, routed)           0.633     9.219    systolic_controller_instance/operand_read_address2
    SLICE_X63Y24         LUT6 (Prop_lut6_I4_O)        0.124     9.343 r  systolic_controller_instance/read_valid[1]_i_1/O
                         net (fo=35, routed)          0.783    10.125    systolic_controller_instance/cycle_count_reg[2]_0[1]
    SLICE_X68Y24         LUT5 (Prop_lut5_I0_O)        0.124    10.249 r  systolic_controller_instance/read_data1__0_i_13/O
                         net (fo=8, routed)           1.244    11.494    weight_sram_instance/operand_read_address[13]
    DSP48_X3Y12          DSP48E1 (Prop_dsp48e1_C[3]_P[1])
                                                      1.820    13.314 r  weight_sram_instance/read_data1__0/P[1]
                         net (fo=2400, routed)        2.615    15.929    weight_sram_instance/read_data1__0_n_104
    SLICE_X64Y35         LUT6 (Prop_lut6_I1_O)        0.124    16.053 r  weight_sram_instance/g79_b6__0/O
                         net (fo=1, routed)           0.000    16.053    weight_sram_instance/g79_b6__0_n_0
    SLICE_X64Y35         MUXF7 (Prop_muxf7_I1_O)      0.217    16.270 r  weight_sram_instance/read_data_reg[15]_i_272/O
                         net (fo=1, routed)           0.000    16.270    weight_sram_instance/read_data_reg[15]_i_272_n_0
    SLICE_X64Y35         MUXF8 (Prop_muxf8_I1_O)      0.094    16.364 r  weight_sram_instance/read_data_reg[15]_i_210/O
                         net (fo=1, routed)           0.571    16.936    weight_sram_instance/read_data_reg[15]_i_210_n_0
    SLICE_X67Y35         LUT6 (Prop_lut6_I0_O)        0.316    17.252 r  weight_sram_instance/read_data[15]_i_125/O
                         net (fo=1, routed)           0.000    17.252    weight_sram_instance/read_data[15]_i_125_n_0
    SLICE_X67Y35         MUXF7 (Prop_muxf7_I1_O)      0.245    17.497 r  weight_sram_instance/read_data_reg[15]_i_52/O
                         net (fo=1, routed)           0.946    18.442    weight_sram_instance/read_data_reg[15]_i_52_n_0
    SLICE_X74Y35         LUT6 (Prop_lut6_I5_O)        0.298    18.740 r  weight_sram_instance/read_data[15]_i_19/O
                         net (fo=1, routed)           0.000    18.740    weight_sram_instance/read_data[15]_i_19_n_0
    SLICE_X74Y35         MUXF7 (Prop_muxf7_I1_O)      0.245    18.985 r  weight_sram_instance/read_data_reg[15]_i_7/O
                         net (fo=1, routed)           0.000    18.985    weight_sram_instance/read_data_reg[15]_i_7_n_0
    SLICE_X74Y35         MUXF8 (Prop_muxf8_I0_O)      0.104    19.089 r  weight_sram_instance/read_data_reg[15]_i_3/O
                         net (fo=2, routed)           0.527    19.616    weight_sram_instance/read_data_reg[15]_i_3_n_0
    SLICE_X75Y35         LUT6 (Prop_lut6_I4_O)        0.316    19.932 r  weight_sram_instance/read_data[14]_i_1/O
                         net (fo=1, routed)           0.000    19.932    weight_sram_instance/p_14_out[14]
    SLICE_X75Y35         FDRE                                         r  weight_sram_instance/read_data_reg[14]/D
  -------------------------------------------------------------------    -------------------

                         (clock s_axi_aclk rise edge)
                                                     10.000    10.000 r  
    U7                                                0.000    10.000 r  s_axi_aclk (IN)
                         net (fo=0)                   0.000    10.000    s_axi_aclk
    U7                   IBUF (Prop_ibuf_I_O)         0.924    10.924 r  s_axi_aclk_IBUF_inst/O
                         net (fo=1, routed)           1.972    12.896    s_axi_aclk_IBUF
    BUFGCTRL_X0Y0        BUFG (Prop_bufg_I_O)         0.091    12.987 r  s_axi_aclk_IBUF_BUFG_inst/O
                         net (fo=1465, routed)        1.551    14.538    weight_sram_instance/s_axi_aclk_IBUF_BUFG
    SLICE_X75Y35         FDRE                                         r  weight_sram_instance/read_data_reg[14]/C
                         clock pessimism              0.458    14.996    
                         clock uncertainty           -0.035    14.961    
    SLICE_X75Y35         FDRE (Setup_fdre_C_D)        0.031    14.992    weight_sram_instance/read_data_reg[14]
  -------------------------------------------------------------------
                         required time                         14.992    
                         arrival time                         -19.932    
  -------------------------------------------------------------------
                         slack                                 -4.940    

Slack (VIOLATED) :        -4.913ns  (required time - arrival time)
  Source:                 systolic_controller_instance/cycle_count_reg[5]/C
                            (rising edge-triggered cell FDCE clocked by s_axi_aclk  {rise@0.000ns fall@5.000ns period=10.000ns})
  Destination:            weight_sram_instance/read_data_reg[18]/D
                            (rising edge-triggered cell FDRE clocked by s_axi_aclk  {rise@0.000ns fall@5.000ns period=10.000ns})
  Path Group:             s_axi_aclk
  Path Type:              Setup (Max at Slow Process Corner)
  Requirement:            10.000ns  (s_axi_aclk rise@10.000ns - s_axi_aclk rise@0.000ns)
  Data Path Delay:        14.857ns  (logic 5.302ns (35.687%)  route 9.555ns (64.313%))
  Logic Levels:           16  (CARRY4=3 DSP48E1=1 LUT5=3 LUT6=6 MUXF7=3)
  Clock Path Skew:        -0.053ns (DCD - SCD + CPR)
    Destination Clock Delay (DCD):    4.532ns = ( 14.532 - 10.000 ) 
    Source Clock Delay      (SCD):    5.043ns
    Clock Pessimism Removal (CPR):    0.458ns
  Clock Uncertainty:      0.035ns  ((TSJ^2 + TIJ^2)^1/2 + DJ) / 2 + PE
    Total System Jitter     (TSJ):    0.071ns
    Total Input Jitter      (TIJ):    0.000ns
    Discrete Jitter          (DJ):    0.000ns
    Phase Error              (PE):    0.000ns

    Location             Delay type                Incr(ns)  Path(ns)    Netlist Resource(s)
  -------------------------------------------------------------------    -------------------
                         (clock s_axi_aclk rise edge)
                                                      0.000     0.000 r  
    U7                                                0.000     0.000 r  s_axi_aclk (IN)
                         net (fo=0)                   0.000     0.000    s_axi_aclk
    U7                   IBUF (Prop_ibuf_I_O)         1.058     1.058 r  s_axi_aclk_IBUF_inst/O
                         net (fo=1, routed)           2.171     3.229    s_axi_aclk_IBUF
    BUFGCTRL_X0Y0        BUFG (Prop_bufg_I_O)         0.101     3.330 r  s_axi_aclk_IBUF_BUFG_inst/O
                         net (fo=1465, routed)        1.713     5.043    systolic_controller_instance/s_axi_aclk_IBUF_BUFG
    SLICE_X55Y19         FDCE                                         r  systolic_controller_instance/cycle_count_reg[5]/C
  -------------------------------------------------------------------    -------------------
    SLICE_X55Y19         FDCE (Prop_fdce_C_Q)         0.456     5.499 r  systolic_controller_instance/cycle_count_reg[5]/Q
                         net (fo=70, routed)          0.893     6.393    systolic_controller_instance/cycle_count_reg_n_0_[5]
    SLICE_X54Y19         LUT6 (Prop_lut6_I0_O)        0.124     6.517 r  systolic_controller_instance/consumed_feature_count_2[10]_i_4/O
                         net (fo=24, routed)          0.210     6.727    systolic_controller_instance/consumed_feature_count_2[10]_i_4_n_0
    SLICE_X54Y19         LUT6 (Prop_lut6_I3_O)        0.124     6.851 r  systolic_controller_instance/read_valid[2]_i_14/O
                         net (fo=1, routed)           0.699     7.549    systolic_controller_instance/read_valid[2]_i_14_n_0
    SLICE_X53Y18         CARRY4 (Prop_carry4_DI[0]_CO[3])
                                                      0.526     8.075 r  systolic_controller_instance/read_valid_reg[2]_i_8/CO[3]
                         net (fo=1, routed)           0.000     8.075    systolic_controller_instance/read_valid_reg[2]_i_8_n_0
    SLICE_X53Y19         CARRY4 (Prop_carry4_CI_CO[3])
                                                      0.114     8.189 r  systolic_controller_instance/read_valid_reg[2]_i_3/CO[3]
                         net (fo=1, routed)           0.000     8.189    systolic_controller_instance/read_valid_reg[2]_i_3_n_0
    SLICE_X53Y20         CARRY4 (Prop_carry4_CI_CO[3])
                                                      0.114     8.303 r  systolic_controller_instance/read_valid_reg[2]_i_2/CO[3]
                         net (fo=4, routed)           0.939     9.242    systolic_controller_instance/operand_read_address21_in
    SLICE_X49Y18         LUT5 (Prop_lut5_I3_O)        0.124     9.366 r  systolic_controller_instance/read_valid[2]_i_1/O
                         net (fo=41, routed)          0.511     9.877    systolic_controller_instance/cycle_count_reg[2]_0[2]
    SLICE_X46Y16         LUT6 (Prop_lut6_I0_O)        0.124    10.001 r  systolic_controller_instance/read_data1__1_i_10/O
                         net (fo=8, routed)           1.119    11.120    weight_sram_instance/operand_read_address[25]
    DSP48_X2Y2           DSP48E1 (Prop_dsp48e1_C[5]_P[0])
                                                      1.820    12.940 r  weight_sram_instance/read_data1__1/P[0]
                         net (fo=2401, routed)        2.240    15.180    weight_sram_instance/read_data1__1_n_105
    SLICE_X55Y12         LUT6 (Prop_lut6_I0_O)        0.124    15.304 r  weight_sram_instance/g302_b2__1/O
                         net (fo=1, routed)           0.000    15.304    weight_sram_instance/g302_b2__1_n_0
    SLICE_X55Y12         MUXF7 (Prop_muxf7_I0_O)      0.212    15.516 r  weight_sram_instance/read_data_reg[18]_i_116/O
                         net (fo=1, routed)           1.001    16.517    weight_sram_instance/read_data_reg[18]_i_116_n_0
    SLICE_X54Y13         LUT6 (Prop_lut6_I0_O)        0.299    16.816 r  weight_sram_instance/read_data[18]_i_55/O
                         net (fo=1, routed)           0.000    16.816    weight_sram_instance/read_data[18]_i_55_n_0
    SLICE_X54Y13         MUXF7 (Prop_muxf7_I1_O)      0.214    17.030 r  weight_sram_instance/read_data_reg[18]_i_30/O
                         net (fo=1, routed)           0.797    17.827    weight_sram_instance/read_data_reg[18]_i_30_n_0
    SLICE_X54Y14         LUT6 (Prop_lut6_I1_O)        0.297    18.124 r  weight_sram_instance/read_data[18]_i_14/O
                         net (fo=1, routed)           0.000    18.124    weight_sram_instance/read_data[18]_i_14_n_0
    SLICE_X54Y14         MUXF7 (Prop_muxf7_I0_O)      0.209    18.333 r  weight_sram_instance/read_data_reg[18]_i_5/O
                         net (fo=1, routed)           0.718    19.051    weight_sram_instance/read_data_reg[18]_i_5_n_0
    SLICE_X54Y14         LUT5 (Prop_lut5_I0_O)        0.297    19.348 r  weight_sram_instance/read_data[18]_i_2/O
                         net (fo=1, routed)           0.428    19.777    weight_sram_instance/read_data[18]_i_2_n_0
    SLICE_X57Y15         LUT5 (Prop_lut5_I0_O)        0.124    19.901 r  weight_sram_instance/read_data[18]_i_1/O
                         net (fo=1, routed)           0.000    19.901    weight_sram_instance/p_14_out[18]
    SLICE_X57Y15         FDRE                                         r  weight_sram_instance/read_data_reg[18]/D
  -------------------------------------------------------------------    -------------------

                         (clock s_axi_aclk rise edge)
                                                     10.000    10.000 r  
    U7                                                0.000    10.000 r  s_axi_aclk (IN)
                         net (fo=0)                   0.000    10.000    s_axi_aclk
    U7                   IBUF (Prop_ibuf_I_O)         0.924    10.924 r  s_axi_aclk_IBUF_inst/O
                         net (fo=1, routed)           1.972    12.896    s_axi_aclk_IBUF
    BUFGCTRL_X0Y0        BUFG (Prop_bufg_I_O)         0.091    12.987 r  s_axi_aclk_IBUF_BUFG_inst/O
                         net (fo=1465, routed)        1.545    14.532    weight_sram_instance/s_axi_aclk_IBUF_BUFG
    SLICE_X57Y15         FDRE                                         r  weight_sram_instance/read_data_reg[18]/C
                         clock pessimism              0.458    14.990    
                         clock uncertainty           -0.035    14.955    
    SLICE_X57Y15         FDRE (Setup_fdre_C_D)        0.032    14.987    weight_sram_instance/read_data_reg[18]
  -------------------------------------------------------------------
                         required time                         14.987    
                         arrival time                         -19.901    
  -------------------------------------------------------------------
                         slack                                 -4.913    

Slack (VIOLATED) :        -4.912ns  (required time - arrival time)
  Source:                 systolic_controller_instance/cycle_count_reg[4]/C
                            (rising edge-triggered cell FDCE clocked by s_axi_aclk  {rise@0.000ns fall@5.000ns period=10.000ns})
  Destination:            weight_sram_instance/read_data_reg[37]/D
                            (rising edge-triggered cell FDRE clocked by s_axi_aclk  {rise@0.000ns fall@5.000ns period=10.000ns})
  Path Group:             s_axi_aclk
  Path Type:              Setup (Max at Slow Process Corner)
  Requirement:            10.000ns  (s_axi_aclk rise@10.000ns - s_axi_aclk rise@0.000ns)
  Data Path Delay:        14.996ns  (logic 5.433ns (36.229%)  route 9.563ns (63.771%))
  Logic Levels:           16  (CARRY4=3 DSP48E1=1 LUT4=2 LUT5=3 LUT6=3 MUXF7=3 MUXF8=1)
  Clock Path Skew:        0.088ns (DCD - SCD + CPR)
    Destination Clock Delay (DCD):    4.673ns = ( 14.673 - 10.000 ) 
    Source Clock Delay      (SCD):    5.043ns
    Clock Pessimism Removal (CPR):    0.458ns
  Clock Uncertainty:      0.035ns  ((TSJ^2 + TIJ^2)^1/2 + DJ) / 2 + PE
    Total System Jitter     (TSJ):    0.071ns
    Total Input Jitter      (TIJ):    0.000ns
    Discrete Jitter          (DJ):    0.000ns
    Phase Error              (PE):    0.000ns

    Location             Delay type                Incr(ns)  Path(ns)    Netlist Resource(s)
  -------------------------------------------------------------------    -------------------
                         (clock s_axi_aclk rise edge)
                                                      0.000     0.000 r  
    U7                                                0.000     0.000 r  s_axi_aclk (IN)
                         net (fo=0)                   0.000     0.000    s_axi_aclk
    U7                   IBUF (Prop_ibuf_I_O)         1.058     1.058 r  s_axi_aclk_IBUF_inst/O
                         net (fo=1, routed)           2.171     3.229    s_axi_aclk_IBUF
    BUFGCTRL_X0Y0        BUFG (Prop_bufg_I_O)         0.101     3.330 r  s_axi_aclk_IBUF_BUFG_inst/O
                         net (fo=1465, routed)        1.713     5.043    systolic_controller_instance/s_axi_aclk_IBUF_BUFG
    SLICE_X54Y19         FDCE                                         r  systolic_controller_instance/cycle_count_reg[4]/C
  -------------------------------------------------------------------    -------------------
    SLICE_X54Y19         FDCE (Prop_fdce_C_Q)         0.518     5.561 r  systolic_controller_instance/cycle_count_reg[4]/Q
                         net (fo=74, routed)          1.072     6.634    systolic_controller_instance/cycle_count_reg_n_0_[4]
    SLICE_X58Y19         LUT5 (Prop_lut5_I2_O)        0.124     6.758 r  systolic_controller_instance/consumed_feature_count_4[10]_i_5/O
                         net (fo=25, routed)          0.705     7.463    systolic_controller_instance/consumed_feature_count_4[10]_i_5_n_0
    SLICE_X59Y19         LUT4 (Prop_lut4_I3_O)        0.124     7.587 r  systolic_controller_instance/read_valid[4]_i_19/O
                         net (fo=1, routed)           0.000     7.587    systolic_controller_instance/read_valid[4]_i_19_n_0
    SLICE_X59Y19         CARRY4 (Prop_carry4_S[1]_CO[3])
                                                      0.550     8.137 r  systolic_controller_instance/read_valid_reg[4]_i_10/CO[3]
                         net (fo=1, routed)           0.000     8.137    systolic_controller_instance/read_valid_reg[4]_i_10_n_0
    SLICE_X59Y20         CARRY4 (Prop_carry4_CI_CO[3])
                                                      0.114     8.251 r  systolic_controller_instance/read_valid_reg[4]_i_5/CO[3]
                         net (fo=1, routed)           0.000     8.251    systolic_controller_instance/read_valid_reg[4]_i_5_n_0
    SLICE_X59Y21         CARRY4 (Prop_carry4_CI_CO[3])
                                                      0.114     8.365 r  systolic_controller_instance/read_valid_reg[4]_i_3/CO[3]
                         net (fo=4, routed)           0.666     9.030    systolic_controller_instance/operand_read_address29_in
    SLICE_X58Y20         LUT4 (Prop_lut4_I1_O)        0.124     9.154 r  systolic_controller_instance/read_valid[4]_i_1/O
                         net (fo=47, routed)          0.397     9.551    systolic_controller_instance/cycle_count_reg[2]_0[4]
    SLICE_X58Y21         LUT5 (Prop_lut5_I0_O)        0.124     9.675 r  systolic_controller_instance/read_data1__3_i_7/O
                         net (fo=4, routed)           1.483    11.158    weight_sram_instance/operand_read_address[45]
    DSP48_X3Y8           DSP48E1 (Prop_dsp48e1_C[5]_P[0])
                                                      1.820    12.978 r  weight_sram_instance/read_data1__3/P[0]
                         net (fo=2401, routed)        2.560    15.538    weight_sram_instance/read_data1__3_n_105
    SLICE_X110Y14        LUT6 (Prop_lut6_I0_O)        0.124    15.662 r  weight_sram_instance/g361_b5__3/O
                         net (fo=1, routed)           0.000    15.662    weight_sram_instance/g361_b5__3_n_0
    SLICE_X110Y14        MUXF7 (Prop_muxf7_I1_O)      0.245    15.907 r  weight_sram_instance/read_data_reg[37]_i_166/O
                         net (fo=1, routed)           0.000    15.907    weight_sram_instance/read_data_reg[37]_i_166_n_0
    SLICE_X110Y14        MUXF8 (Prop_muxf8_I0_O)      0.104    16.011 r  weight_sram_instance/read_data_reg[37]_i_99/O
                         net (fo=1, routed)           0.794    16.805    weight_sram_instance/read_data_reg[37]_i_99_n_0
    SLICE_X109Y14        LUT6 (Prop_lut6_I5_O)        0.316    17.121 r  weight_sram_instance/read_data[37]_i_45/O
                         net (fo=1, routed)           0.000    17.121    weight_sram_instance/read_data[37]_i_45_n_0
    SLICE_X109Y14        MUXF7 (Prop_muxf7_I1_O)      0.217    17.338 r  weight_sram_instance/read_data_reg[37]_i_17/O
                         net (fo=1, routed)           1.158    18.496    weight_sram_instance/read_data_reg[37]_i_17_n_0
    SLICE_X106Y25        LUT5 (Prop_lut5_I0_O)        0.299    18.795 r  weight_sram_instance/read_data[37]_i_6/O
                         net (fo=1, routed)           0.000    18.795    weight_sram_instance/read_data[37]_i_6_n_0
    SLICE_X106Y25        MUXF7 (Prop_muxf7_I1_O)      0.217    19.012 r  weight_sram_instance/read_data_reg[37]_i_2/O
                         net (fo=1, routed)           0.729    19.741    weight_sram_instance/read_data_reg[37]_i_2_n_0
    SLICE_X107Y20        LUT6 (Prop_lut6_I1_O)        0.299    20.040 r  weight_sram_instance/read_data[37]_i_1/O
                         net (fo=1, routed)           0.000    20.040    weight_sram_instance/p_14_out[37]
    SLICE_X107Y20        FDRE                                         r  weight_sram_instance/read_data_reg[37]/D
  -------------------------------------------------------------------    -------------------

                         (clock s_axi_aclk rise edge)
                                                     10.000    10.000 r  
    U7                                                0.000    10.000 r  s_axi_aclk (IN)
                         net (fo=0)                   0.000    10.000    s_axi_aclk
    U7                   IBUF (Prop_ibuf_I_O)         0.924    10.924 r  s_axi_aclk_IBUF_inst/O
                         net (fo=1, routed)           1.972    12.896    s_axi_aclk_IBUF
    BUFGCTRL_X0Y0        BUFG (Prop_bufg_I_O)         0.091    12.987 r  s_axi_aclk_IBUF_BUFG_inst/O
                         net (fo=1465, routed)        1.686    14.673    weight_sram_instance/s_axi_aclk_IBUF_BUFG
    SLICE_X107Y20        FDRE                                         r  weight_sram_instance/read_data_reg[37]/C
                         clock pessimism              0.458    15.131    
                         clock uncertainty           -0.035    15.096    
    SLICE_X107Y20        FDRE (Setup_fdre_C_D)        0.031    15.127    weight_sram_instance/read_data_reg[37]
  -------------------------------------------------------------------
                         required time                         15.127    
                         arrival time                         -20.040    
  -------------------------------------------------------------------
                         slack                                 -4.912    

Slack (VIOLATED) :        -4.912ns  (required time - arrival time)
  Source:                 systolic_controller_instance/cycle_count_reg[4]/C
                            (rising edge-triggered cell FDCE clocked by s_axi_aclk  {rise@0.000ns fall@5.000ns period=10.000ns})
  Destination:            weight_sram_instance/read_data_reg[36]/D
                            (rising edge-triggered cell FDRE clocked by s_axi_aclk  {rise@0.000ns fall@5.000ns period=10.000ns})
  Path Group:             s_axi_aclk
  Path Type:              Setup (Max at Slow Process Corner)
  Requirement:            10.000ns  (s_axi_aclk rise@10.000ns - s_axi_aclk rise@0.000ns)
  Data Path Delay:        14.930ns  (logic 5.453ns (36.523%)  route 9.477ns (63.477%))
  Logic Levels:           16  (CARRY4=3 DSP48E1=1 LUT4=2 LUT5=2 LUT6=4 MUXF7=3 MUXF8=1)
  Clock Path Skew:        0.023ns (DCD - SCD + CPR)
    Destination Clock Delay (DCD):    4.608ns = ( 14.608 - 10.000 ) 
    Source Clock Delay      (SCD):    5.043ns
    Clock Pessimism Removal (CPR):    0.458ns
  Clock Uncertainty:      0.035ns  ((TSJ^2 + TIJ^2)^1/2 + DJ) / 2 + PE
    Total System Jitter     (TSJ):    0.071ns
    Total Input Jitter      (TIJ):    0.000ns
    Discrete Jitter          (DJ):    0.000ns
    Phase Error              (PE):    0.000ns

    Location             Delay type                Incr(ns)  Path(ns)    Netlist Resource(s)
  -------------------------------------------------------------------    -------------------
                         (clock s_axi_aclk rise edge)
                                                      0.000     0.000 r  
    U7                                                0.000     0.000 r  s_axi_aclk (IN)
                         net (fo=0)                   0.000     0.000    s_axi_aclk
    U7                   IBUF (Prop_ibuf_I_O)         1.058     1.058 r  s_axi_aclk_IBUF_inst/O
                         net (fo=1, routed)           2.171     3.229    s_axi_aclk_IBUF
    BUFGCTRL_X0Y0        BUFG (Prop_bufg_I_O)         0.101     3.330 r  s_axi_aclk_IBUF_BUFG_inst/O
                         net (fo=1465, routed)        1.713     5.043    systolic_controller_instance/s_axi_aclk_IBUF_BUFG
    SLICE_X54Y19         FDCE                                         r  systolic_controller_instance/cycle_count_reg[4]/C
  -------------------------------------------------------------------    -------------------
    SLICE_X54Y19         FDCE (Prop_fdce_C_Q)         0.518     5.561 r  systolic_controller_instance/cycle_count_reg[4]/Q
                         net (fo=74, routed)          1.072     6.634    systolic_controller_instance/cycle_count_reg_n_0_[4]
    SLICE_X58Y19         LUT5 (Prop_lut5_I2_O)        0.124     6.758 r  systolic_controller_instance/consumed_feature_count_4[10]_i_5/O
                         net (fo=25, routed)          0.705     7.463    systolic_controller_instance/consumed_feature_count_4[10]_i_5_n_0
    SLICE_X59Y19         LUT4 (Prop_lut4_I3_O)        0.124     7.587 r  systolic_controller_instance/read_valid[4]_i_19/O
                         net (fo=1, routed)           0.000     7.587    systolic_controller_instance/read_valid[4]_i_19_n_0
    SLICE_X59Y19         CARRY4 (Prop_carry4_S[1]_CO[3])
                                                      0.550     8.137 r  systolic_controller_instance/read_valid_reg[4]_i_10/CO[3]
                         net (fo=1, routed)           0.000     8.137    systolic_controller_instance/read_valid_reg[4]_i_10_n_0
    SLICE_X59Y20         CARRY4 (Prop_carry4_CI_CO[3])
                                                      0.114     8.251 r  systolic_controller_instance/read_valid_reg[4]_i_5/CO[3]
                         net (fo=1, routed)           0.000     8.251    systolic_controller_instance/read_valid_reg[4]_i_5_n_0
    SLICE_X59Y21         CARRY4 (Prop_carry4_CI_CO[3])
                                                      0.114     8.365 r  systolic_controller_instance/read_valid_reg[4]_i_3/CO[3]
                         net (fo=4, routed)           0.666     9.030    systolic_controller_instance/operand_read_address29_in
    SLICE_X58Y20         LUT4 (Prop_lut4_I1_O)        0.124     9.154 r  systolic_controller_instance/read_valid[4]_i_1/O
                         net (fo=47, routed)          0.397     9.551    systolic_controller_instance/cycle_count_reg[2]_0[4]
    SLICE_X58Y21         LUT5 (Prop_lut5_I0_O)        0.124     9.675 r  systolic_controller_instance/read_data1__3_i_7/O
                         net (fo=4, routed)           1.483    11.158    weight_sram_instance/operand_read_address[45]
    DSP48_X3Y8           DSP48E1 (Prop_dsp48e1_C[5]_P[0])
                                                      1.820    12.978 r  weight_sram_instance/read_data1__3/P[0]
                         net (fo=2401, routed)        2.305    15.283    weight_sram_instance/read_data1__3_n_105
    SLICE_X85Y7          LUT6 (Prop_lut6_I0_O)        0.124    15.407 r  weight_sram_instance/g119_b4__3/O
                         net (fo=1, routed)           0.000    15.407    weight_sram_instance/g119_b4__3_n_0
    SLICE_X85Y7          MUXF7 (Prop_muxf7_I1_O)      0.217    15.624 r  weight_sram_instance/read_data_reg[36]_i_187/O
                         net (fo=1, routed)           0.803    16.427    weight_sram_instance/read_data_reg[36]_i_187_n_0
    SLICE_X85Y6          LUT6 (Prop_lut6_I0_O)        0.299    16.726 r  weight_sram_instance/read_data[36]_i_117/O
                         net (fo=1, routed)           0.000    16.726    weight_sram_instance/read_data[36]_i_117_n_0
    SLICE_X85Y6          MUXF7 (Prop_muxf7_I0_O)      0.238    16.964 r  weight_sram_instance/read_data_reg[36]_i_50/O
                         net (fo=1, routed)           1.306    18.270    weight_sram_instance/read_data_reg[36]_i_50_n_0
    SLICE_X101Y8         LUT6 (Prop_lut6_I0_O)        0.298    18.568 r  weight_sram_instance/read_data[36]_i_20/O
                         net (fo=1, routed)           0.000    18.568    weight_sram_instance/read_data[36]_i_20_n_0
    SLICE_X101Y8         MUXF7 (Prop_muxf7_I1_O)      0.245    18.813 r  weight_sram_instance/read_data_reg[36]_i_7/O
                         net (fo=1, routed)           0.000    18.813    weight_sram_instance/read_data_reg[36]_i_7_n_0
    SLICE_X101Y8         MUXF8 (Prop_muxf8_I0_O)      0.104    18.917 r  weight_sram_instance/read_data_reg[36]_i_3/O
                         net (fo=1, routed)           0.740    19.658    weight_sram_instance/read_data_reg[36]_i_3_n_0
    SLICE_X95Y6          LUT6 (Prop_lut6_I4_O)        0.316    19.974 r  weight_sram_instance/read_data[36]_i_1/O
                         net (fo=1, routed)           0.000    19.974    weight_sram_instance/p_14_out[36]
    SLICE_X95Y6          FDRE                                         r  weight_sram_instance/read_data_reg[36]/D
  -------------------------------------------------------------------    -------------------

                         (clock s_axi_aclk rise edge)
                                                     10.000    10.000 r  
    U7                                                0.000    10.000 r  s_axi_aclk (IN)
                         net (fo=0)                   0.000    10.000    s_axi_aclk
    U7                   IBUF (Prop_ibuf_I_O)         0.924    10.924 r  s_axi_aclk_IBUF_inst/O
                         net (fo=1, routed)           1.972    12.896    s_axi_aclk_IBUF
    BUFGCTRL_X0Y0        BUFG (Prop_bufg_I_O)         0.091    12.987 r  s_axi_aclk_IBUF_BUFG_inst/O
                         net (fo=1465, routed)        1.621    14.608    weight_sram_instance/s_axi_aclk_IBUF_BUFG
    SLICE_X95Y6          FDRE                                         r  weight_sram_instance/read_data_reg[36]/C
                         clock pessimism              0.458    15.066    
                         clock uncertainty           -0.035    15.031    
    SLICE_X95Y6          FDRE (Setup_fdre_C_D)        0.031    15.062    weight_sram_instance/read_data_reg[36]
  -------------------------------------------------------------------
                         required time                         15.062    
                         arrival time                         -19.974    
  -------------------------------------------------------------------
                         slack                                 -4.912    




