Copyright 1986-2022 Xilinx, Inc. All Rights Reserved.
----------------------------------------------------------------------------------------------------------------------------------------------------------------------------------------------
| Tool Version : Vivado v.2022.1 (win64) Build 3526262 Mon Apr 18 15:48:16 MDT 2022
| Date         : Tue Sep  8 17:28:02 2026
| Host         : BOOK-P2O9FRPHFQ running 64-bit major release  (build 9200)
| Command      : report_timing_summary -delay_type min_max -max_paths 20 -file C:/intelFPGA/18.1/dnn_optimization_project/vivado_ppa_compare/workspace_optimized/ppa_final/timing_summary.rpt
| Design       : zyNet
| Device       : 7z020-clg400
| Speed File   : -1  PRODUCTION 1.12 2019-11-22
----------------------------------------------------------------------------------------------------------------------------------------------------------------------------------------------

Timing Summary Report

------------------------------------------------------------------------------------------------
| Timer Settings
| --------------
------------------------------------------------------------------------------------------------

  Enable Multi Corner Analysis               :  Yes
  Enable Pessimism Removal                   :  Yes
  Pessimism Removal Resolution               :  Nearest Common Node
  Enable Input Delay Default Clock           :  No
  Enable Preset / Clear Arcs                 :  No
  Disable Flight Delays                      :  No
  Ignore I/O Paths                           :  No
  Timing Early Launch at Borrowing Latches   :  No
  Borrow Time for Max Delay Exceptions       :  Yes
  Merge Timing Exceptions                    :  Yes

  Corner  Analyze    Analyze    
  Name    Max Paths  Min Paths  
  ------  ---------  ---------  
  Slow    Yes        Yes        
  Fast    Yes        Yes        


------------------------------------------------------------------------------------------------
| Report Methodology
| ------------------
------------------------------------------------------------------------------------------------

No report available as report_methodology has not been run prior. Run report_methodology on the current design for the summary of methodology violations.



check_timing report

Table of Contents
-----------------
1. checking no_clock (0)
2. checking constant_clock (0)
3. checking pulse_width_clock (0)
4. checking unconstrained_internal_endpoints (0)
5. checking no_input_delay (20)
6. checking no_output_delay (11)
7. checking multiple_clock (0)
8. checking generated_clocks (0)
9. checking loops (0)
10. checking partial_input_delay (0)
11. checking partial_output_delay (0)
12. checking latch_loops (0)

1. checking no_clock (0)
------------------------
 There are 0 register/latch pins with no clock.


2. checking constant_clock (0)
------------------------------
 There are 0 register/latch pins with constant_clock.


3. checking pulse_width_clock (0)
---------------------------------
 There are 0 register/latch pins which need pulse_width check


4. checking unconstrained_internal_endpoints (0)
------------------------------------------------
 There are 0 pins that are not constrained for maximum delay.

 There are 0 pins that are not constrained for maximum delay due to constant clock.


5. checking no_input_delay (20)
-------------------------------
 There are 20 input ports with no input delay specified. (HIGH)

 There are 0 input ports with no input delay but user has a false path constraint.


6. checking no_output_delay (11)
--------------------------------
 There are 11 ports with no output delay specified. (HIGH)

 There are 0 ports with no output delay but user has a false path constraint

 There are 0 ports with no output delay but with a timing clock defined on it or propagating through it


7. checking multiple_clock (0)
------------------------------
 There are 0 register/latch pins with multiple clocks.


8. checking generated_clocks (0)
--------------------------------
 There are 0 generated clocks that are not connected to a clock source.


9. checking loops (0)
---------------------
 There are 0 combinational loops in the design.


10. checking partial_input_delay (0)
------------------------------------
 There are 0 input ports with partial input delay specified.


11. checking partial_output_delay (0)
-------------------------------------
 There are 0 ports with partial output delay specified.


12. checking latch_loops (0)
----------------------------
 There are 0 combinational latch loops in the design through latch input



------------------------------------------------------------------------------------------------
| Design Timing Summary
| ---------------------
------------------------------------------------------------------------------------------------

    WNS(ns)      TNS(ns)  TNS Failing Endpoints  TNS Total Endpoints      WHS(ns)      THS(ns)  THS Failing Endpoints  THS Total Endpoints     WPWS(ns)     TPWS(ns)  TPWS Failing Endpoints  TPWS Total Endpoints  
    -------      -------  ---------------------  -------------------      -------      -------  ---------------------  -------------------     --------     --------  ----------------------  --------------------  
     -5.362     -252.171                    104                 3043        0.113        0.000                      0                 3043        4.500        0.000                       0                  1466  


Timing constraints are not met.


------------------------------------------------------------------------------------------------
| Clock Summary
| -------------
------------------------------------------------------------------------------------------------

Clock       Waveform(ns)       Period(ns)      Frequency(MHz)
-----       ------------       ----------      --------------
s_axi_aclk  {0.000 5.000}      10.000          100.000         


------------------------------------------------------------------------------------------------
| Intra Clock Table
| -----------------
------------------------------------------------------------------------------------------------

Clock             WNS(ns)      TNS(ns)  TNS Failing Endpoints  TNS Total Endpoints      WHS(ns)      THS(ns)  THS Failing Endpoints  THS Total Endpoints     WPWS(ns)     TPWS(ns)  TPWS Failing Endpoints  TPWS Total Endpoints  
-----             -------      -------  ---------------------  -------------------      -------      -------  ---------------------  -------------------     --------     --------  ----------------------  --------------------  
s_axi_aclk         -5.362     -252.171                    104                 3043        0.113        0.000                      0                 3043        4.500        0.000                       0                  1466  


------------------------------------------------------------------------------------------------
| Inter Clock Table
| -----------------
------------------------------------------------------------------------------------------------

From Clock    To Clock          WNS(ns)      TNS(ns)  TNS Failing Endpoints  TNS Total Endpoints      WHS(ns)      THS(ns)  THS Failing Endpoints  THS Total Endpoints  
----------    --------          -------      -------  ---------------------  -------------------      -------      -------  ---------------------  -------------------  


------------------------------------------------------------------------------------------------
| Other Path Groups Table
| -----------------------
------------------------------------------------------------------------------------------------

Path Group    From Clock    To Clock          WNS(ns)      TNS(ns)  TNS Failing Endpoints  TNS Total Endpoints      WHS(ns)      THS(ns)  THS Failing Endpoints  THS Total Endpoints  
----------    ----------    --------          -------      -------  ---------------------  -------------------      -------      -------  ---------------------  -------------------  


------------------------------------------------------------------------------------------------
| Timing Details
| --------------
------------------------------------------------------------------------------------------------


---------------------------------------------------------------------------------------------------
From Clock:  s_axi_aclk
  To Clock:  s_axi_aclk

Setup :          104  Failing Endpoints,  Worst Slack       -5.362ns,  Total Violation     -252.171ns
Hold  :            0  Failing Endpoints,  Worst Slack        0.113ns,  Total Violation        0.000ns
PW    :            0  Failing Endpoints,  Worst Slack        4.500ns,  Total Violation        0.000ns
---------------------------------------------------------------------------------------------------


Max Delay Paths
--------------------------------------------------------------------------------------
Slack (VIOLATED) :        -5.362ns  (required time - arrival time)
  Source:                 systolic_controller_instance/cycle_count_reg[5]/C
                            (rising edge-triggered cell FDCE clocked by s_axi_aclk  {rise@0.000ns fall@5.000ns period=10.000ns})
  Destination:            weight_sram_instance/read_data_reg[24]/D
                            (rising edge-triggered cell FDRE clocked by s_axi_aclk  {rise@0.000ns fall@5.000ns period=10.000ns})
  Path Group:             s_axi_aclk
  Path Type:              Setup (Max at Slow Process Corner)
  Requirement:            10.000ns  (s_axi_aclk rise@10.000ns - s_axi_aclk rise@0.000ns)
  Data Path Delay:        15.216ns  (logic 5.506ns (36.184%)  route 9.710ns (63.816%))
  Logic Levels:           17  (CARRY4=3 DSP48E1=1 LUT5=3 LUT6=6 MUXF7=3 MUXF8=1)
  Clock Path Skew:        -0.142ns (DCD - SCD + CPR)
    Destination Clock Delay (DCD):    4.544ns = ( 14.544 - 10.000 ) 
    Source Clock Delay      (SCD):    5.043ns
    Clock Pessimism Removal (CPR):    0.357ns
  Clock Uncertainty:      0.035ns  ((TSJ^2 + TIJ^2)^1/2 + DJ) / 2 + PE
    Total System Jitter     (TSJ):    0.071ns
    Total Input Jitter      (TIJ):    0.000ns
    Discrete Jitter          (DJ):    0.000ns
    Phase Error              (PE):    0.000ns

    Location             Delay type                Incr(ns)  Path(ns)    Netlist Resource(s)
  -------------------------------------------------------------------    -------------------
                         (clock s_axi_aclk rise edge)
                                                      0.000     0.000 r  
    U7                                                0.000     0.000 r  s_axi_aclk (IN)
                         net (fo=0)                   0.000     0.000    s_axi_aclk
    U7                   IBUF (Prop_ibuf_I_O)         1.058     1.058 r  s_axi_aclk_IBUF_inst/O
                         net (fo=1, routed)           2.171     3.229    s_axi_aclk_IBUF
    BUFGCTRL_X0Y0        BUFG (Prop_bufg_I_O)         0.101     3.330 r  s_axi_aclk_IBUF_BUFG_inst/O
                         net (fo=1465, routed)        1.713     5.043    systolic_controller_instance/s_axi_aclk_IBUF_BUFG
    SLICE_X55Y19         FDCE                                         r  systolic_controller_instance/cycle_count_reg[5]/C
  -------------------------------------------------------------------    -------------------
    SLICE_X55Y19         FDCE (Prop_fdce_C_Q)         0.456     5.499 r  systolic_controller_instance/cycle_count_reg[5]/Q
                         net (fo=70, routed)          1.125     6.625    systolic_controller_instance/cycle_count_reg_n_0_[5]
    SLICE_X52Y20         LUT6 (Prop_lut6_I1_O)        0.124     6.749 r  systolic_controller_instance/consumed_feature_count_3[8]_i_3/O
                         net (fo=20, routed)          1.079     7.828    systolic_controller_instance/consumed_feature_count_3[8]_i_3_n_0
    SLICE_X45Y17         LUT6 (Prop_lut6_I0_O)        0.124     7.952 r  systolic_controller_instance/read_valid[3]_i_18/O
                         net (fo=1, routed)           0.000     7.952    systolic_controller_instance/read_valid[3]_i_18_n_0
    SLICE_X45Y17         CARRY4 (Prop_carry4_S[0]_CO[3])
                                                      0.532     8.484 r  systolic_controller_instance/read_valid_reg[3]_i_8/CO[3]
                         net (fo=1, routed)           0.000     8.484    systolic_controller_instance/read_valid_reg[3]_i_8_n_0
    SLICE_X45Y18         CARRY4 (Prop_carry4_CI_CO[3])
                                                      0.114     8.598 r  systolic_controller_instance/read_valid_reg[3]_i_3/CO[3]
                         net (fo=1, routed)           0.000     8.598    systolic_controller_instance/read_valid_reg[3]_i_3_n_0
    SLICE_X45Y19         CARRY4 (Prop_carry4_CI_CO[3])
                                                      0.114     8.712 r  systolic_controller_instance/read_valid_reg[3]_i_2/CO[3]
                         net (fo=4, routed)           0.983     9.694    systolic_controller_instance/operand_read_address24_in
    SLICE_X44Y19         LUT6 (Prop_lut6_I4_O)        0.124     9.818 r  systolic_controller_instance/read_valid[3]_i_1/O
                         net (fo=38, routed)          0.589    10.407    systolic_controller_instance/cycle_count_reg[2]_0[3]
    SLICE_X38Y16         LUT6 (Prop_lut6_I0_O)        0.124    10.531 r  systolic_controller_instance/read_data1__2_i_9/O
                         net (fo=8, routed)           1.281    11.811    weight_sram_instance/operand_read_address[34]
    DSP48_X1Y6           DSP48E1 (Prop_dsp48e1_C[4]_P[0])
                                                      1.820    13.631 r  weight_sram_instance/read_data1__2/P[0]
                         net (fo=2401, routed)        1.590    15.221    weight_sram_instance/read_data1__2_n_105
    SLICE_X19Y14         LUT6 (Prop_lut6_I0_O)        0.124    15.345 r  weight_sram_instance/g361_b0__2/O
                         net (fo=1, routed)           0.000    15.345    weight_sram_instance/g361_b0__2_n_0
    SLICE_X19Y14         MUXF7 (Prop_muxf7_I1_O)      0.245    15.590 r  weight_sram_instance/read_data_reg[24]_i_287/O
                         net (fo=1, routed)           0.000    15.590    weight_sram_instance/read_data_reg[24]_i_287_n_0
    SLICE_X19Y14         MUXF8 (Prop_muxf8_I0_O)      0.104    15.694 r  weight_sram_instance/read_data_reg[24]_i_150/O
                         net (fo=1, routed)           0.890    16.585    weight_sram_instance/read_data_reg[24]_i_150_n_0
    SLICE_X14Y12         LUT6 (Prop_lut6_I5_O)        0.316    16.901 r  weight_sram_instance/read_data[24]_i_65/O
                         net (fo=1, routed)           0.000    16.901    weight_sram_instance/read_data[24]_i_65_n_0
    SLICE_X14Y12         MUXF7 (Prop_muxf7_I1_O)      0.247    17.148 r  weight_sram_instance/read_data_reg[24]_i_33/O
                         net (fo=1, routed)           1.053    18.200    weight_sram_instance/read_data_reg[24]_i_33_n_0
    SLICE_X27Y20         LUT5 (Prop_lut5_I0_O)        0.298    18.498 r  weight_sram_instance/read_data[24]_i_14/O
                         net (fo=1, routed)           0.000    18.498    weight_sram_instance/read_data[24]_i_14_n_0
    SLICE_X27Y20         MUXF7 (Prop_muxf7_I1_O)      0.217    18.715 r  weight_sram_instance/read_data_reg[24]_i_5/O
                         net (fo=1, routed)           0.639    19.354    weight_sram_instance/read_data_reg[24]_i_5_n_0
    SLICE_X24Y20         LUT5 (Prop_lut5_I0_O)        0.299    19.653 r  weight_sram_instance/read_data[24]_i_2/O
                         net (fo=1, routed)           0.483    20.136    weight_sram_instance/read_data[24]_i_2_n_0
    SLICE_X29Y20         LUT5 (Prop_lut5_I0_O)        0.124    20.260 r  weight_sram_instance/read_data[24]_i_1/O
                         net (fo=1, routed)           0.000    20.260    weight_sram_instance/p_14_out[24]
    SLICE_X29Y20         FDRE                                         r  weight_sram_instance/read_data_reg[24]/D
  -------------------------------------------------------------------    -------------------

                         (clock s_axi_aclk rise edge)
                                                     10.000    10.000 r  
    U7                                                0.000    10.000 r  s_axi_aclk (IN)
                         net (fo=0)                   0.000    10.000    s_axi_aclk
    U7                   IBUF (Prop_ibuf_I_O)         0.924    10.924 r  s_axi_aclk_IBUF_inst/O
                         net (fo=1, routed)           1.972    12.896    s_axi_aclk_IBUF
    BUFGCTRL_X0Y0        BUFG (Prop_bufg_I_O)         0.091    12.987 r  s_axi_aclk_IBUF_BUFG_inst/O
                         net (fo=1465, routed)        1.557    14.544    weight_sram_instance/s_axi_aclk_IBUF_BUFG
    SLICE_X29Y20         FDRE                                         r  weight_sram_instance/read_data_reg[24]/C
                         clock pessimism              0.357    14.902    
                         clock uncertainty           -0.035    14.867    
    SLICE_X29Y20         FDRE (Setup_fdre_C_D)        0.031    14.898    weight_sram_instance/read_data_reg[24]
  -------------------------------------------------------------------
                         required time                         14.898    
                         arrival time                         -20.260    
  -------------------------------------------------------------------
                         slack                                 -5.362    

Slack (VIOLATED) :        -5.286ns  (required time - arrival time)
  Source:                 systolic_controller_instance/cycle_count_reg[5]/C
                            (rising edge-triggered cell FDCE clocked by s_axi_aclk  {rise@0.000ns fall@5.000ns period=10.000ns})
  Destination:            weight_sram_instance/read_data_reg[31]/D
                            (rising edge-triggered cell FDRE clocked by s_axi_aclk  {rise@0.000ns fall@5.000ns period=10.000ns})
  Path Group:             s_axi_aclk
  Path Type:              Setup (Max at Slow Process Corner)
  Requirement:            10.000ns  (s_axi_aclk rise@10.000ns - s_axi_aclk rise@0.000ns)
  Data Path Delay:        15.143ns  (logic 5.249ns (34.664%)  route 9.894ns (65.336%))
  Logic Levels:           15  (CARRY4=3 DSP48E1=1 LUT6=8 MUXF7=3)
  Clock Path Skew:        -0.139ns (DCD - SCD + CPR)
    Destination Clock Delay (DCD):    4.547ns = ( 14.547 - 10.000 ) 
    Source Clock Delay      (SCD):    5.043ns
    Clock Pessimism Removal (CPR):    0.357ns
  Clock Uncertainty:      0.035ns  ((TSJ^2 + TIJ^2)^1/2 + DJ) / 2 + PE
    Total System Jitter     (TSJ):    0.071ns
    Total Input Jitter      (TIJ):    0.000ns
    Discrete Jitter          (DJ):    0.000ns
    Phase Error              (PE):    0.000ns

    Location             Delay type                Incr(ns)  Path(ns)    Netlist Resource(s)
  -------------------------------------------------------------------    -------------------
                         (clock s_axi_aclk rise edge)
                                                      0.000     0.000 r  
    U7                                                0.000     0.000 r  s_axi_aclk (IN)
                         net (fo=0)                   0.000     0.000    s_axi_aclk
    U7                   IBUF (Prop_ibuf_I_O)         1.058     1.058 r  s_axi_aclk_IBUF_inst/O
                         net (fo=1, routed)           2.171     3.229    s_axi_aclk_IBUF
    BUFGCTRL_X0Y0        BUFG (Prop_bufg_I_O)         0.101     3.330 r  s_axi_aclk_IBUF_BUFG_inst/O
                         net (fo=1465, routed)        1.713     5.043    systolic_controller_instance/s_axi_aclk_IBUF_BUFG
    SLICE_X55Y19         FDCE                                         r  systolic_controller_instance/cycle_count_reg[5]/C
  -------------------------------------------------------------------    -------------------
    SLICE_X55Y19         FDCE (Prop_fdce_C_Q)         0.456     5.499 r  systolic_controller_instance/cycle_count_reg[5]/Q
                         net (fo=70, routed)          1.125     6.625    systolic_controller_instance/cycle_count_reg_n_0_[5]
    SLICE_X52Y20         LUT6 (Prop_lut6_I1_O)        0.124     6.749 r  systolic_controller_instance/consumed_feature_count_3[8]_i_3/O
                         net (fo=20, routed)          1.079     7.828    systolic_controller_instance/consumed_feature_count_3[8]_i_3_n_0
    SLICE_X45Y17         LUT6 (Prop_lut6_I0_O)        0.124     7.952 r  systolic_controller_instance/read_valid[3]_i_18/O
                         net (fo=1, routed)           0.000     7.952    systolic_controller_instance/read_valid[3]_i_18_n_0
    SLICE_X45Y17         CARRY4 (Prop_carry4_S[0]_CO[3])
                                                      0.532     8.484 r  systolic_controller_instance/read_valid_reg[3]_i_8/CO[3]
                         net (fo=1, routed)           0.000     8.484    systolic_controller_instance/read_valid_reg[3]_i_8_n_0
    SLICE_X45Y18         CARRY4 (Prop_carry4_CI_CO[3])
                                                      0.114     8.598 r  systolic_controller_instance/read_valid_reg[3]_i_3/CO[3]
                         net (fo=1, routed)           0.000     8.598    systolic_controller_instance/read_valid_reg[3]_i_3_n_0
    SLICE_X45Y19         CARRY4 (Prop_carry4_CI_CO[3])
                                                      0.114     8.712 r  systolic_controller_instance/read_valid_reg[3]_i_2/CO[3]
                         net (fo=4, routed)           0.983     9.694    systolic_controller_instance/operand_read_address24_in
    SLICE_X44Y19         LUT6 (Prop_lut6_I4_O)        0.124     9.818 r  systolic_controller_instance/read_valid[3]_i_1/O
                         net (fo=38, routed)          0.589    10.407    systolic_controller_instance/cycle_count_reg[2]_0[3]
    SLICE_X38Y16         LUT6 (Prop_lut6_I0_O)        0.124    10.531 r  systolic_controller_instance/read_data1__2_i_9/O
                         net (fo=8, routed)           1.281    11.811    weight_sram_instance/operand_read_address[34]
    DSP48_X1Y6           DSP48E1 (Prop_dsp48e1_C[4]_P[3])
                                                      1.820    13.631 r  weight_sram_instance/read_data1__2/P[3]
                         net (fo=2415, routed)        1.960    15.592    weight_sram_instance/read_data1__2_n_102
    SLICE_X22Y2          LUT6 (Prop_lut6_I3_O)        0.124    15.716 r  weight_sram_instance/g280_b6__2/O
                         net (fo=1, routed)           0.000    15.716    weight_sram_instance/g280_b6__2_n_0
    SLICE_X22Y2          MUXF7 (Prop_muxf7_I0_O)      0.241    15.957 r  weight_sram_instance/read_data_reg[31]_i_84/O
                         net (fo=1, routed)           0.965    16.922    weight_sram_instance/read_data_reg[31]_i_84_n_0
    SLICE_X23Y0          LUT6 (Prop_lut6_I5_O)        0.298    17.220 r  weight_sram_instance/read_data[31]_i_34/O
                         net (fo=1, routed)           0.000    17.220    weight_sram_instance/read_data[31]_i_34_n_0
    SLICE_X23Y0          MUXF7 (Prop_muxf7_I1_O)      0.245    17.465 r  weight_sram_instance/read_data_reg[31]_i_13/O
                         net (fo=1, routed)           1.084    18.549    weight_sram_instance/read_data_reg[31]_i_13_n_0
    SLICE_X29Y6          LUT6 (Prop_lut6_I3_O)        0.298    18.847 r  weight_sram_instance/read_data[31]_i_5/O
                         net (fo=1, routed)           0.000    18.847    weight_sram_instance/read_data[31]_i_5_n_0
    SLICE_X29Y6          MUXF7 (Prop_muxf7_I0_O)      0.212    19.059 r  weight_sram_instance/read_data_reg[31]_i_2/O
                         net (fo=2, routed)           0.828    19.887    weight_sram_instance/read_data_reg[31]_i_2_n_0
    SLICE_X29Y17         LUT6 (Prop_lut6_I1_O)        0.299    20.186 r  weight_sram_instance/read_data[31]_i_1/O
                         net (fo=1, routed)           0.000    20.186    weight_sram_instance/p_14_out[31]
    SLICE_X29Y17         FDRE                                         r  weight_sram_instance/read_data_reg[31]/D
  -------------------------------------------------------------------    -------------------

                         (clock s_axi_aclk rise edge)
                                                     10.000    10.000 r  
    U7                                                0.000    10.000 r  s_axi_aclk (IN)
                         net (fo=0)                   0.000    10.000    s_axi_aclk
    U7                   IBUF (Prop_ibuf_I_O)         0.924    10.924 r  s_axi_aclk_IBUF_inst/O
                         net (fo=1, routed)           1.972    12.896    s_axi_aclk_IBUF
    BUFGCTRL_X0Y0        BUFG (Prop_bufg_I_O)         0.091    12.987 r  s_axi_aclk_IBUF_BUFG_inst/O
                         net (fo=1465, routed)        1.560    14.547    weight_sram_instance/s_axi_aclk_IBUF_BUFG
    SLICE_X29Y17         FDRE                                         r  weight_sram_instance/read_data_reg[31]/C
                         clock pessimism              0.357    14.905    
                         clock uncertainty           -0.035    14.870    
    SLICE_X29Y17         FDRE (Setup_fdre_C_D)        0.031    14.901    weight_sram_instance/read_data_reg[31]
  -------------------------------------------------------------------
                         required time                         14.901    
                         arrival time                         -20.186    
  -------------------------------------------------------------------
                         slack                                 -5.286    

Slack (VIOLATED) :        -5.284ns  (required time - arrival time)
  Source:                 systolic_controller_instance/cycle_count_reg[5]/C
                            (rising edge-triggered cell FDCE clocked by s_axi_aclk  {rise@0.000ns fall@5.000ns period=10.000ns})
  Destination:            weight_sram_instance/read_data_reg[30]/D
                            (rising edge-triggered cell FDRE clocked by s_axi_aclk  {rise@0.000ns fall@5.000ns period=10.000ns})
  Path Group:             s_axi_aclk
  Path Type:              Setup (Max at Slow Process Corner)
  Requirement:            10.000ns  (s_axi_aclk rise@10.000ns - s_axi_aclk rise@0.000ns)
  Data Path Delay:        15.142ns  (logic 5.249ns (34.666%)  route 9.893ns (65.334%))
  Logic Levels:           15  (CARRY4=3 DSP48E1=1 LUT6=8 MUXF7=3)
  Clock Path Skew:        -0.139ns (DCD - SCD + CPR)
    Destination Clock Delay (DCD):    4.547ns = ( 14.547 - 10.000 ) 
    Source Clock Delay      (SCD):    5.043ns
    Clock Pessimism Removal (CPR):    0.357ns
  Clock Uncertainty:      0.035ns  ((TSJ^2 + TIJ^2)^1/2 + DJ) / 2 + PE
    Total System Jitter     (TSJ):    0.071ns
    Total Input Jitter      (TIJ):    0.000ns
    Discrete Jitter          (DJ):    0.000ns
    Phase Error              (PE):    0.000ns

    Location             Delay type                Incr(ns)  Path(ns)    Netlist Resource(s)
  -------------------------------------------------------------------    -------------------
                         (clock s_axi_aclk rise edge)
                                                      0.000     0.000 r  
    U7                                                0.000     0.000 r  s_axi_aclk (IN)
                         net (fo=0)                   0.000     0.000    s_axi_aclk
    U7                   IBUF (Prop_ibuf_I_O)         1.058     1.058 r  s_axi_aclk_IBUF_inst/O
                         net (fo=1, routed)           2.171     3.229    s_axi_aclk_IBUF
    BUFGCTRL_X0Y0        BUFG (Prop_bufg_I_O)         0.101     3.330 r  s_axi_aclk_IBUF_BUFG_inst/O
                         net (fo=1465, routed)        1.713     5.043    systolic_controller_instance/s_axi_aclk_IBUF_BUFG
    SLICE_X55Y19         FDCE                                         r  systolic_controller_instance/cycle_count_reg[5]/C
  -------------------------------------------------------------------    -------------------
    SLICE_X55Y19         FDCE (Prop_fdce_C_Q)         0.456     5.499 r  systolic_controller_instance/cycle_count_reg[5]/Q
                         net (fo=70, routed)          1.125     6.625    systolic_controller_instance/cycle_count_reg_n_0_[5]
    SLICE_X52Y20         LUT6 (Prop_lut6_I1_O)        0.124     6.749 r  systolic_controller_instance/consumed_feature_count_3[8]_i_3/O
                         net (fo=20, routed)          1.079     7.828    systolic_controller_instance/consumed_feature_count_3[8]_i_3_n_0
    SLICE_X45Y17         LUT6 (Prop_lut6_I0_O)        0.124     7.952 r  systolic_controller_instance/read_valid[3]_i_18/O
                         net (fo=1, routed)           0.000     7.952    systolic_controller_instance/read_valid[3]_i_18_n_0
    SLICE_X45Y17         CARRY4 (Prop_carry4_S[0]_CO[3])
                                                      0.532     8.484 r  systolic_controller_instance/read_valid_reg[3]_i_8/CO[3]
                         net (fo=1, routed)           0.000     8.484    systolic_controller_instance/read_valid_reg[3]_i_8_n_0
    SLICE_X45Y18         CARRY4 (Prop_carry4_CI_CO[3])
                                                      0.114     8.598 r  systolic_controller_instance/read_valid_reg[3]_i_3/CO[3]
                         net (fo=1, routed)           0.000     8.598    systolic_controller_instance/read_valid_reg[3]_i_3_n_0
    SLICE_X45Y19         CARRY4 (Prop_carry4_CI_CO[3])
                                                      0.114     8.712 r  systolic_controller_instance/read_valid_reg[3]_i_2/CO[3]
                         net (fo=4, routed)           0.983     9.694    systolic_controller_instance/operand_read_address24_in
    SLICE_X44Y19         LUT6 (Prop_lut6_I4_O)        0.124     9.818 r  systolic_controller_instance/read_valid[3]_i_1/O
                         net (fo=38, routed)          0.589    10.407    systolic_controller_instance/cycle_count_reg[2]_0[3]
    SLICE_X38Y16         LUT6 (Prop_lut6_I0_O)        0.124    10.531 r  systolic_controller_instance/read_data1__2_i_9/O
                         net (fo=8, routed)           1.281    11.811    weight_sram_instance/operand_read_address[34]
    DSP48_X1Y6           DSP48E1 (Prop_dsp48e1_C[4]_P[3])
                                                      1.820    13.631 r  weight_sram_instance/read_data1__2/P[3]
                         net (fo=2415, routed)        1.960    15.592    weight_sram_instance/read_data1__2_n_102
    SLICE_X22Y2          LUT6 (Prop_lut6_I3_O)        0.124    15.716 r  weight_sram_instance/g280_b6__2/O
                         net (fo=1, routed)           0.000    15.716    weight_sram_instance/g280_b6__2_n_0
    SLICE_X22Y2          MUXF7 (Prop_muxf7_I0_O)      0.241    15.957 r  weight_sram_instance/read_data_reg[31]_i_84/O
                         net (fo=1, routed)           0.965    16.922    weight_sram_instance/read_data_reg[31]_i_84_n_0
    SLICE_X23Y0          LUT6 (Prop_lut6_I5_O)        0.298    17.220 r  weight_sram_instance/read_data[31]_i_34/O
                         net (fo=1, routed)           0.000    17.220    weight_sram_instance/read_data[31]_i_34_n_0
    SLICE_X23Y0          MUXF7 (Prop_muxf7_I1_O)      0.245    17.465 r  weight_sram_instance/read_data_reg[31]_i_13/O
                         net (fo=1, routed)           1.084    18.549    weight_sram_instance/read_data_reg[31]_i_13_n_0
    SLICE_X29Y6          LUT6 (Prop_lut6_I3_O)        0.298    18.847 r  weight_sram_instance/read_data[31]_i_5/O
                         net (fo=1, routed)           0.000    18.847    weight_sram_instance/read_data[31]_i_5_n_0
    SLICE_X29Y6          MUXF7 (Prop_muxf7_I0_O)      0.212    19.059 r  weight_sram_instance/read_data_reg[31]_i_2/O
                         net (fo=2, routed)           0.827    19.886    weight_sram_instance/read_data_reg[31]_i_2_n_0
    SLICE_X29Y17         LUT6 (Prop_lut6_I1_O)        0.299    20.185 r  weight_sram_instance/read_data[30]_i_1/O
                         net (fo=1, routed)           0.000    20.185    weight_sram_instance/p_14_out[30]
    SLICE_X29Y17         FDRE                                         r  weight_sram_instance/read_data_reg[30]/D
  -------------------------------------------------------------------    -------------------

                         (clock s_axi_aclk rise edge)
                                                     10.000    10.000 r  
    U7                                                0.000    10.000 r  s_axi_aclk (IN)
                         net (fo=0)                   0.000    10.000    s_axi_aclk
    U7                   IBUF (Prop_ibuf_I_O)         0.924    10.924 r  s_axi_aclk_IBUF_inst/O
                         net (fo=1, routed)           1.972    12.896    s_axi_aclk_IBUF
    BUFGCTRL_X0Y0        BUFG (Prop_bufg_I_O)         0.091    12.987 r  s_axi_aclk_IBUF_BUFG_inst/O
                         net (fo=1465, routed)        1.560    14.547    weight_sram_instance/s_axi_aclk_IBUF_BUFG
    SLICE_X29Y17         FDRE                                         r  weight_sram_instance/read_data_reg[30]/C
                         clock pessimism              0.357    14.905    
                         clock uncertainty           -0.035    14.870    
    SLICE_X29Y17         FDRE (Setup_fdre_C_D)        0.032    14.902    weight_sram_instance/read_data_reg[30]
  -------------------------------------------------------------------
                         required time                         14.902    
                         arrival time                         -20.185    
  -------------------------------------------------------------------
                         slack                                 -5.284    

Slack (VIOLATED) :        -5.280ns  (required time - arrival time)
  Source:                 systolic_controller_instance/cycle_count_reg[5]/C
                            (rising edge-triggered cell FDCE clocked by s_axi_aclk  {rise@0.000ns fall@5.000ns period=10.000ns})
  Destination:            weight_sram_instance/read_data_reg[26]/D
                            (rising edge-triggered cell FDRE clocked by s_axi_aclk  {rise@0.000ns fall@5.000ns period=10.000ns})
  Path Group:             s_axi_aclk
  Path Type:              Setup (Max at Slow Process Corner)
  Requirement:            10.000ns  (s_axi_aclk rise@10.000ns - s_axi_aclk rise@0.000ns)
  Data Path Delay:        15.142ns  (logic 5.472ns (36.137%)  route 9.670ns (63.863%))
  Logic Levels:           17  (CARRY4=3 DSP48E1=1 LUT5=2 LUT6=7 MUXF7=3 MUXF8=1)
  Clock Path Skew:        -0.135ns (DCD - SCD + CPR)
    Destination Clock Delay (DCD):    4.551ns = ( 14.551 - 10.000 ) 
    Source Clock Delay      (SCD):    5.043ns
    Clock Pessimism Removal (CPR):    0.357ns
  Clock Uncertainty:      0.035ns  ((TSJ^2 + TIJ^2)^1/2 + DJ) / 2 + PE
    Total System Jitter     (TSJ):    0.071ns
    Total Input Jitter      (TIJ):    0.000ns
    Discrete Jitter          (DJ):    0.000ns
    Phase Error              (PE):    0.000ns

    Location             Delay type                Incr(ns)  Path(ns)    Netlist Resource(s)
  -------------------------------------------------------------------    -------------------
                         (clock s_axi_aclk rise edge)
                                                      0.000     0.000 r  
    U7                                                0.000     0.000 r  s_axi_aclk (IN)
                         net (fo=0)                   0.000     0.000    s_axi_aclk
    U7                   IBUF (Prop_ibuf_I_O)         1.058     1.058 r  s_axi_aclk_IBUF_inst/O
                         net (fo=1, routed)           2.171     3.229    s_axi_aclk_IBUF
    BUFGCTRL_X0Y0        BUFG (Prop_bufg_I_O)         0.101     3.330 r  s_axi_aclk_IBUF_BUFG_inst/O
                         net (fo=1465, routed)        1.713     5.043    systolic_controller_instance/s_axi_aclk_IBUF_BUFG
    SLICE_X55Y19         FDCE                                         r  systolic_controller_instance/cycle_count_reg[5]/C
  -------------------------------------------------------------------    -------------------
    SLICE_X55Y19         FDCE (Prop_fdce_C_Q)         0.456     5.499 r  systolic_controller_instance/cycle_count_reg[5]/Q
                         net (fo=70, routed)          1.125     6.625    systolic_controller_instance/cycle_count_reg_n_0_[5]
    SLICE_X52Y20         LUT6 (Prop_lut6_I1_O)        0.124     6.749 r  systolic_controller_instance/consumed_feature_count_3[8]_i_3/O
                         net (fo=20, routed)          1.079     7.828    systolic_controller_instance/consumed_feature_count_3[8]_i_3_n_0
    SLICE_X45Y17         LUT6 (Prop_lut6_I0_O)        0.124     7.952 r  systolic_controller_instance/read_valid[3]_i_18/O
                         net (fo=1, routed)           0.000     7.952    systolic_controller_instance/read_valid[3]_i_18_n_0
    SLICE_X45Y17         CARRY4 (Prop_carry4_S[0]_CO[3])
                                                      0.532     8.484 r  systolic_controller_instance/read_valid_reg[3]_i_8/CO[3]
                         net (fo=1, routed)           0.000     8.484    systolic_controller_instance/read_valid_reg[3]_i_8_n_0
    SLICE_X45Y18         CARRY4 (Prop_carry4_CI_CO[3])
                                                      0.114     8.598 r  systolic_controller_instance/read_valid_reg[3]_i_3/CO[3]
                         net (fo=1, routed)           0.000     8.598    systolic_controller_instance/read_valid_reg[3]_i_3_n_0
    SLICE_X45Y19         CARRY4 (Prop_carry4_CI_CO[3])
                                                      0.114     8.712 r  systolic_controller_instance/read_valid_reg[3]_i_2/CO[3]
                         net (fo=4, routed)           0.983     9.694    systolic_controller_instance/operand_read_address24_in
    SLICE_X44Y19         LUT6 (Prop_lut6_I4_O)        0.124     9.818 r  systolic_controller_instance/read_valid[3]_i_1/O
                         net (fo=38, routed)          0.589    10.407    systolic_controller_instance/cycle_count_reg[2]_0[3]
    SLICE_X38Y16         LUT6 (Prop_lut6_I0_O)        0.124    10.531 r  systolic_controller_instance/read_data1__2_i_9/O
                         net (fo=8, routed)           1.281    11.811    weight_sram_instance/operand_read_address[34]
    DSP48_X1Y6           DSP48E1 (Prop_dsp48e1_C[4]_P[0])
                                                      1.820    13.631 r  weight_sram_instance/read_data1__2/P[0]
                         net (fo=2401, routed)        2.202    15.833    weight_sram_instance/read_data1__2_n_105
    SLICE_X33Y12         LUT6 (Prop_lut6_I0_O)        0.124    15.957 r  weight_sram_instance/g217_b2__2/O
                         net (fo=1, routed)           0.000    15.957    weight_sram_instance/g217_b2__2_n_0
    SLICE_X33Y12         MUXF7 (Prop_muxf7_I1_O)      0.245    16.202 r  weight_sram_instance/read_data_reg[26]_i_275/O
                         net (fo=1, routed)           0.000    16.202    weight_sram_instance/read_data_reg[26]_i_275_n_0
    SLICE_X33Y12         MUXF8 (Prop_muxf8_I0_O)      0.104    16.306 r  weight_sram_instance/read_data_reg[26]_i_188/O
                         net (fo=1, routed)           0.854    17.160    weight_sram_instance/read_data_reg[26]_i_188_n_0
    SLICE_X32Y12         LUT6 (Prop_lut6_I5_O)        0.316    17.476 r  weight_sram_instance/read_data[26]_i_83/O
                         net (fo=1, routed)           0.000    17.476    weight_sram_instance/read_data[26]_i_83_n_0
    SLICE_X32Y12         MUXF7 (Prop_muxf7_I1_O)      0.214    17.690 r  weight_sram_instance/read_data_reg[26]_i_42/O
                         net (fo=1, routed)           0.775    18.465    weight_sram_instance/read_data_reg[26]_i_42_n_0
    SLICE_X29Y12         LUT6 (Prop_lut6_I3_O)        0.297    18.762 r  weight_sram_instance/read_data[26]_i_17/O
                         net (fo=1, routed)           0.000    18.762    weight_sram_instance/read_data[26]_i_17_n_0
    SLICE_X29Y12         MUXF7 (Prop_muxf7_I1_O)      0.217    18.979 r  weight_sram_instance/read_data_reg[26]_i_6/O
                         net (fo=1, routed)           0.351    19.329    weight_sram_instance/read_data_reg[26]_i_6_n_0
    SLICE_X28Y12         LUT5 (Prop_lut5_I2_O)        0.299    19.628 r  weight_sram_instance/read_data[26]_i_2/O
                         net (fo=1, routed)           0.433    20.062    weight_sram_instance/read_data[26]_i_2_n_0
    SLICE_X28Y12         LUT5 (Prop_lut5_I0_O)        0.124    20.186 r  weight_sram_instance/read_data[26]_i_1/O
                         net (fo=1, routed)           0.000    20.186    weight_sram_instance/p_14_out[26]
    SLICE_X28Y12         FDRE                                         r  weight_sram_instance/read_data_reg[26]/D
  -------------------------------------------------------------------    -------------------

                         (clock s_axi_aclk rise edge)
                                                     10.000    10.000 r  
    U7                                                0.000    10.000 r  s_axi_aclk (IN)
                         net (fo=0)                   0.000    10.000    s_axi_aclk
    U7                   IBUF (Prop_ibuf_I_O)         0.924    10.924 r  s_axi_aclk_IBUF_inst/O
                         net (fo=1, routed)           1.972    12.896    s_axi_aclk_IBUF
    BUFGCTRL_X0Y0        BUFG (Prop_bufg_I_O)         0.091    12.987 r  s_axi_aclk_IBUF_BUFG_inst/O
                         net (fo=1465, routed)        1.564    14.551    weight_sram_instance/s_axi_aclk_IBUF_BUFG
    SLICE_X28Y12         FDRE                                         r  weight_sram_instance/read_data_reg[26]/C
                         clock pessimism              0.357    14.909    
                         clock uncertainty           -0.035    14.874    
    SLICE_X28Y12         FDRE (Setup_fdre_C_D)        0.032    14.906    weight_sram_instance/read_data_reg[26]
  -------------------------------------------------------------------
                         required time                         14.906    
                         arrival time                         -20.186    
  -------------------------------------------------------------------
                         slack                                 -5.280    

Slack (VIOLATED) :        -5.251ns  (required time - arrival time)
  Source:                 systolic_controller_instance/cycle_count_reg[5]/C
                            (rising edge-triggered cell FDCE clocked by s_axi_aclk  {rise@0.000ns fall@5.000ns period=10.000ns})
  Destination:            weight_sram_instance/read_data_reg[29]/D
                            (rising edge-triggered cell FDRE clocked by s_axi_aclk  {rise@0.000ns fall@5.000ns period=10.000ns})
  Path Group:             s_axi_aclk
  Path Type:              Setup (Max at Slow Process Corner)
  Requirement:            10.000ns  (s_axi_aclk rise@10.000ns - s_axi_aclk rise@0.000ns)
  Data Path Delay:        15.202ns  (logic 5.496ns (36.154%)  route 9.706ns (63.846%))
  Logic Levels:           17  (CARRY4=3 DSP48E1=1 LUT6=8 MUXF7=3 MUXF8=2)
  Clock Path Skew:        -0.045ns (DCD - SCD + CPR)
    Destination Clock Delay (DCD):    4.641ns = ( 14.641 - 10.000 ) 
    Source Clock Delay      (SCD):    5.043ns
    Clock Pessimism Removal (CPR):    0.357ns
  Clock Uncertainty:      0.035ns  ((TSJ^2 + TIJ^2)^1/2 + DJ) / 2 + PE
    Total System Jitter     (TSJ):    0.071ns
    Total Input Jitter      (TIJ):    0.000ns
    Discrete Jitter          (DJ):    0.000ns
    Phase Error              (PE):    0.000ns

    Location             Delay type                Incr(ns)  Path(ns)    Netlist Resource(s)
  -------------------------------------------------------------------    -------------------
                         (clock s_axi_aclk rise edge)
                                                      0.000     0.000 r  
    U7                                                0.000     0.000 r  s_axi_aclk (IN)
                         net (fo=0)                   0.000     0.000    s_axi_aclk
    U7                   IBUF (Prop_ibuf_I_O)         1.058     1.058 r  s_axi_aclk_IBUF_inst/O
                         net (fo=1, routed)           2.171     3.229    s_axi_aclk_IBUF
    BUFGCTRL_X0Y0        BUFG (Prop_bufg_I_O)         0.101     3.330 r  s_axi_aclk_IBUF_BUFG_inst/O
                         net (fo=1465, routed)        1.713     5.043    systolic_controller_instance/s_axi_aclk_IBUF_BUFG
    SLICE_X55Y19         FDCE                                         r  systolic_controller_instance/cycle_count_reg[5]/C
  -------------------------------------------------------------------    -------------------
    SLICE_X55Y19         FDCE (Prop_fdce_C_Q)         0.456     5.499 r  systolic_controller_instance/cycle_count_reg[5]/Q
                         net (fo=70, routed)          1.125     6.625    systolic_controller_instance/cycle_count_reg_n_0_[5]
    SLICE_X52Y20         LUT6 (Prop_lut6_I1_O)        0.124     6.749 r  systolic_controller_instance/consumed_feature_count_3[8]_i_3/O
                         net (fo=20, routed)          1.079     7.828    systolic_controller_instance/consumed_feature_count_3[8]_i_3_n_0
    SLICE_X45Y17         LUT6 (Prop_lut6_I0_O)        0.124     7.952 r  systolic_controller_instance/read_valid[3]_i_18/O
                         net (fo=1, routed)           0.000     7.952    systolic_controller_instance/read_valid[3]_i_18_n_0
    SLICE_X45Y17         CARRY4 (Prop_carry4_S[0]_CO[3])
                                                      0.532     8.484 r  systolic_controller_instance/read_valid_reg[3]_i_8/CO[3]
                         net (fo=1, routed)           0.000     8.484    systolic_controller_instance/read_valid_reg[3]_i_8_n_0
    SLICE_X45Y18         CARRY4 (Prop_carry4_CI_CO[3])
                                                      0.114     8.598 r  systolic_controller_instance/read_valid_reg[3]_i_3/CO[3]
                         net (fo=1, routed)           0.000     8.598    systolic_controller_instance/read_valid_reg[3]_i_3_n_0
    SLICE_X45Y19         CARRY4 (Prop_carry4_CI_CO[3])
                                                      0.114     8.712 r  systolic_controller_instance/read_valid_reg[3]_i_2/CO[3]
                         net (fo=4, routed)           0.983     9.694    systolic_controller_instance/operand_read_address24_in
    SLICE_X44Y19         LUT6 (Prop_lut6_I4_O)        0.124     9.818 r  systolic_controller_instance/read_valid[3]_i_1/O
                         net (fo=38, routed)          0.589    10.407    systolic_controller_instance/cycle_count_reg[2]_0[3]
    SLICE_X38Y16         LUT6 (Prop_lut6_I0_O)        0.124    10.531 r  systolic_controller_instance/read_data1__2_i_9/O
                         net (fo=8, routed)           1.281    11.811    weight_sram_instance/operand_read_address[34]
    DSP48_X1Y6           DSP48E1 (Prop_dsp48e1_C[4]_P[2])
                                                      1.820    13.631 r  weight_sram_instance/read_data1__2/P[2]
                         net (fo=2410, routed)        2.246    15.878    weight_sram_instance/read_data1__2_n_103
    SLICE_X1Y11          LUT6 (Prop_lut6_I2_O)        0.124    16.002 r  weight_sram_instance/g105_b5__2/O
                         net (fo=1, routed)           0.000    16.002    weight_sram_instance/g105_b5__2_n_0
    SLICE_X1Y11          MUXF7 (Prop_muxf7_I1_O)      0.245    16.247 r  weight_sram_instance/read_data_reg[29]_i_274/O
                         net (fo=1, routed)           0.000    16.247    weight_sram_instance/read_data_reg[29]_i_274_n_0
    SLICE_X1Y11          MUXF8 (Prop_muxf8_I0_O)      0.104    16.351 r  weight_sram_instance/read_data_reg[29]_i_207/O
                         net (fo=1, routed)           0.808    17.159    weight_sram_instance/read_data_reg[29]_i_207_n_0
    SLICE_X0Y10          LUT6 (Prop_lut6_I5_O)        0.316    17.475 r  weight_sram_instance/read_data[29]_i_130/O
                         net (fo=1, routed)           0.000    17.475    weight_sram_instance/read_data[29]_i_130_n_0
    SLICE_X0Y10          MUXF7 (Prop_muxf7_I1_O)      0.214    17.689 r  weight_sram_instance/read_data_reg[29]_i_58/O
                         net (fo=1, routed)           1.092    18.781    weight_sram_instance/read_data_reg[29]_i_58_n_0
    SLICE_X6Y8           LUT6 (Prop_lut6_I1_O)        0.297    19.078 r  weight_sram_instance/read_data[29]_i_21/O
                         net (fo=1, routed)           0.000    19.078    weight_sram_instance/read_data[29]_i_21_n_0
    SLICE_X6Y8           MUXF7 (Prop_muxf7_I1_O)      0.247    19.325 r  weight_sram_instance/read_data_reg[29]_i_7/O
                         net (fo=1, routed)           0.000    19.325    weight_sram_instance/read_data_reg[29]_i_7_n_0
    SLICE_X6Y8           MUXF8 (Prop_muxf8_I0_O)      0.098    19.423 r  weight_sram_instance/read_data_reg[29]_i_3/O
                         net (fo=1, routed)           0.504    19.926    weight_sram_instance/read_data_reg[29]_i_3_n_0
    SLICE_X7Y8           LUT6 (Prop_lut6_I4_O)        0.319    20.245 r  weight_sram_instance/read_data[29]_i_1/O
                         net (fo=1, routed)           0.000    20.245    weight_sram_instance/p_14_out[29]
    SLICE_X7Y8           FDRE                                         r  weight_sram_instance/read_data_reg[29]/D
  -------------------------------------------------------------------    -------------------

                         (clock s_axi_aclk rise edge)
                                                     10.000    10.000 r  
    U7                                                0.000    10.000 r  s_axi_aclk (IN)
                         net (fo=0)                   0.000    10.000    s_axi_aclk
    U7                   IBUF (Prop_ibuf_I_O)         0.924    10.924 r  s_axi_aclk_IBUF_inst/O
                         net (fo=1, routed)           1.972    12.896    s_axi_aclk_IBUF
    BUFGCTRL_X0Y0        BUFG (Prop_bufg_I_O)         0.091    12.987 r  s_axi_aclk_IBUF_BUFG_inst/O
                         net (fo=1465, routed)        1.654    14.641    weight_sram_instance/s_axi_aclk_IBUF_BUFG
    SLICE_X7Y8           FDRE                                         r  weight_sram_instance/read_data_reg[29]/C
                         clock pessimism              0.357    14.999    
                         clock uncertainty           -0.035    14.964    
    SLICE_X7Y8           FDRE (Setup_fdre_C_D)        0.031    14.995    weight_sram_instance/read_data_reg[29]
  -------------------------------------------------------------------
                         required time                         14.995    
                         arrival time                         -20.245    
  -------------------------------------------------------------------
                         slack                                 -5.251    

Slack (VIOLATED) :        -5.229ns  (required time - arrival time)
  Source:                 systolic_controller_instance/cycle_count_reg[4]/C
                            (rising edge-triggered cell FDCE clocked by s_axi_aclk  {rise@0.000ns fall@5.000ns period=10.000ns})
  Destination:            weight_sram_instance/read_data_reg[15]/D
                            (rising edge-triggered cell FDRE clocked by s_axi_aclk  {rise@0.000ns fall@5.000ns period=10.000ns})
  Path Group:             s_axi_aclk
  Path Type:              Setup (Max at Slow Process Corner)
  Requirement:            10.000ns  (s_axi_aclk rise@10.000ns - s_axi_aclk rise@0.000ns)
  Data Path Delay:        15.187ns  (logic 5.671ns (37.341%)  route 9.516ns (62.659%))
  Logic Levels:           18  (CARRY4=3 DSP48E1=1 LUT3=1 LUT5=2 LUT6=6 MUXF7=3 MUXF8=2)
  Clock Path Skew:        -0.039ns (DCD - SCD + CPR)
    Destination Clock Delay (DCD):    4.546ns = ( 14.546 - 10.000 ) 
    Source Clock Delay      (SCD):    5.043ns
    Clock Pessimism Removal (CPR):    0.458ns
  Clock Uncertainty:      0.035ns  ((TSJ^2 + TIJ^2)^1/2 + DJ) / 2 + PE
    Total System Jitter     (TSJ):    0.071ns
    Total Input Jitter      (TIJ):    0.000ns
    Discrete Jitter          (DJ):    0.000ns
    Phase Error              (PE):    0.000ns

    Location             Delay type                Incr(ns)  Path(ns)    Netlist Resource(s)
  -------------------------------------------------------------------    -------------------
                         (clock s_axi_aclk rise edge)
                                                      0.000     0.000 r  
    U7                                                0.000     0.000 r  s_axi_aclk (IN)
                         net (fo=0)                   0.000     0.000    s_axi_aclk
    U7                   IBUF (Prop_ibuf_I_O)         1.058     1.058 r  s_axi_aclk_IBUF_inst/O
                         net (fo=1, routed)           2.171     3.229    s_axi_aclk_IBUF
    BUFGCTRL_X0Y0        BUFG (Prop_bufg_I_O)         0.101     3.330 r  s_axi_aclk_IBUF_BUFG_inst/O
                         net (fo=1465, routed)        1.713     5.043    systolic_controller_instance/s_axi_aclk_IBUF_BUFG
    SLICE_X54Y19         FDCE                                         r  systolic_controller_instance/cycle_count_reg[4]/C
  -------------------------------------------------------------------    -------------------
    SLICE_X54Y19         FDCE (Prop_fdce_C_Q)         0.518     5.561 r  systolic_controller_instance/cycle_count_reg[4]/Q
                         net (fo=74, routed)          1.068     6.630    systolic_controller_instance/cycle_count_reg_n_0_[4]
    SLICE_X59Y22         LUT5 (Prop_lut5_I4_O)        0.124     6.754 r  systolic_controller_instance/consumed_feature_count_1[7]_i_3/O
                         net (fo=8, routed)           0.161     6.914    systolic_controller_instance/consumed_feature_count_1[7]_i_3_n_0
    SLICE_X59Y22         LUT3 (Prop_lut3_I2_O)        0.124     7.038 r  systolic_controller_instance/consumed_feature_count_1[10]_i_3/O
                         net (fo=24, routed)          0.191     7.230    systolic_controller_instance/consumed_feature_count_1[10]_i_3_n_0
    SLICE_X59Y22         LUT6 (Prop_lut6_I3_O)        0.124     7.354 r  systolic_controller_instance/read_valid[1]_i_14/O
                         net (fo=1, routed)           0.478     7.832    systolic_controller_instance/read_valid[1]_i_14_n_0
    SLICE_X60Y22         CARRY4 (Prop_carry4_DI[0]_CO[3])
                                                      0.526     8.358 r  systolic_controller_instance/read_valid_reg[1]_i_8/CO[3]
                         net (fo=1, routed)           0.000     8.358    systolic_controller_instance/read_valid_reg[1]_i_8_n_0
    SLICE_X60Y23         CARRY4 (Prop_carry4_CI_CO[3])
                                                      0.114     8.472 r  systolic_controller_instance/read_valid_reg[1]_i_3/CO[3]
                         net (fo=1, routed)           0.000     8.472    systolic_controller_instance/read_valid_reg[1]_i_3_n_0
    SLICE_X60Y24         CARRY4 (Prop_carry4_CI_CO[3])
                                                      0.114     8.586 r  systolic_controller_instance/read_valid_reg[1]_i_2/CO[3]
                         net (fo=4, routed)           0.633     9.219    systolic_controller_instance/operand_read_address2
    SLICE_X63Y24         LUT6 (Prop_lut6_I4_O)        0.124     9.343 r  systolic_controller_instance/read_valid[1]_i_1/O
                         net (fo=35, routed)          0.783    10.125    systolic_controller_instance/cycle_count_reg[2]_0[1]
    SLICE_X68Y24         LUT5 (Prop_lut5_I0_O)        0.124    10.249 r  systolic_controller_instance/read_data1__0_i_13/O
                         net (fo=8, routed)           1.244    11.494    weight_sram_instance/operand_read_address[13]
    DSP48_X3Y12          DSP48E1 (Prop_dsp48e1_C[3]_P[1])
                                                      1.820    13.314 r  weight_sram_instance/read_data1__0/P[1]
                         net (fo=2400, routed)        2.615    15.929    weight_sram_instance/read_data1__0_n_104
    SLICE_X64Y35         LUT6 (Prop_lut6_I1_O)        0.124    16.053 r  weight_sram_instance/g79_b6__0/O
                         net (fo=1, routed)           0.000    16.053    weight_sram_instance/g79_b6__0_n_0
    SLICE_X64Y35         MUXF7 (Prop_muxf7_I1_O)      0.217    16.270 r  weight_sram_instance/read_data_reg[15]_i_272/O
                         net (fo=1, routed)           0.000    16.270    weight_sram_instance/read_data_reg[15]_i_272_n_0
    SLICE_X64Y35         MUXF8 (Prop_muxf8_I1_O)      0.094    16.364 r  weight_sram_instance/read_data_reg[15]_i_210/O
                         net (fo=1, routed)           0.571    16.936    weight_sram_instance/read_data_reg[15]_i_210_n_0
    SLICE_X67Y35         LUT6 (Prop_lut6_I0_O)        0.316    17.252 r  weight_sram_instance/read_data[15]_i_125/O
                         net (fo=1, routed)           0.000    17.252    weight_sram_instance/read_data[15]_i_125_n_0
    SLICE_X67Y35         MUXF7 (Prop_muxf7_I1_O)      0.245    17.497 r  weight_sram_instance/read_data_reg[15]_i_52/O
                         net (fo=1, routed)           0.946    18.442    weight_sram_instance/read_data_reg[15]_i_52_n_0
    SLICE_X74Y35         LUT6 (Prop_lut6_I5_O)        0.298    18.740 r  weight_sram_instance/read_data[15]_i_19/O
                         net (fo=1, routed)           0.000    18.740    weight_sram_instance/read_data[15]_i_19_n_0
    SLICE_X74Y35         MUXF7 (Prop_muxf7_I1_O)      0.245    18.985 r  weight_sram_instance/read_data_reg[15]_i_7/O
                         net (fo=1, routed)           0.000    18.985    weight_sram_instance/read_data_reg[15]_i_7_n_0
    SLICE_X74Y35         MUXF8 (Prop_muxf8_I0_O)      0.104    19.089 r  weight_sram_instance/read_data_reg[15]_i_3/O
                         net (fo=2, routed)           0.825    19.914    weight_sram_instance/read_data_reg[15]_i_3_n_0
    SLICE_X85Y43         LUT6 (Prop_lut6_I4_O)        0.316    20.230 r  weight_sram_instance/read_data[15]_i_1/O
                         net (fo=1, routed)           0.000    20.230    weight_sram_instance/p_14_out[15]
    SLICE_X85Y43         FDRE                                         r  weight_sram_instance/read_data_reg[15]/D
  -------------------------------------------------------------------    -------------------

                         (clock s_axi_aclk rise edge)
                                                     10.000    10.000 r  
    U7                                                0.000    10.000 r  s_axi_aclk (IN)
                         net (fo=0)                   0.000    10.000    s_axi_aclk
    U7                   IBUF (Prop_ibuf_I_O)         0.924    10.924 r  s_axi_aclk_IBUF_inst/O
                         net (fo=1, routed)           1.972    12.896    s_axi_aclk_IBUF
    BUFGCTRL_X0Y0        BUFG (Prop_bufg_I_O)         0.091    12.987 r  s_axi_aclk_IBUF_BUFG_inst/O
                         net (fo=1465, routed)        1.559    14.546    weight_sram_instance/s_axi_aclk_IBUF_BUFG
    SLICE_X85Y43         FDRE                                         r  weight_sram_instance/read_data_reg[15]/C
                         clock pessimism              0.458    15.004    
                         clock uncertainty           -0.035    14.969    
    SLICE_X85Y43         FDRE (Setup_fdre_C_D)        0.032    15.001    weight_sram_instance/read_data_reg[15]
  -------------------------------------------------------------------
                         required time                         15.001    
                         arrival time                         -20.230    
  -------------------------------------------------------------------
                         slack                                 -5.229    

Slack (VIOLATED) :        -5.221ns  (required time - arrival time)
  Source:                 systolic_controller_instance/cycle_count_reg[5]/C
                            (rising edge-triggered cell FDCE clocked by s_axi_aclk  {rise@0.000ns fall@5.000ns period=10.000ns})
  Destination:            weight_sram_instance/read_data_reg[27]/D
                            (rising edge-triggered cell FDRE clocked by s_axi_aclk  {rise@0.000ns fall@5.000ns period=10.000ns})
  Path Group:             s_axi_aclk
  Path Type:              Setup (Max at Slow Process Corner)
  Requirement:            10.000ns  (s_axi_aclk rise@10.000ns - s_axi_aclk rise@0.000ns)
  Data Path Delay:        15.141ns  (logic 5.066ns (33.458%)  route 10.075ns (66.542%))
  Logic Levels:           16  (CARRY4=3 DSP48E1=1 LUT6=8 MUXF7=2 MUXF8=2)
  Clock Path Skew:        -0.124ns (DCD - SCD + CPR)
    Destination Clock Delay (DCD):    4.562ns = ( 14.562 - 10.000 ) 
    Source Clock Delay      (SCD):    5.043ns
    Clock Pessimism Removal (CPR):    0.357ns
  Clock Uncertainty:      0.035ns  ((TSJ^2 + TIJ^2)^1/2 + DJ) / 2 + PE
    Total System Jitter     (TSJ):    0.071ns
    Total Input Jitter      (TIJ):    0.000ns
    Discrete Jitter          (DJ):    0.000ns
    Phase Error              (PE):    0.000ns

    Location             Delay type                Incr(ns)  Path(ns)    Netlist Resource(s)
  -------------------------------------------------------------------    -------------------
                         (clock s_axi_aclk rise edge)
                                                      0.000     0.000 r  
    U7                                                0.000     0.000 r  s_axi_aclk (IN)
                         net (fo=0)                   0.000     0.000    s_axi_aclk
    U7                   IBUF (Prop_ibuf_I_O)         1.058     1.058 r  s_axi_aclk_IBUF_inst/O
                         net (fo=1, routed)           2.171     3.229    s_axi_aclk_IBUF
    BUFGCTRL_X0Y0        BUFG (Prop_bufg_I_O)         0.101     3.330 r  s_axi_aclk_IBUF_BUFG_inst/O
                         net (fo=1465, routed)        1.713     5.043    systolic_controller_instance/s_axi_aclk_IBUF_BUFG
    SLICE_X55Y19         FDCE                                         r  systolic_controller_instance/cycle_count_reg[5]/C
  -------------------------------------------------------------------    -------------------
    SLICE_X55Y19         FDCE (Prop_fdce_C_Q)         0.456     5.499 r  systolic_controller_instance/cycle_count_reg[5]/Q
                         net (fo=70, routed)          1.125     6.625    systolic_controller_instance/cycle_count_reg_n_0_[5]
    SLICE_X52Y20         LUT6 (Prop_lut6_I1_O)        0.124     6.749 r  systolic_controller_instance/consumed_feature_count_3[8]_i_3/O
                         net (fo=20, routed)          1.079     7.828    systolic_controller_instance/consumed_feature_count_3[8]_i_3_n_0
    SLICE_X45Y17         LUT6 (Prop_lut6_I0_O)        0.124     7.952 r  systolic_controller_instance/read_valid[3]_i_18/O
                         net (fo=1, routed)           0.000     7.952    systolic_controller_instance/read_valid[3]_i_18_n_0
    SLICE_X45Y17         CARRY4 (Prop_carry4_S[0]_CO[3])
                                                      0.532     8.484 r  systolic_controller_instance/read_valid_reg[3]_i_8/CO[3]
                         net (fo=1, routed)           0.000     8.484    systolic_controller_instance/read_valid_reg[3]_i_8_n_0
    SLICE_X45Y18         CARRY4 (Prop_carry4_CI_CO[3])
                                                      0.114     8.598 r  systolic_controller_instance/read_valid_reg[3]_i_3/CO[3]
                         net (fo=1, routed)           0.000     8.598    systolic_controller_instance/read_valid_reg[3]_i_3_n_0
    SLICE_X45Y19         CARRY4 (Prop_carry4_CI_CO[3])
                                                      0.114     8.712 r  systolic_controller_instance/read_valid_reg[3]_i_2/CO[3]
                         net (fo=4, routed)           0.983     9.694    systolic_controller_instance/operand_read_address24_in
    SLICE_X44Y19         LUT6 (Prop_lut6_I4_O)        0.124     9.818 r  systolic_controller_instance/read_valid[3]_i_1/O
                         net (fo=38, routed)          0.589    10.407    systolic_controller_instance/cycle_count_reg[2]_0[3]
    SLICE_X38Y16         LUT6 (Prop_lut6_I0_O)        0.124    10.531 r  systolic_controller_instance/read_data1__2_i_9/O
                         net (fo=8, routed)           1.281    11.811    weight_sram_instance/operand_read_address[34]
    DSP48_X1Y6           DSP48E1 (Prop_dsp48e1_C[4]_P[0])
                                                      1.820    13.631 r  weight_sram_instance/read_data1__2/P[0]
                         net (fo=2401, routed)        2.382    16.013    weight_sram_instance/read_data1__2_n_105
    SLICE_X1Y14          LUT6 (Prop_lut6_I0_O)        0.124    16.137 r  weight_sram_instance/g201_b3__2/O
                         net (fo=1, routed)           0.000    16.137    weight_sram_instance/g201_b3__2_n_0
    SLICE_X1Y14          MUXF7 (Prop_muxf7_I1_O)      0.245    16.382 r  weight_sram_instance/read_data_reg[27]_i_254/O
                         net (fo=1, routed)           0.000    16.382    weight_sram_instance/read_data_reg[27]_i_254_n_0
    SLICE_X1Y14          MUXF8 (Prop_muxf8_I0_O)      0.104    16.486 r  weight_sram_instance/read_data_reg[27]_i_142/O
                         net (fo=1, routed)           1.094    17.580    weight_sram_instance/read_data_reg[27]_i_142_n_0
    SLICE_X7Y14          LUT6 (Prop_lut6_I1_O)        0.316    17.896 r  weight_sram_instance/read_data[27]_i_61/O
                         net (fo=1, routed)           0.821    18.717    weight_sram_instance/read_data[27]_i_61_n_0
    SLICE_X6Y15          LUT6 (Prop_lut6_I5_O)        0.124    18.841 r  weight_sram_instance/read_data[27]_i_22/O
                         net (fo=1, routed)           0.000    18.841    weight_sram_instance/read_data[27]_i_22_n_0
    SLICE_X6Y15          MUXF7 (Prop_muxf7_I1_O)      0.214    19.055 r  weight_sram_instance/read_data_reg[27]_i_8/O
                         net (fo=1, routed)           0.000    19.055    weight_sram_instance/read_data_reg[27]_i_8_n_0
    SLICE_X6Y15          MUXF8 (Prop_muxf8_I1_O)      0.088    19.143 r  weight_sram_instance/read_data_reg[27]_i_3/O
                         net (fo=1, routed)           0.723    19.866    weight_sram_instance/read_data_reg[27]_i_3_n_0
    SLICE_X8Y10          LUT6 (Prop_lut6_I4_O)        0.319    20.185 r  weight_sram_instance/read_data[27]_i_1/O
                         net (fo=1, routed)           0.000    20.185    weight_sram_instance/p_14_out[27]
    SLICE_X8Y10          FDRE                                         r  weight_sram_instance/read_data_reg[27]/D
  -------------------------------------------------------------------    -------------------

                         (clock s_axi_aclk rise edge)
                                                     10.000    10.000 r  
    U7                                                0.000    10.000 r  s_axi_aclk (IN)
                         net (fo=0)                   0.000    10.000    s_axi_aclk
    U7                   IBUF (Prop_ibuf_I_O)         0.924    10.924 r  s_axi_aclk_IBUF_inst/O
                         net (fo=1, routed)           1.972    12.896    s_axi_aclk_IBUF
    BUFGCTRL_X0Y0        BUFG (Prop_bufg_I_O)         0.091    12.987 r  s_axi_aclk_IBUF_BUFG_inst/O
                         net (fo=1465, routed)        1.575    14.562    weight_sram_instance/s_axi_aclk_IBUF_BUFG
    SLICE_X8Y10          FDRE                                         r  weight_sram_instance/read_data_reg[27]/C
                         clock pessimism              0.357    14.920    
                         clock uncertainty           -0.035    14.885    
    SLICE_X8Y10          FDRE (Setup_fdre_C_D)        0.079    14.964    weight_sram_instance/read_data_reg[27]
  -------------------------------------------------------------------
                         required time                         14.964    
                         arrival time                         -20.185    
  -------------------------------------------------------------------
                         slack                                 -5.221    

Slack (VIOLATED) :        -5.198ns  (required time - arrival time)
  Source:                 systolic_controller_instance/cycle_count_reg[5]/C
                            (rising edge-triggered cell FDCE clocked by s_axi_aclk  {rise@0.000ns fall@5.000ns period=10.000ns})
  Destination:            weight_sram_instance/read_data_reg[28]/D
                            (rising edge-triggered cell FDRE clocked by s_axi_aclk  {rise@0.000ns fall@5.000ns period=10.000ns})
  Path Group:             s_axi_aclk
  Path Type:              Setup (Max at Slow Process Corner)
  Requirement:            10.000ns  (s_axi_aclk rise@10.000ns - s_axi_aclk rise@0.000ns)
  Data Path Delay:        15.068ns  (logic 5.285ns (35.075%)  route 9.783ns (64.925%))
  Logic Levels:           15  (CARRY4=3 DSP48E1=1 LUT5=1 LUT6=7 MUXF7=3)
  Clock Path Skew:        -0.127ns (DCD - SCD + CPR)
    Destination Clock Delay (DCD):    4.559ns = ( 14.559 - 10.000 ) 
    Source Clock Delay      (SCD):    5.043ns
    Clock Pessimism Removal (CPR):    0.357ns
  Clock Uncertainty:      0.035ns  ((TSJ^2 + TIJ^2)^1/2 + DJ) / 2 + PE
    Total System Jitter     (TSJ):    0.071ns
    Total Input Jitter      (TIJ):    0.000ns
    Discrete Jitter          (DJ):    0.000ns
    Phase Error              (PE):    0.000ns

    Location             Delay type                Incr(ns)  Path(ns)    Netlist Resource(s)
  -------------------------------------------------------------------    -------------------
                         (clock s_axi_aclk rise edge)
                                                      0.000     0.000 r  
    U7                                                0.000     0.000 r  s_axi_aclk (IN)
                         net (fo=0)                   0.000     0.000    s_axi_aclk
    U7                   IBUF (Prop_ibuf_I_O)         1.058     1.058 r  s_axi_aclk_IBUF_inst/O
                         net (fo=1, routed)           2.171     3.229    s_axi_aclk_IBUF
    BUFGCTRL_X0Y0        BUFG (Prop_bufg_I_O)         0.101     3.330 r  s_axi_aclk_IBUF_BUFG_inst/O
                         net (fo=1465, routed)        1.713     5.043    systolic_controller_instance/s_axi_aclk_IBUF_BUFG
    SLICE_X55Y19         FDCE                                         r  systolic_controller_instance/cycle_count_reg[5]/C
  -------------------------------------------------------------------    -------------------
    SLICE_X55Y19         FDCE (Prop_fdce_C_Q)         0.456     5.499 r  systolic_controller_instance/cycle_count_reg[5]/Q
                         net (fo=70, routed)          1.125     6.625    systolic_controller_instance/cycle_count_reg_n_0_[5]
    SLICE_X52Y20         LUT6 (Prop_lut6_I1_O)        0.124     6.749 r  systolic_controller_instance/consumed_feature_count_3[8]_i_3/O
                         net (fo=20, routed)          1.079     7.828    systolic_controller_instance/consumed_feature_count_3[8]_i_3_n_0
    SLICE_X45Y17         LUT6 (Prop_lut6_I0_O)        0.124     7.952 r  systolic_controller_instance/read_valid[3]_i_18/O
                         net (fo=1, routed)           0.000     7.952    systolic_controller_instance/read_valid[3]_i_18_n_0
    SLICE_X45Y17         CARRY4 (Prop_carry4_S[0]_CO[3])
                                                      0.532     8.484 r  systolic_controller_instance/read_valid_reg[3]_i_8/CO[3]
                         net (fo=1, routed)           0.000     8.484    systolic_controller_instance/read_valid_reg[3]_i_8_n_0
    SLICE_X45Y18         CARRY4 (Prop_carry4_CI_CO[3])
                                                      0.114     8.598 r  systolic_controller_instance/read_valid_reg[3]_i_3/CO[3]
                         net (fo=1, routed)           0.000     8.598    systolic_controller_instance/read_valid_reg[3]_i_3_n_0
    SLICE_X45Y19         CARRY4 (Prop_carry4_CI_CO[3])
                                                      0.114     8.712 r  systolic_controller_instance/read_valid_reg[3]_i_2/CO[3]
                         net (fo=4, routed)           0.983     9.694    systolic_controller_instance/operand_read_address24_in
    SLICE_X44Y19         LUT6 (Prop_lut6_I4_O)        0.124     9.818 r  systolic_controller_instance/read_valid[3]_i_1/O
                         net (fo=38, routed)          0.589    10.407    systolic_controller_instance/cycle_count_reg[2]_0[3]
    SLICE_X38Y16         LUT6 (Prop_lut6_I0_O)        0.124    10.531 r  systolic_controller_instance/read_data1__2_i_9/O
                         net (fo=8, routed)           1.281    11.811    weight_sram_instance/operand_read_address[34]
    DSP48_X1Y6           DSP48E1 (Prop_dsp48e1_C[4]_P[1])
                                                      1.820    13.631 r  weight_sram_instance/read_data1__2/P[1]
                         net (fo=2400, routed)        2.332    15.963    weight_sram_instance/read_data1__2_n_104
    SLICE_X6Y5           LUT6 (Prop_lut6_I1_O)        0.124    16.087 r  weight_sram_instance/g348_b4__2/O
                         net (fo=1, routed)           0.000    16.087    weight_sram_instance/g348_b4__2_n_0
    SLICE_X6Y5           MUXF7 (Prop_muxf7_I0_O)      0.241    16.328 r  weight_sram_instance/read_data_reg[28]_i_94/O
                         net (fo=1, routed)           0.802    17.130    weight_sram_instance/read_data_reg[28]_i_94_n_0
    SLICE_X6Y6           LUT6 (Prop_lut6_I1_O)        0.298    17.428 r  weight_sram_instance/read_data[28]_i_41/O
                         net (fo=1, routed)           0.000    17.428    weight_sram_instance/read_data[28]_i_41_n_0
    SLICE_X6Y6           MUXF7 (Prop_muxf7_I1_O)      0.247    17.675 r  weight_sram_instance/read_data_reg[28]_i_17/O
                         net (fo=1, routed)           0.800    18.475    weight_sram_instance/read_data_reg[28]_i_17_n_0
    SLICE_X10Y7          LUT5 (Prop_lut5_I2_O)        0.298    18.773 r  weight_sram_instance/read_data[28]_i_6/O
                         net (fo=1, routed)           0.000    18.773    weight_sram_instance/read_data[28]_i_6_n_0
    SLICE_X10Y7          MUXF7 (Prop_muxf7_I1_O)      0.247    19.020 r  weight_sram_instance/read_data_reg[28]_i_2/O
                         net (fo=1, routed)           0.793    19.813    weight_sram_instance/read_data_reg[28]_i_2_n_0
    SLICE_X17Y13         LUT6 (Prop_lut6_I1_O)        0.298    20.111 r  weight_sram_instance/read_data[28]_i_1/O
                         net (fo=1, routed)           0.000    20.111    weight_sram_instance/p_14_out[28]
    SLICE_X17Y13         FDRE                                         r  weight_sram_instance/read_data_reg[28]/D
  -------------------------------------------------------------------    -------------------

                         (clock s_axi_aclk rise edge)
                                                     10.000    10.000 r  
    U7                                                0.000    10.000 r  s_axi_aclk (IN)
                         net (fo=0)                   0.000    10.000    s_axi_aclk
    U7                   IBUF (Prop_ibuf_I_O)         0.924    10.924 r  s_axi_aclk_IBUF_inst/O
                         net (fo=1, routed)           1.972    12.896    s_axi_aclk_IBUF
    BUFGCTRL_X0Y0        BUFG (Prop_bufg_I_O)         0.091    12.987 r  s_axi_aclk_IBUF_BUFG_inst/O
                         net (fo=1465, routed)        1.572    14.559    weight_sram_instance/s_axi_aclk_IBUF_BUFG
    SLICE_X17Y13         FDRE                                         r  weight_sram_instance/read_data_reg[28]/C
                         clock pessimism              0.357    14.917    
                         clock uncertainty           -0.035    14.882    
    SLICE_X17Y13         FDRE (Setup_fdre_C_D)        0.032    14.914    weight_sram_instance/read_data_reg[28]
  -------------------------------------------------------------------
                         required time                         14.914    
                         arrival time                         -20.111    
  -------------------------------------------------------------------
                         slack                                 -5.198    

Slack (VIOLATED) :        -5.194ns  (required time - arrival time)
  Source:                 systolic_controller_instance/cycle_count_reg[5]/C
                            (rising edge-triggered cell FDCE clocked by s_axi_aclk  {rise@0.000ns fall@5.000ns period=10.000ns})
  Destination:            weight_sram_instance/read_data_reg[25]/D
                            (rising edge-triggered cell FDRE clocked by s_axi_aclk  {rise@0.000ns fall@5.000ns period=10.000ns})
  Path Group:             s_axi_aclk
  Path Type:              Setup (Max at Slow Process Corner)
  Requirement:            10.000ns  (s_axi_aclk rise@10.000ns - s_axi_aclk rise@0.000ns)
  Data Path Delay:        15.059ns  (logic 5.352ns (35.541%)  route 9.707ns (64.459%))
  Logic Levels:           16  (CARRY4=3 DSP48E1=1 LUT5=2 LUT6=7 MUXF7=3)
  Clock Path Skew:        -0.131ns (DCD - SCD + CPR)
    Destination Clock Delay (DCD):    4.555ns = ( 14.555 - 10.000 ) 
    Source Clock Delay      (SCD):    5.043ns
    Clock Pessimism Removal (CPR):    0.357ns
  Clock Uncertainty:      0.035ns  ((TSJ^2 + TIJ^2)^1/2 + DJ) / 2 + PE
    Total System Jitter     (TSJ):    0.071ns
    Total Input Jitter      (TIJ):    0.000ns
    Discrete Jitter          (DJ):    0.000ns
    Phase Error              (PE):    0.000ns

    Location             Delay type                Incr(ns)  Path(ns)    Netlist Resource(s)
  -------------------------------------------------------------------    -------------------
                         (clock s_axi_aclk rise edge)
                                                      0.000     0.000 r  
    U7                                                0.000     0.000 r  s_axi_aclk (IN)
                         net (fo=0)                   0.000     0.000    s_axi_aclk
    U7                   IBUF (Prop_ibuf_I_O)         1.058     1.058 r  s_axi_aclk_IBUF_inst/O
                         net (fo=1, routed)           2.171     3.229    s_axi_aclk_IBUF
    BUFGCTRL_X0Y0        BUFG (Prop_bufg_I_O)         0.101     3.330 r  s_axi_aclk_IBUF_BUFG_inst/O
                         net (fo=1465, routed)        1.713     5.043    systolic_controller_instance/s_axi_aclk_IBUF_BUFG
    SLICE_X55Y19         FDCE                                         r  systolic_controller_instance/cycle_count_reg[5]/C
  -------------------------------------------------------------------    -------------------
    SLICE_X55Y19         FDCE (Prop_fdce_C_Q)         0.456     5.499 r  systolic_controller_instance/cycle_count_reg[5]/Q
                         net (fo=70, routed)          1.125     6.625    systolic_controller_instance/cycle_count_reg_n_0_[5]
    SLICE_X52Y20         LUT6 (Prop_lut6_I1_O)        0.124     6.749 r  systolic_controller_instance/consumed_feature_count_3[8]_i_3/O
                         net (fo=20, routed)          1.079     7.828    systolic_controller_instance/consumed_feature_count_3[8]_i_3_n_0
    SLICE_X45Y17         LUT6 (Prop_lut6_I0_O)        0.124     7.952 r  systolic_controller_instance/read_valid[3]_i_18/O
                         net (fo=1, routed)           0.000     7.952    systolic_controller_instance/read_valid[3]_i_18_n_0
    SLICE_X45Y17         CARRY4 (Prop_carry4_S[0]_CO[3])
                                                      0.532     8.484 r  systolic_controller_instance/read_valid_reg[3]_i_8/CO[3]
                         net (fo=1, routed)           0.000     8.484    systolic_controller_instance/read_valid_reg[3]_i_8_n_0
    SLICE_X45Y18         CARRY4 (Prop_carry4_CI_CO[3])
                                                      0.114     8.598 r  systolic_controller_instance/read_valid_reg[3]_i_3/CO[3]
                         net (fo=1, routed)           0.000     8.598    systolic_controller_instance/read_valid_reg[3]_i_3_n_0
    SLICE_X45Y19         CARRY4 (Prop_carry4_CI_CO[3])
                                                      0.114     8.712 r  systolic_controller_instance/read_valid_reg[3]_i_2/CO[3]
                         net (fo=4, routed)           0.983     9.694    systolic_controller_instance/operand_read_address24_in
    SLICE_X44Y19         LUT6 (Prop_lut6_I4_O)        0.124     9.818 r  systolic_controller_instance/read_valid[3]_i_1/O
                         net (fo=38, routed)          0.589    10.407    systolic_controller_instance/cycle_count_reg[2]_0[3]
    SLICE_X38Y16         LUT6 (Prop_lut6_I0_O)        0.124    10.531 r  systolic_controller_instance/read_data1__2_i_9/O
                         net (fo=8, routed)           1.281    11.811    weight_sram_instance/operand_read_address[34]
    DSP48_X1Y6           DSP48E1 (Prop_dsp48e1_C[4]_P[2])
                                                      1.820    13.631 r  weight_sram_instance/read_data1__2/P[2]
                         net (fo=2410, routed)        1.978    15.609    weight_sram_instance/read_data1__2_n_103
    SLICE_X23Y6          LUT6 (Prop_lut6_I2_O)        0.124    15.733 r  weight_sram_instance/g101_b1__2/O
                         net (fo=1, routed)           0.000    15.733    weight_sram_instance/g101_b1__2_n_0
    SLICE_X23Y6          MUXF7 (Prop_muxf7_I1_O)      0.217    15.950 r  weight_sram_instance/read_data_reg[25]_i_238/O
                         net (fo=1, routed)           1.032    16.982    weight_sram_instance/read_data_reg[25]_i_238_n_0
    SLICE_X25Y5          LUT6 (Prop_lut6_I1_O)        0.299    17.281 r  weight_sram_instance/read_data[25]_i_104/O
                         net (fo=1, routed)           0.000    17.281    weight_sram_instance/read_data[25]_i_104_n_0
    SLICE_X25Y5          MUXF7 (Prop_muxf7_I0_O)      0.212    17.493 r  weight_sram_instance/read_data_reg[25]_i_47/O
                         net (fo=1, routed)           0.829    18.322    weight_sram_instance/read_data_reg[25]_i_47_n_0
    SLICE_X22Y6          LUT6 (Prop_lut6_I1_O)        0.299    18.621 r  weight_sram_instance/read_data[25]_i_18/O
                         net (fo=1, routed)           0.000    18.621    weight_sram_instance/read_data[25]_i_18_n_0
    SLICE_X22Y6          MUXF7 (Prop_muxf7_I1_O)      0.247    18.868 r  weight_sram_instance/read_data_reg[25]_i_7/O
                         net (fo=1, routed)           0.523    19.391    weight_sram_instance/read_data_reg[25]_i_7_n_0
    SLICE_X25Y7          LUT5 (Prop_lut5_I4_O)        0.298    19.689 r  weight_sram_instance/read_data[25]_i_2/O
                         net (fo=1, routed)           0.289    19.978    weight_sram_instance/read_data[25]_i_2_n_0
    SLICE_X25Y8          LUT5 (Prop_lut5_I0_O)        0.124    20.102 r  weight_sram_instance/read_data[25]_i_1/O
                         net (fo=1, routed)           0.000    20.102    weight_sram_instance/p_14_out[25]
    SLICE_X25Y8          FDRE                                         r  weight_sram_instance/read_data_reg[25]/D
  -------------------------------------------------------------------    -------------------

                         (clock s_axi_aclk rise edge)
                                                     10.000    10.000 r  
    U7                                                0.000    10.000 r  s_axi_aclk (IN)
                         net (fo=0)                   0.000    10.000    s_axi_aclk
    U7                   IBUF (Prop_ibuf_I_O)         0.924    10.924 r  s_axi_aclk_IBUF_inst/O
                         net (fo=1, routed)           1.972    12.896    s_axi_aclk_IBUF
    BUFGCTRL_X0Y0        BUFG (Prop_bufg_I_O)         0.091    12.987 r  s_axi_aclk_IBUF_BUFG_inst/O
                         net (fo=1465, routed)        1.568    14.555    weight_sram_instance/s_axi_aclk_IBUF_BUFG
    SLICE_X25Y8          FDRE                                         r  weight_sram_instance/read_data_reg[25]/C
                         clock pessimism              0.357    14.913    
                         clock uncertainty           -0.035    14.878    
    SLICE_X25Y8          FDRE (Setup_fdre_C_D)        0.031    14.909    weight_sram_instance/read_data_reg[25]
  -------------------------------------------------------------------
                         required time                         14.909    
                         arrival time                         -20.102    
  -------------------------------------------------------------------
                         slack                                 -5.194    

Slack (VIOLATED) :        -5.086ns  (required time - arrival time)
  Source:                 systolic_controller_instance/cycle_count_reg[4]/C
                            (rising edge-triggered cell FDCE clocked by s_axi_aclk  {rise@0.000ns fall@5.000ns period=10.000ns})
  Destination:            weight_sram_instance/read_data_reg[9]/D
                            (rising edge-triggered cell FDRE clocked by s_axi_aclk  {rise@0.000ns fall@5.000ns period=10.000ns})
  Path Group:             s_axi_aclk
  Path Type:              Setup (Max at Slow Process Corner)
  Requirement:            10.000ns  (s_axi_aclk rise@10.000ns - s_axi_aclk rise@0.000ns)
  Data Path Delay:        15.027ns  (logic 5.532ns (36.814%)  route 9.495ns (63.186%))
  Logic Levels:           17  (CARRY4=3 DSP48E1=1 LUT3=1 LUT5=4 LUT6=5 MUXF7=3)
  Clock Path Skew:        -0.055ns (DCD - SCD + CPR)
    Destination Clock Delay (DCD):    4.530ns = ( 14.530 - 10.000 ) 
    Source Clock Delay      (SCD):    5.043ns
    Clock Pessimism Removal (CPR):    0.458ns
  Clock Uncertainty:      0.035ns  ((TSJ^2 + TIJ^2)^1/2 + DJ) / 2 + PE
    Total System Jitter     (TSJ):    0.071ns
    Total Input Jitter      (TIJ):    0.000ns
    Discrete Jitter          (DJ):    0.000ns
    Phase Error              (PE):    0.000ns

    Location             Delay type                Incr(ns)  Path(ns)    Netlist Resource(s)
  -------------------------------------------------------------------    -------------------
                         (clock s_axi_aclk rise edge)
                                                      0.000     0.000 r  
    U7                                                0.000     0.000 r  s_axi_aclk (IN)
                         net (fo=0)                   0.000     0.000    s_axi_aclk
    U7                   IBUF (Prop_ibuf_I_O)         1.058     1.058 r  s_axi_aclk_IBUF_inst/O
                         net (fo=1, routed)           2.171     3.229    s_axi_aclk_IBUF
    BUFGCTRL_X0Y0        BUFG (Prop_bufg_I_O)         0.101     3.330 r  s_axi_aclk_IBUF_BUFG_inst/O
                         net (fo=1465, routed)        1.713     5.043    systolic_controller_instance/s_axi_aclk_IBUF_BUFG
    SLICE_X54Y19         FDCE                                         r  systolic_controller_instance/cycle_count_reg[4]/C
  -------------------------------------------------------------------    -------------------
    SLICE_X54Y19         FDCE (Prop_fdce_C_Q)         0.518     5.561 r  systolic_controller_instance/cycle_count_reg[4]/Q
                         net (fo=74, routed)          1.068     6.630    systolic_controller_instance/cycle_count_reg_n_0_[4]
    SLICE_X59Y22         LUT5 (Prop_lut5_I4_O)        0.124     6.754 r  systolic_controller_instance/consumed_feature_count_1[7]_i_3/O
                         net (fo=8, routed)           0.161     6.914    systolic_controller_instance/consumed_feature_count_1[7]_i_3_n_0
    SLICE_X59Y22         LUT3 (Prop_lut3_I2_O)        0.124     7.038 r  systolic_controller_instance/consumed_feature_count_1[10]_i_3/O
                         net (fo=24, routed)          0.191     7.230    systolic_controller_instance/consumed_feature_count_1[10]_i_3_n_0
    SLICE_X59Y22         LUT6 (Prop_lut6_I3_O)        0.124     7.354 r  systolic_controller_instance/read_valid[1]_i_14/O
                         net (fo=1, routed)           0.478     7.832    systolic_controller_instance/read_valid[1]_i_14_n_0
    SLICE_X60Y22         CARRY4 (Prop_carry4_DI[0]_CO[3])
                                                      0.526     8.358 r  systolic_controller_instance/read_valid_reg[1]_i_8/CO[3]
                         net (fo=1, routed)           0.000     8.358    systolic_controller_instance/read_valid_reg[1]_i_8_n_0
    SLICE_X60Y23         CARRY4 (Prop_carry4_CI_CO[3])
                                                      0.114     8.472 r  systolic_controller_instance/read_valid_reg[1]_i_3/CO[3]
                         net (fo=1, routed)           0.000     8.472    systolic_controller_instance/read_valid_reg[1]_i_3_n_0
    SLICE_X60Y24         CARRY4 (Prop_carry4_CI_CO[3])
                                                      0.114     8.586 r  systolic_controller_instance/read_valid_reg[1]_i_2/CO[3]
                         net (fo=4, routed)           0.633     9.219    systolic_controller_instance/operand_read_address2
    SLICE_X63Y24         LUT6 (Prop_lut6_I4_O)        0.124     9.343 r  systolic_controller_instance/read_valid[1]_i_1/O
                         net (fo=35, routed)          0.783    10.125    systolic_controller_instance/cycle_count_reg[2]_0[1]
    SLICE_X68Y24         LUT5 (Prop_lut5_I0_O)        0.124    10.249 r  systolic_controller_instance/read_data1__0_i_13/O
                         net (fo=8, routed)           1.244    11.494    weight_sram_instance/operand_read_address[13]
    DSP48_X3Y12          DSP48E1 (Prop_dsp48e1_C[3]_P[1])
                                                      1.820    13.314 r  weight_sram_instance/read_data1__0/P[1]
                         net (fo=2400, routed)        1.869    15.182    weight_sram_instance/read_data1__0_n_104
    SLICE_X90Y21         LUT6 (Prop_lut6_I1_O)        0.124    15.306 r  weight_sram_instance/g231_b1__0/O
                         net (fo=1, routed)           0.000    15.306    weight_sram_instance/g231_b1__0_n_0
    SLICE_X90Y21         MUXF7 (Prop_muxf7_I1_O)      0.247    15.553 r  weight_sram_instance/read_data_reg[9]_i_189/O
                         net (fo=1, routed)           1.177    16.731    weight_sram_instance/read_data_reg[9]_i_189_n_0
    SLICE_X89Y21         LUT6 (Prop_lut6_I0_O)        0.298    17.029 r  weight_sram_instance/read_data[9]_i_84/O
                         net (fo=1, routed)           0.000    17.029    weight_sram_instance/read_data[9]_i_84_n_0
    SLICE_X89Y21         MUXF7 (Prop_muxf7_I0_O)      0.212    17.241 r  weight_sram_instance/read_data_reg[9]_i_39/O
                         net (fo=1, routed)           1.109    18.350    weight_sram_instance/read_data_reg[9]_i_39_n_0
    SLICE_X81Y23         LUT6 (Prop_lut6_I1_O)        0.299    18.649 r  weight_sram_instance/read_data[9]_i_16/O
                         net (fo=1, routed)           0.000    18.649    weight_sram_instance/read_data[9]_i_16_n_0
    SLICE_X81Y23         MUXF7 (Prop_muxf7_I1_O)      0.217    18.866 r  weight_sram_instance/read_data_reg[9]_i_6/O
                         net (fo=1, routed)           0.351    19.217    weight_sram_instance/read_data_reg[9]_i_6_n_0
    SLICE_X80Y23         LUT5 (Prop_lut5_I2_O)        0.299    19.516 r  weight_sram_instance/read_data[9]_i_2/O
                         net (fo=1, routed)           0.430    19.946    weight_sram_instance/read_data[9]_i_2_n_0
    SLICE_X79Y23         LUT5 (Prop_lut5_I0_O)        0.124    20.070 r  weight_sram_instance/read_data[9]_i_1/O
                         net (fo=1, routed)           0.000    20.070    weight_sram_instance/p_14_out[9]
    SLICE_X79Y23         FDRE                                         r  weight_sram_instance/read_data_reg[9]/D
  -------------------------------------------------------------------    -------------------

                         (clock s_axi_aclk rise edge)
                                                     10.000    10.000 r  
    U7                                                0.000    10.000 r  s_axi_aclk (IN)
                         net (fo=0)                   0.000    10.000    s_axi_aclk
    U7                   IBUF (Prop_ibuf_I_O)         0.924    10.924 r  s_axi_aclk_IBUF_inst/O
                         net (fo=1, routed)           1.972    12.896    s_axi_aclk_IBUF
    BUFGCTRL_X0Y0        BUFG (Prop_bufg_I_O)         0.091    12.987 r  s_axi_aclk_IBUF_BUFG_inst/O
                         net (fo=1465, routed)        1.543    14.530    weight_sram_instance/s_axi_aclk_IBUF_BUFG
    SLICE_X79Y23         FDRE                                         r  weight_sram_instance/read_data_reg[9]/C
                         clock pessimism              0.458    14.988    
                         clock uncertainty           -0.035    14.953    
    SLICE_X79Y23         FDRE (Setup_fdre_C_D)        0.031    14.984    weight_sram_instance/read_data_reg[9]
  -------------------------------------------------------------------
                         required time                         14.984    
                         arrival time                         -20.070    
  -------------------------------------------------------------------
                         slack                                 -5.086    

Slack (VIOLATED) :        -5.083ns  (required time - arrival time)
  Source:                 systolic_controller_instance/cycle_count_reg[4]/C
                            (rising edge-triggered cell FDCE clocked by s_axi_aclk  {rise@0.000ns fall@5.000ns period=10.000ns})
  Destination:            weight_sram_instance/read_data_reg[33]/D
                            (rising edge-triggered cell FDRE clocked by s_axi_aclk  {rise@0.000ns fall@5.000ns period=10.000ns})
  Path Group:             s_axi_aclk
  Path Type:              Setup (Max at Slow Process Corner)
  Requirement:            10.000ns  (s_axi_aclk rise@10.000ns - s_axi_aclk rise@0.000ns)
  Data Path Delay:        15.034ns  (logic 5.181ns (34.463%)  route 9.853ns (65.537%))
  Logic Levels:           16  (CARRY4=3 DSP48E1=1 LUT4=2 LUT5=4 LUT6=3 MUXF7=2 MUXF8=1)
  Clock Path Skew:        -0.045ns (DCD - SCD + CPR)
    Destination Clock Delay (DCD):    4.540ns = ( 14.540 - 10.000 ) 
    Source Clock Delay      (SCD):    5.043ns
    Clock Pessimism Removal (CPR):    0.458ns
  Clock Uncertainty:      0.035ns  ((TSJ^2 + TIJ^2)^1/2 + DJ) / 2 + PE
    Total System Jitter     (TSJ):    0.071ns
    Total Input Jitter      (TIJ):    0.000ns
    Discrete Jitter          (DJ):    0.000ns
    Phase Error              (PE):    0.000ns

    Location             Delay type                Incr(ns)  Path(ns)    Netlist Resource(s)
  -------------------------------------------------------------------    -------------------
                         (clock s_axi_aclk rise edge)
                                                      0.000     0.000 r  
    U7                                                0.000     0.000 r  s_axi_aclk (IN)
                         net (fo=0)                   0.000     0.000    s_axi_aclk
    U7                   IBUF (Prop_ibuf_I_O)         1.058     1.058 r  s_axi_aclk_IBUF_inst/O
                         net (fo=1, routed)           2.171     3.229    s_axi_aclk_IBUF
    BUFGCTRL_X0Y0        BUFG (Prop_bufg_I_O)         0.101     3.330 r  s_axi_aclk_IBUF_BUFG_inst/O
                         net (fo=1465, routed)        1.713     5.043    systolic_controller_instance/s_axi_aclk_IBUF_BUFG
    SLICE_X54Y19         FDCE                                         r  systolic_controller_instance/cycle_count_reg[4]/C
  -------------------------------------------------------------------    -------------------
    SLICE_X54Y19         FDCE (Prop_fdce_C_Q)         0.518     5.561 r  systolic_controller_instance/cycle_count_reg[4]/Q
                         net (fo=74, routed)          1.072     6.634    systolic_controller_instance/cycle_count_reg_n_0_[4]
    SLICE_X58Y19         LUT5 (Prop_lut5_I2_O)        0.124     6.758 r  systolic_controller_instance/consumed_feature_count_4[10]_i_5/O
                         net (fo=25, routed)          0.705     7.463    systolic_controller_instance/consumed_feature_count_4[10]_i_5_n_0
    SLICE_X59Y19         LUT4 (Prop_lut4_I3_O)        0.124     7.587 r  systolic_controller_instance/read_valid[4]_i_19/O
                         net (fo=1, routed)           0.000     7.587    systolic_controller_instance/read_valid[4]_i_19_n_0
    SLICE_X59Y19         CARRY4 (Prop_carry4_S[1]_CO[3])
                                                      0.550     8.137 r  systolic_controller_instance/read_valid_reg[4]_i_10/CO[3]
                         net (fo=1, routed)           0.000     8.137    systolic_controller_instance/read_valid_reg[4]_i_10_n_0
    SLICE_X59Y20         CARRY4 (Prop_carry4_CI_CO[3])
                                                      0.114     8.251 r  systolic_controller_instance/read_valid_reg[4]_i_5/CO[3]
                         net (fo=1, routed)           0.000     8.251    systolic_controller_instance/read_valid_reg[4]_i_5_n_0
    SLICE_X59Y21         CARRY4 (Prop_carry4_CI_CO[3])
                                                      0.114     8.365 r  systolic_controller_instance/read_valid_reg[4]_i_3/CO[3]
                         net (fo=4, routed)           0.666     9.030    systolic_controller_instance/operand_read_address29_in
    SLICE_X58Y20         LUT4 (Prop_lut4_I1_O)        0.124     9.154 r  systolic_controller_instance/read_valid[4]_i_1/O
                         net (fo=47, routed)          0.397     9.551    systolic_controller_instance/cycle_count_reg[2]_0[4]
    SLICE_X58Y21         LUT5 (Prop_lut5_I0_O)        0.124     9.675 r  systolic_controller_instance/read_data1__3_i_7/O
                         net (fo=4, routed)           1.483    11.158    weight_sram_instance/operand_read_address[45]
    DSP48_X3Y8           DSP48E1 (Prop_dsp48e1_C[5]_P[0])
                                                      1.820    12.978 r  weight_sram_instance/read_data1__3/P[0]
                         net (fo=2401, routed)        1.973    14.951    weight_sram_instance/read_data1__3_n_105
    SLICE_X100Y14        LUT6 (Prop_lut6_I0_O)        0.124    15.075 r  weight_sram_instance/g164_b1__3/O
                         net (fo=1, routed)           0.000    15.075    weight_sram_instance/g164_b1__3_n_0
    SLICE_X100Y14        MUXF7 (Prop_muxf7_I0_O)      0.241    15.316 r  weight_sram_instance/read_data_reg[33]_i_163/O
                         net (fo=1, routed)           0.000    15.316    weight_sram_instance/read_data_reg[33]_i_163_n_0
    SLICE_X100Y14        MUXF8 (Prop_muxf8_I0_O)      0.098    15.414 r  weight_sram_instance/read_data_reg[33]_i_72/O
                         net (fo=1, routed)           1.179    16.593    weight_sram_instance/read_data_reg[33]_i_72_n_0
    SLICE_X93Y14         LUT6 (Prop_lut6_I3_O)        0.319    16.912 r  weight_sram_instance/read_data[33]_i_35/O
                         net (fo=1, routed)           1.186    18.098    weight_sram_instance/read_data[33]_i_35_n_0
    SLICE_X86Y14         LUT6 (Prop_lut6_I1_O)        0.124    18.222 r  weight_sram_instance/read_data[33]_i_15/O
                         net (fo=1, routed)           0.000    18.222    weight_sram_instance/read_data[33]_i_15_n_0
    SLICE_X86Y14         MUXF7 (Prop_muxf7_I0_O)      0.241    18.463 r  weight_sram_instance/read_data_reg[33]_i_6/O
                         net (fo=1, routed)           0.638    19.101    weight_sram_instance/read_data_reg[33]_i_6_n_0
    SLICE_X80Y18         LUT5 (Prop_lut5_I2_O)        0.298    19.399 r  weight_sram_instance/read_data[33]_i_2/O
                         net (fo=1, routed)           0.554    19.953    weight_sram_instance/read_data[33]_i_2_n_0
    SLICE_X81Y15         LUT5 (Prop_lut5_I0_O)        0.124    20.077 r  weight_sram_instance/read_data[33]_i_1/O
                         net (fo=1, routed)           0.000    20.077    weight_sram_instance/p_14_out[33]
    SLICE_X81Y15         FDRE                                         r  weight_sram_instance/read_data_reg[33]/D
  -------------------------------------------------------------------    -------------------

                         (clock s_axi_aclk rise edge)
                                                     10.000    10.000 r  
    U7                                                0.000    10.000 r  s_axi_aclk (IN)
                         net (fo=0)                   0.000    10.000    s_axi_aclk
    U7                   IBUF (Prop_ibuf_I_O)         0.924    10.924 r  s_axi_aclk_IBUF_inst/O
                         net (fo=1, routed)           1.972    12.896    s_axi_aclk_IBUF
    BUFGCTRL_X0Y0        BUFG (Prop_bufg_I_O)         0.091    12.987 r  s_axi_aclk_IBUF_BUFG_inst/O
                         net (fo=1465, routed)        1.553    14.540    weight_sram_instance/s_axi_aclk_IBUF_BUFG
    SLICE_X81Y15         FDRE                                         r  weight_sram_instance/read_data_reg[33]/C
                         clock pessimism              0.458    14.998    
                         clock uncertainty           -0.035    14.963    
    SLICE_X81Y15         FDRE (Setup_fdre_C_D)        0.031    14.994    weight_sram_instance/read_data_reg[33]
  -------------------------------------------------------------------
                         required time                         14.994    
                         arrival time                         -20.077    
  -------------------------------------------------------------------
                         slack                                 -5.083    

Slack (VIOLATED) :        -5.033ns  (required time - arrival time)
  Source:                 systolic_controller_instance/cycle_count_reg[4]/C
                            (rising edge-triggered cell FDCE clocked by s_axi_aclk  {rise@0.000ns fall@5.000ns period=10.000ns})
  Destination:            weight_sram_instance/read_data_reg[10]/D
                            (rising edge-triggered cell FDRE clocked by s_axi_aclk  {rise@0.000ns fall@5.000ns period=10.000ns})
  Path Group:             s_axi_aclk
  Path Type:              Setup (Max at Slow Process Corner)
  Requirement:            10.000ns  (s_axi_aclk rise@10.000ns - s_axi_aclk rise@0.000ns)
  Data Path Delay:        14.972ns  (logic 5.550ns (37.068%)  route 9.422ns (62.932%))
  Logic Levels:           17  (CARRY4=3 DSP48E1=1 LUT3=1 LUT5=4 LUT6=5 MUXF7=3)
  Clock Path Skew:        -0.057ns (DCD - SCD + CPR)
    Destination Clock Delay (DCD):    4.528ns = ( 14.528 - 10.000 ) 
    Source Clock Delay      (SCD):    5.043ns
    Clock Pessimism Removal (CPR):    0.458ns
  Clock Uncertainty:      0.035ns  ((TSJ^2 + TIJ^2)^1/2 + DJ) / 2 + PE
    Total System Jitter     (TSJ):    0.071ns
    Total Input Jitter      (TIJ):    0.000ns
    Discrete Jitter          (DJ):    0.000ns
    Phase Error              (PE):    0.000ns

    Location             Delay type                Incr(ns)  Path(ns)    Netlist Resource(s)
  -------------------------------------------------------------------    -------------------
                         (clock s_axi_aclk rise edge)
                                                      0.000     0.000 r  
    U7                                                0.000     0.000 r  s_axi_aclk (IN)
                         net (fo=0)                   0.000     0.000    s_axi_aclk
    U7                   IBUF (Prop_ibuf_I_O)         1.058     1.058 r  s_axi_aclk_IBUF_inst/O
                         net (fo=1, routed)           2.171     3.229    s_axi_aclk_IBUF
    BUFGCTRL_X0Y0        BUFG (Prop_bufg_I_O)         0.101     3.330 r  s_axi_aclk_IBUF_BUFG_inst/O
                         net (fo=1465, routed)        1.713     5.043    systolic_controller_instance/s_axi_aclk_IBUF_BUFG
    SLICE_X54Y19         FDCE                                         r  systolic_controller_instance/cycle_count_reg[4]/C
  -------------------------------------------------------------------    -------------------
    SLICE_X54Y19         FDCE (Prop_fdce_C_Q)         0.518     5.561 r  systolic_controller_instance/cycle_count_reg[4]/Q
                         net (fo=74, routed)          1.068     6.630    systolic_controller_instance/cycle_count_reg_n_0_[4]
    SLICE_X59Y22         LUT5 (Prop_lut5_I4_O)        0.124     6.754 r  systolic_controller_instance/consumed_feature_count_1[7]_i_3/O
                         net (fo=8, routed)           0.161     6.914    systolic_controller_instance/consumed_feature_count_1[7]_i_3_n_0
    SLICE_X59Y22         LUT3 (Prop_lut3_I2_O)        0.124     7.038 r  systolic_controller_instance/consumed_feature_count_1[10]_i_3/O
                         net (fo=24, routed)          0.191     7.230    systolic_controller_instance/consumed_feature_count_1[10]_i_3_n_0
    SLICE_X59Y22         LUT6 (Prop_lut6_I3_O)        0.124     7.354 r  systolic_controller_instance/read_valid[1]_i_14/O
                         net (fo=1, routed)           0.478     7.832    systolic_controller_instance/read_valid[1]_i_14_n_0
    SLICE_X60Y22         CARRY4 (Prop_carry4_DI[0]_CO[3])
                                                      0.526     8.358 r  systolic_controller_instance/read_valid_reg[1]_i_8/CO[3]
                         net (fo=1, routed)           0.000     8.358    systolic_controller_instance/read_valid_reg[1]_i_8_n_0
    SLICE_X60Y23         CARRY4 (Prop_carry4_CI_CO[3])
                                                      0.114     8.472 r  systolic_controller_instance/read_valid_reg[1]_i_3/CO[3]
                         net (fo=1, routed)           0.000     8.472    systolic_controller_instance/read_valid_reg[1]_i_3_n_0
    SLICE_X60Y24         CARRY4 (Prop_carry4_CI_CO[3])
                                                      0.114     8.586 r  systolic_controller_instance/read_valid_reg[1]_i_2/CO[3]
                         net (fo=4, routed)           0.633     9.219    systolic_controller_instance/operand_read_address2
    SLICE_X63Y24         LUT6 (Prop_lut6_I4_O)        0.124     9.343 r  systolic_controller_instance/read_valid[1]_i_1/O
                         net (fo=35, routed)          0.783    10.125    systolic_controller_instance/cycle_count_reg[2]_0[1]
    SLICE_X68Y24         LUT5 (Prop_lut5_I0_O)        0.124    10.249 r  systolic_controller_instance/read_data1__0_i_13/O
                         net (fo=8, routed)           1.244    11.494    weight_sram_instance/operand_read_address[13]
    DSP48_X3Y12          DSP48E1 (Prop_dsp48e1_C[3]_P[4])
                                                      1.820    13.314 r  weight_sram_instance/read_data1__0/P[4]
                         net (fo=2415, routed)        2.134    15.448    weight_sram_instance/read_data1__0_n_101
    SLICE_X83Y21         LUT6 (Prop_lut6_I4_O)        0.124    15.572 r  weight_sram_instance/g112_b2__0/O
                         net (fo=1, routed)           0.000    15.572    weight_sram_instance/g112_b2__0_n_0
    SLICE_X83Y21         MUXF7 (Prop_muxf7_I0_O)      0.212    15.784 r  weight_sram_instance/read_data_reg[10]_i_224/O
                         net (fo=1, routed)           1.024    16.808    weight_sram_instance/read_data_reg[10]_i_224_n_0
    SLICE_X83Y27         LUT6 (Prop_lut6_I5_O)        0.299    17.107 r  weight_sram_instance/read_data[10]_i_98/O
                         net (fo=1, routed)           0.000    17.107    weight_sram_instance/read_data[10]_i_98_n_0
    SLICE_X83Y27         MUXF7 (Prop_muxf7_I0_O)      0.238    17.345 r  weight_sram_instance/read_data_reg[10]_i_48/O
                         net (fo=1, routed)           0.829    18.174    weight_sram_instance/read_data_reg[10]_i_48_n_0
    SLICE_X80Y25         LUT6 (Prop_lut6_I0_O)        0.298    18.472 r  weight_sram_instance/read_data[10]_i_19/O
                         net (fo=1, routed)           0.000    18.472    weight_sram_instance/read_data[10]_i_19_n_0
    SLICE_X80Y25         MUXF7 (Prop_muxf7_I1_O)      0.245    18.717 r  weight_sram_instance/read_data_reg[10]_i_7/O
                         net (fo=1, routed)           0.444    19.161    weight_sram_instance/read_data_reg[10]_i_7_n_0
    SLICE_X78Y25         LUT5 (Prop_lut5_I4_O)        0.298    19.459 r  weight_sram_instance/read_data[10]_i_2/O
                         net (fo=1, routed)           0.433    19.892    weight_sram_instance/read_data[10]_i_2_n_0
    SLICE_X78Y25         LUT5 (Prop_lut5_I0_O)        0.124    20.016 r  weight_sram_instance/read_data[10]_i_1/O
                         net (fo=1, routed)           0.000    20.016    weight_sram_instance/p_14_out[10]
    SLICE_X78Y25         FDRE                                         r  weight_sram_instance/read_data_reg[10]/D
  -------------------------------------------------------------------    -------------------

                         (clock s_axi_aclk rise edge)
                                                     10.000    10.000 r  
    U7                                                0.000    10.000 r  s_axi_aclk (IN)
                         net (fo=0)                   0.000    10.000    s_axi_aclk
    U7                   IBUF (Prop_ibuf_I_O)         0.924    10.924 r  s_axi_aclk_IBUF_inst/O
                         net (fo=1, routed)           1.972    12.896    s_axi_aclk_IBUF
    BUFGCTRL_X0Y0        BUFG (Prop_bufg_I_O)         0.091    12.987 r  s_axi_aclk_IBUF_BUFG_inst/O
                         net (fo=1465, routed)        1.541    14.528    weight_sram_instance/s_axi_aclk_IBUF_BUFG
    SLICE_X78Y25         FDRE                                         r  weight_sram_instance/read_data_reg[10]/C
                         clock pessimism              0.458    14.986    
                         clock uncertainty           -0.035    14.951    
    SLICE_X78Y25         FDRE (Setup_fdre_C_D)        0.032    14.983    weight_sram_instance/read_data_reg[10]
  -------------------------------------------------------------------
                         required time                         14.983    
                         arrival time                         -20.016    
  -------------------------------------------------------------------
                         slack                                 -5.033    

Slack (VIOLATED) :        -5.011ns  (required time - arrival time)
  Source:                 systolic_controller_instance/cycle_count_reg[4]/C
                            (rising edge-triggered cell FDCE clocked by s_axi_aclk  {rise@0.000ns fall@5.000ns period=10.000ns})
  Destination:            weight_sram_instance/read_data_reg[12]/D
                            (rising edge-triggered cell FDRE clocked by s_axi_aclk  {rise@0.000ns fall@5.000ns period=10.000ns})
  Path Group:             s_axi_aclk
  Path Type:              Setup (Max at Slow Process Corner)
  Requirement:            10.000ns  (s_axi_aclk rise@10.000ns - s_axi_aclk rise@0.000ns)
  Data Path Delay:        14.957ns  (logic 5.632ns (37.655%)  route 9.325ns (62.345%))
  Logic Levels:           18  (CARRY4=3 DSP48E1=1 LUT3=1 LUT5=2 LUT6=6 MUXF7=3 MUXF8=2)
  Clock Path Skew:        -0.050ns (DCD - SCD + CPR)
    Destination Clock Delay (DCD):    4.535ns = ( 14.535 - 10.000 ) 
    Source Clock Delay      (SCD):    5.043ns
    Clock Pessimism Removal (CPR):    0.458ns
  Clock Uncertainty:      0.035ns  ((TSJ^2 + TIJ^2)^1/2 + DJ) / 2 + PE
    Total System Jitter     (TSJ):    0.071ns
    Total Input Jitter      (TIJ):    0.000ns
    Discrete Jitter          (DJ):    0.000ns
    Phase Error              (PE):    0.000ns

    Location             Delay type                Incr(ns)  Path(ns)    Netlist Resource(s)
  -------------------------------------------------------------------    -------------------
                         (clock s_axi_aclk rise edge)
                                                      0.000     0.000 r  
    U7                                                0.000     0.000 r  s_axi_aclk (IN)
                         net (fo=0)                   0.000     0.000    s_axi_aclk
    U7                   IBUF (Prop_ibuf_I_O)         1.058     1.058 r  s_axi_aclk_IBUF_inst/O
                         net (fo=1, routed)           2.171     3.229    s_axi_aclk_IBUF
    BUFGCTRL_X0Y0        BUFG (Prop_bufg_I_O)         0.101     3.330 r  s_axi_aclk_IBUF_BUFG_inst/O
                         net (fo=1465, routed)        1.713     5.043    systolic_controller_instance/s_axi_aclk_IBUF_BUFG
    SLICE_X54Y19         FDCE                                         r  systolic_controller_instance/cycle_count_reg[4]/C
  -------------------------------------------------------------------    -------------------
    SLICE_X54Y19         FDCE (Prop_fdce_C_Q)         0.518     5.561 r  systolic_controller_instance/cycle_count_reg[4]/Q
                         net (fo=74, routed)          1.068     6.630    systolic_controller_instance/cycle_count_reg_n_0_[4]
    SLICE_X59Y22         LUT5 (Prop_lut5_I4_O)        0.124     6.754 r  systolic_controller_instance/consumed_feature_count_1[7]_i_3/O
                         net (fo=8, routed)           0.161     6.914    systolic_controller_instance/consumed_feature_count_1[7]_i_3_n_0
    SLICE_X59Y22         LUT3 (Prop_lut3_I2_O)        0.124     7.038 r  systolic_controller_instance/consumed_feature_count_1[10]_i_3/O
                         net (fo=24, routed)          0.191     7.230    systolic_controller_instance/consumed_feature_count_1[10]_i_3_n_0
    SLICE_X59Y22         LUT6 (Prop_lut6_I3_O)        0.124     7.354 r  systolic_controller_instance/read_valid[1]_i_14/O
                         net (fo=1, routed)           0.478     7.832    systolic_controller_instance/read_valid[1]_i_14_n_0
    SLICE_X60Y22         CARRY4 (Prop_carry4_DI[0]_CO[3])
                                                      0.526     8.358 r  systolic_controller_instance/read_valid_reg[1]_i_8/CO[3]
                         net (fo=1, routed)           0.000     8.358    systolic_controller_instance/read_valid_reg[1]_i_8_n_0
    SLICE_X60Y23         CARRY4 (Prop_carry4_CI_CO[3])
                                                      0.114     8.472 r  systolic_controller_instance/read_valid_reg[1]_i_3/CO[3]
                         net (fo=1, routed)           0.000     8.472    systolic_controller_instance/read_valid_reg[1]_i_3_n_0
    SLICE_X60Y24         CARRY4 (Prop_carry4_CI_CO[3])
                                                      0.114     8.586 r  systolic_controller_instance/read_valid_reg[1]_i_2/CO[3]
                         net (fo=4, routed)           0.633     9.219    systolic_controller_instance/operand_read_address2
    SLICE_X63Y24         LUT6 (Prop_lut6_I4_O)        0.124     9.343 r  systolic_controller_instance/read_valid[1]_i_1/O
                         net (fo=35, routed)          0.783    10.125    systolic_controller_instance/cycle_count_reg[2]_0[1]
    SLICE_X68Y24         LUT5 (Prop_lut5_I0_O)        0.124    10.249 r  systolic_controller_instance/read_data1__0_i_13/O
                         net (fo=8, routed)           1.244    11.494    weight_sram_instance/operand_read_address[13]
    DSP48_X3Y12          DSP48E1 (Prop_dsp48e1_C[3]_P[1])
                                                      1.820    13.314 r  weight_sram_instance/read_data1__0/P[1]
                         net (fo=2400, routed)        2.521    15.834    weight_sram_instance/read_data1__0_n_104
    SLICE_X65Y31         LUT6 (Prop_lut6_I1_O)        0.124    15.958 r  weight_sram_instance/g59_b4__0/O
                         net (fo=1, routed)           0.000    15.958    weight_sram_instance/g59_b4__0_n_0
    SLICE_X65Y31         MUXF7 (Prop_muxf7_I1_O)      0.217    16.175 r  weight_sram_instance/read_data_reg[12]_i_259/O
                         net (fo=1, routed)           0.000    16.175    weight_sram_instance/read_data_reg[12]_i_259_n_0
    SLICE_X65Y31         MUXF8 (Prop_muxf8_I1_O)      0.094    16.269 r  weight_sram_instance/read_data_reg[12]_i_164/O
                         net (fo=1, routed)           0.847    17.116    weight_sram_instance/read_data_reg[12]_i_164_n_0
    SLICE_X66Y31         LUT6 (Prop_lut6_I5_O)        0.316    17.432 r  weight_sram_instance/read_data[12]_i_106/O
                         net (fo=1, routed)           0.000    17.432    weight_sram_instance/read_data[12]_i_106_n_0
    SLICE_X66Y31         MUXF7 (Prop_muxf7_I1_O)      0.214    17.646 r  weight_sram_instance/read_data_reg[12]_i_46/O
                         net (fo=1, routed)           0.795    18.441    weight_sram_instance/read_data_reg[12]_i_46_n_0
    SLICE_X71Y30         LUT6 (Prop_lut6_I0_O)        0.297    18.738 r  weight_sram_instance/read_data[12]_i_19/O
                         net (fo=1, routed)           0.000    18.738    weight_sram_instance/read_data[12]_i_19_n_0
    SLICE_X71Y30         MUXF7 (Prop_muxf7_I0_O)      0.238    18.976 r  weight_sram_instance/read_data_reg[12]_i_7/O
                         net (fo=1, routed)           0.000    18.976    weight_sram_instance/read_data_reg[12]_i_7_n_0
    SLICE_X71Y30         MUXF8 (Prop_muxf8_I0_O)      0.104    19.080 r  weight_sram_instance/read_data_reg[12]_i_3/O
                         net (fo=1, routed)           0.604    19.684    weight_sram_instance/read_data_reg[12]_i_3_n_0
    SLICE_X78Y31         LUT6 (Prop_lut6_I4_O)        0.316    20.000 r  weight_sram_instance/read_data[12]_i_1/O
                         net (fo=1, routed)           0.000    20.000    weight_sram_instance/p_14_out[12]
    SLICE_X78Y31         FDRE                                         r  weight_sram_instance/read_data_reg[12]/D
  -------------------------------------------------------------------    -------------------

                         (clock s_axi_aclk rise edge)
                                                     10.000    10.000 r  
    U7                                                0.000    10.000 r  s_axi_aclk (IN)
                         net (fo=0)                   0.000    10.000    s_axi_aclk
    U7                   IBUF (Prop_ibuf_I_O)         0.924    10.924 r  s_axi_aclk_IBUF_inst/O
                         net (fo=1, routed)           1.972    12.896    s_axi_aclk_IBUF
    BUFGCTRL_X0Y0        BUFG (Prop_bufg_I_O)         0.091    12.987 r  s_axi_aclk_IBUF_BUFG_inst/O
                         net (fo=1465, routed)        1.548    14.535    weight_sram_instance/s_axi_aclk_IBUF_BUFG
    SLICE_X78Y31         FDRE                                         r  weight_sram_instance/read_data_reg[12]/C
                         clock pessimism              0.458    14.993    
                         clock uncertainty           -0.035    14.958    
    SLICE_X78Y31         FDRE (Setup_fdre_C_D)        0.031    14.989    weight_sram_instance/read_data_reg[12]
  -------------------------------------------------------------------
                         required time                         14.989    
                         arrival time                         -20.000    
  -------------------------------------------------------------------
                         slack                                 -5.011    

Slack (VIOLATED) :        -4.962ns  (required time - arrival time)
  Source:                 systolic_controller_instance/cycle_count_reg[4]/C
                            (rising edge-triggered cell FDCE clocked by s_axi_aclk  {rise@0.000ns fall@5.000ns period=10.000ns})
  Destination:            weight_sram_instance/read_data_reg[13]/D
                            (rising edge-triggered cell FDRE clocked by s_axi_aclk  {rise@0.000ns fall@5.000ns period=10.000ns})
  Path Group:             s_axi_aclk
  Path Type:              Setup (Max at Slow Process Corner)
  Requirement:            10.000ns  (s_axi_aclk rise@10.000ns - s_axi_aclk rise@0.000ns)
  Data Path Delay:        14.915ns  (logic 5.671ns (38.022%)  route 9.244ns (61.978%))
  Logic Levels:           18  (CARRY4=3 DSP48E1=1 LUT3=1 LUT5=2 LUT6=6 MUXF7=3 MUXF8=2)
  Clock Path Skew:        -0.043ns (DCD - SCD + CPR)
    Destination Clock Delay (DCD):    4.542ns = ( 14.542 - 10.000 ) 
    Source Clock Delay      (SCD):    5.043ns
    Clock Pessimism Removal (CPR):    0.458ns
  Clock Uncertainty:      0.035ns  ((TSJ^2 + TIJ^2)^1/2 + DJ) / 2 + PE
    Total System Jitter     (TSJ):    0.071ns
    Total Input Jitter      (TIJ):    0.000ns
    Discrete Jitter          (DJ):    0.000ns
    Phase Error              (PE):    0.000ns

    Location             Delay type                Incr(ns)  Path(ns)    Netlist Resource(s)
  -------------------------------------------------------------------    -------------------
                         (clock s_axi_aclk rise edge)
                                                      0.000     0.000 r  
    U7                                                0.000     0.000 r  s_axi_aclk (IN)
                         net (fo=0)                   0.000     0.000    s_axi_aclk
    U7                   IBUF (Prop_ibuf_I_O)         1.058     1.058 r  s_axi_aclk_IBUF_inst/O
                         net (fo=1, routed)           2.171     3.229    s_axi_aclk_IBUF
    BUFGCTRL_X0Y0        BUFG (Prop_bufg_I_O)         0.101     3.330 r  s_axi_aclk_IBUF_BUFG_inst/O
                         net (fo=1465, routed)        1.713     5.043    systolic_controller_instance/s_axi_aclk_IBUF_BUFG
    SLICE_X54Y19         FDCE                                         r  systolic_controller_instance/cycle_count_reg[4]/C
  -------------------------------------------------------------------    -------------------
    SLICE_X54Y19         FDCE (Prop_fdce_C_Q)         0.518     5.561 r  systolic_controller_instance/cycle_count_reg[4]/Q
                         net (fo=74, routed)          1.068     6.630    systolic_controller_instance/cycle_count_reg_n_0_[4]
    SLICE_X59Y22         LUT5 (Prop_lut5_I4_O)        0.124     6.754 r  systolic_controller_instance/consumed_feature_count_1[7]_i_3/O
                         net (fo=8, routed)           0.161     6.914    systolic_controller_instance/consumed_feature_count_1[7]_i_3_n_0
    SLICE_X59Y22         LUT3 (Prop_lut3_I2_O)        0.124     7.038 r  systolic_controller_instance/consumed_feature_count_1[10]_i_3/O
                         net (fo=24, routed)          0.191     7.230    systolic_controller_instance/consumed_feature_count_1[10]_i_3_n_0
    SLICE_X59Y22         LUT6 (Prop_lut6_I3_O)        0.124     7.354 r  systolic_controller_instance/read_valid[1]_i_14/O
                         net (fo=1, routed)           0.478     7.832    systolic_controller_instance/read_valid[1]_i_14_n_0
    SLICE_X60Y22         CARRY4 (Prop_carry4_DI[0]_CO[3])
                                                      0.526     8.358 r  systolic_controller_instance/read_valid_reg[1]_i_8/CO[3]
                         net (fo=1, routed)           0.000     8.358    systolic_controller_instance/read_valid_reg[1]_i_8_n_0
    SLICE_X60Y23         CARRY4 (Prop_carry4_CI_CO[3])
                                                      0.114     8.472 r  systolic_controller_instance/read_valid_reg[1]_i_3/CO[3]
                         net (fo=1, routed)           0.000     8.472    systolic_controller_instance/read_valid_reg[1]_i_3_n_0
    SLICE_X60Y24         CARRY4 (Prop_carry4_CI_CO[3])
                                                      0.114     8.586 r  systolic_controller_instance/read_valid_reg[1]_i_2/CO[3]
                         net (fo=4, routed)           0.633     9.219    systolic_controller_instance/operand_read_address2
    SLICE_X63Y24         LUT6 (Prop_lut6_I4_O)        0.124     9.343 r  systolic_controller_instance/read_valid[1]_i_1/O
                         net (fo=35, routed)          0.783    10.125    systolic_controller_instance/cycle_count_reg[2]_0[1]
    SLICE_X68Y24         LUT5 (Prop_lut5_I0_O)        0.124    10.249 r  systolic_controller_instance/read_data1__0_i_13/O
                         net (fo=8, routed)           1.244    11.494    weight_sram_instance/operand_read_address[13]
    DSP48_X3Y12          DSP48E1 (Prop_dsp48e1_C[3]_P[0])
                                                      1.820    13.314 r  weight_sram_instance/read_data1__0/P[0]
                         net (fo=2401, routed)        2.355    15.669    weight_sram_instance/read_data1__0_n_105
    SLICE_X78Y38         LUT6 (Prop_lut6_I0_O)        0.124    15.793 r  weight_sram_instance/g127_b5__0/O
                         net (fo=1, routed)           0.000    15.793    weight_sram_instance/g127_b5__0_n_0
    SLICE_X78Y38         MUXF7 (Prop_muxf7_I1_O)      0.217    16.010 r  weight_sram_instance/read_data_reg[13]_i_273/O
                         net (fo=1, routed)           0.000    16.010    weight_sram_instance/read_data_reg[13]_i_273_n_0
    SLICE_X78Y38         MUXF8 (Prop_muxf8_I1_O)      0.094    16.104 r  weight_sram_instance/read_data_reg[13]_i_201/O
                         net (fo=1, routed)           1.002    17.106    weight_sram_instance/read_data_reg[13]_i_201_n_0
    SLICE_X78Y37         LUT6 (Prop_lut6_I0_O)        0.316    17.422 r  weight_sram_instance/read_data[13]_i_128/O
                         net (fo=1, routed)           0.000    17.422    weight_sram_instance/read_data[13]_i_128_n_0
    SLICE_X78Y37         MUXF7 (Prop_muxf7_I1_O)      0.245    17.667 r  weight_sram_instance/read_data_reg[13]_i_57/O
                         net (fo=1, routed)           0.821    18.487    weight_sram_instance/read_data_reg[13]_i_57_n_0
    SLICE_X76Y38         LUT6 (Prop_lut6_I0_O)        0.298    18.785 r  weight_sram_instance/read_data[13]_i_21/O
                         net (fo=1, routed)           0.000    18.785    weight_sram_instance/read_data[13]_i_21_n_0
    SLICE_X76Y38         MUXF7 (Prop_muxf7_I1_O)      0.245    19.030 r  weight_sram_instance/read_data_reg[13]_i_7/O
                         net (fo=1, routed)           0.000    19.030    weight_sram_instance/read_data_reg[13]_i_7_n_0
    SLICE_X76Y38         MUXF8 (Prop_muxf8_I0_O)      0.104    19.134 r  weight_sram_instance/read_data_reg[13]_i_3/O
                         net (fo=1, routed)           0.508    19.642    weight_sram_instance/read_data_reg[13]_i_3_n_0
    SLICE_X77Y38         LUT6 (Prop_lut6_I4_O)        0.316    19.958 r  weight_sram_instance/read_data[13]_i_1/O
                         net (fo=1, routed)           0.000    19.958    weight_sram_instance/p_14_out[13]
    SLICE_X77Y38         FDRE                                         r  weight_sram_instance/read_data_reg[13]/D
  -------------------------------------------------------------------    -------------------

                         (clock s_axi_aclk rise edge)
                                                     10.000    10.000 r  
    U7                                                0.000    10.000 r  s_axi_aclk (IN)
                         net (fo=0)                   0.000    10.000    s_axi_aclk
    U7                   IBUF (Prop_ibuf_I_O)         0.924    10.924 r  s_axi_aclk_IBUF_inst/O
                         net (fo=1, routed)           1.972    12.896    s_axi_aclk_IBUF
    BUFGCTRL_X0Y0        BUFG (Prop_bufg_I_O)         0.091    12.987 r  s_axi_aclk_IBUF_BUFG_inst/O
                         net (fo=1465, routed)        1.555    14.542    weight_sram_instance/s_axi_aclk_IBUF_BUFG
    SLICE_X77Y38         FDRE                                         r  weight_sram_instance/read_data_reg[13]/C
                         clock pessimism              0.458    15.000    
                         clock uncertainty           -0.035    14.965    
    SLICE_X77Y38         FDRE (Setup_fdre_C_D)        0.031    14.996    weight_sram_instance/read_data_reg[13]
  -------------------------------------------------------------------
                         required time                         14.996    
                         arrival time                         -19.958    
  -------------------------------------------------------------------
                         slack                                 -4.962    

Slack (VIOLATED) :        -4.953ns  (required time - arrival time)
  Source:                 systolic_controller_instance/cycle_count_reg[4]/C
                            (rising edge-triggered cell FDCE clocked by s_axi_aclk  {rise@0.000ns fall@5.000ns period=10.000ns})
  Destination:            weight_sram_instance/read_data_reg[34]/D
                            (rising edge-triggered cell FDRE clocked by s_axi_aclk  {rise@0.000ns fall@5.000ns period=10.000ns})
  Path Group:             s_axi_aclk
  Path Type:              Setup (Max at Slow Process Corner)
  Requirement:            10.000ns  (s_axi_aclk rise@10.000ns - s_axi_aclk rise@0.000ns)
  Data Path Delay:        14.949ns  (logic 5.430ns (36.323%)  route 9.519ns (63.677%))
  Logic Levels:           16  (CARRY4=3 DSP48E1=1 LUT4=2 LUT5=4 LUT6=3 MUXF7=3)
  Clock Path Skew:        -0.047ns (DCD - SCD + CPR)
    Destination Clock Delay (DCD):    4.538ns = ( 14.538 - 10.000 ) 
    Source Clock Delay      (SCD):    5.043ns
    Clock Pessimism Removal (CPR):    0.458ns
  Clock Uncertainty:      0.035ns  ((TSJ^2 + TIJ^2)^1/2 + DJ) / 2 + PE
    Total System Jitter     (TSJ):    0.071ns
    Total Input Jitter      (TIJ):    0.000ns
    Discrete Jitter          (DJ):    0.000ns
    Phase Error              (PE):    0.000ns

    Location             Delay type                Incr(ns)  Path(ns)    Netlist Resource(s)
  -------------------------------------------------------------------    -------------------
                         (clock s_axi_aclk rise edge)
                                                      0.000     0.000 r  
    U7                                                0.000     0.000 r  s_axi_aclk (IN)
                         net (fo=0)                   0.000     0.000    s_axi_aclk
    U7                   IBUF (Prop_ibuf_I_O)         1.058     1.058 r  s_axi_aclk_IBUF_inst/O
                         net (fo=1, routed)           2.171     3.229    s_axi_aclk_IBUF
    BUFGCTRL_X0Y0        BUFG (Prop_bufg_I_O)         0.101     3.330 r  s_axi_aclk_IBUF_BUFG_inst/O
                         net (fo=1465, routed)        1.713     5.043    systolic_controller_instance/s_axi_aclk_IBUF_BUFG
    SLICE_X54Y19         FDCE                                         r  systolic_controller_instance/cycle_count_reg[4]/C
  -------------------------------------------------------------------    -------------------
    SLICE_X54Y19         FDCE (Prop_fdce_C_Q)         0.518     5.561 r  systolic_controller_instance/cycle_count_reg[4]/Q
                         net (fo=74, routed)          1.072     6.634    systolic_controller_instance/cycle_count_reg_n_0_[4]
    SLICE_X58Y19         LUT5 (Prop_lut5_I2_O)        0.124     6.758 r  systolic_controller_instance/consumed_feature_count_4[10]_i_5/O
                         net (fo=25, routed)          0.705     7.463    systolic_controller_instance/consumed_feature_count_4[10]_i_5_n_0
    SLICE_X59Y19         LUT4 (Prop_lut4_I3_O)        0.124     7.587 r  systolic_controller_instance/read_valid[4]_i_19/O
                         net (fo=1, routed)           0.000     7.587    systolic_controller_instance/read_valid[4]_i_19_n_0
    SLICE_X59Y19         CARRY4 (Prop_carry4_S[1]_CO[3])
                                                      0.550     8.137 r  systolic_controller_instance/read_valid_reg[4]_i_10/CO[3]
                         net (fo=1, routed)           0.000     8.137    systolic_controller_instance/read_valid_reg[4]_i_10_n_0
    SLICE_X59Y20         CARRY4 (Prop_carry4_CI_CO[3])
                                                      0.114     8.251 r  systolic_controller_instance/read_valid_reg[4]_i_5/CO[3]
                         net (fo=1, routed)           0.000     8.251    systolic_controller_instance/read_valid_reg[4]_i_5_n_0
    SLICE_X59Y21         CARRY4 (Prop_carry4_CI_CO[3])
                                                      0.114     8.365 r  systolic_controller_instance/read_valid_reg[4]_i_3/CO[3]
                         net (fo=4, routed)           0.666     9.030    systolic_controller_instance/operand_read_address29_in
    SLICE_X58Y20         LUT4 (Prop_lut4_I1_O)        0.124     9.154 r  systolic_controller_instance/read_valid[4]_i_1/O
                         net (fo=47, routed)          0.397     9.551    systolic_controller_instance/cycle_count_reg[2]_0[4]
    SLICE_X58Y21         LUT5 (Prop_lut5_I0_O)        0.124     9.675 r  systolic_controller_instance/read_data1__3_i_7/O
                         net (fo=4, routed)           1.483    11.158    weight_sram_instance/operand_read_address[45]
    DSP48_X3Y8           DSP48E1 (Prop_dsp48e1_C[5]_P[1])
                                                      1.820    12.978 r  weight_sram_instance/read_data1__3/P[1]
                         net (fo=2400, routed)        1.901    14.878    weight_sram_instance/read_data1__3_n_104
    SLICE_X103Y21        LUT6 (Prop_lut6_I1_O)        0.124    15.002 r  weight_sram_instance/g63_b2__3/O
                         net (fo=1, routed)           0.000    15.002    weight_sram_instance/g63_b2__3_n_0
    SLICE_X103Y21        MUXF7 (Prop_muxf7_I1_O)      0.245    15.247 r  weight_sram_instance/read_data_reg[34]_i_197/O
                         net (fo=1, routed)           0.802    16.049    weight_sram_instance/read_data_reg[34]_i_197_n_0
    SLICE_X103Y20        LUT6 (Prop_lut6_I0_O)        0.298    16.347 r  weight_sram_instance/read_data[34]_i_87/O
                         net (fo=1, routed)           0.000    16.347    weight_sram_instance/read_data[34]_i_87_n_0
    SLICE_X103Y20        MUXF7 (Prop_muxf7_I1_O)      0.217    16.564 r  weight_sram_instance/read_data_reg[34]_i_44/O
                         net (fo=1, routed)           1.371    17.934    weight_sram_instance/read_data_reg[34]_i_44_n_0
    SLICE_X83Y17         LUT6 (Prop_lut6_I0_O)        0.299    18.233 r  weight_sram_instance/read_data[34]_i_18/O
                         net (fo=1, routed)           0.000    18.233    weight_sram_instance/read_data[34]_i_18_n_0
    SLICE_X83Y17         MUXF7 (Prop_muxf7_I0_O)      0.212    18.445 r  weight_sram_instance/read_data_reg[34]_i_7/O
                         net (fo=1, routed)           0.658    19.104    weight_sram_instance/read_data_reg[34]_i_7_n_0
    SLICE_X82Y17         LUT5 (Prop_lut5_I4_O)        0.299    19.403 r  weight_sram_instance/read_data[34]_i_2/O
                         net (fo=1, routed)           0.466    19.869    weight_sram_instance/read_data[34]_i_2_n_0
    SLICE_X82Y17         LUT5 (Prop_lut5_I0_O)        0.124    19.993 r  weight_sram_instance/read_data[34]_i_1/O
                         net (fo=1, routed)           0.000    19.993    weight_sram_instance/p_14_out[34]
    SLICE_X82Y17         FDRE                                         r  weight_sram_instance/read_data_reg[34]/D
  -------------------------------------------------------------------    -------------------

                         (clock s_axi_aclk rise edge)
                                                     10.000    10.000 r  
    U7                                                0.000    10.000 r  s_axi_aclk (IN)
                         net (fo=0)                   0.000    10.000    s_axi_aclk
    U7                   IBUF (Prop_ibuf_I_O)         0.924    10.924 r  s_axi_aclk_IBUF_inst/O
                         net (fo=1, routed)           1.972    12.896    s_axi_aclk_IBUF
    BUFGCTRL_X0Y0        BUFG (Prop_bufg_I_O)         0.091    12.987 r  s_axi_aclk_IBUF_BUFG_inst/O
                         net (fo=1465, routed)        1.551    14.538    weight_sram_instance/s_axi_aclk_IBUF_BUFG
    SLICE_X82Y17         FDRE                                         r  weight_sram_instance/read_data_reg[34]/C
                         clock pessimism              0.458    14.996    
                         clock uncertainty           -0.035    14.961    
    SLICE_X82Y17         FDRE (Setup_fdre_C_D)        0.079    15.040    weight_sram_instance/read_data_reg[34]
  -------------------------------------------------------------------
                         required time                         15.040    
                         arrival time                         -19.993    
  -------------------------------------------------------------------
                         slack                                 -4.953    

Slack (VIOLATED) :        -4.951ns  (required time - arrival time)
  Source:                 systolic_controller_instance/cycle_count_reg[4]/C
                            (rising edge-triggered cell FDCE clocked by s_axi_aclk  {rise@0.000ns fall@5.000ns period=10.000ns})
  Destination:            weight_sram_instance/read_data_reg[11]/D
                            (rising edge-triggered cell FDRE clocked by s_axi_aclk  {rise@0.000ns fall@5.000ns period=10.000ns})
  Path Group:             s_axi_aclk
  Path Type:              Setup (Max at Slow Process Corner)
  Requirement:            10.000ns  (s_axi_aclk rise@10.000ns - s_axi_aclk rise@0.000ns)
  Data Path Delay:        14.894ns  (logic 5.553ns (37.282%)  route 9.341ns (62.718%))
  Logic Levels:           17  (CARRY4=3 DSP48E1=1 LUT3=1 LUT5=2 LUT6=6 MUXF7=3 MUXF8=1)
  Clock Path Skew:        -0.052ns (DCD - SCD + CPR)
    Destination Clock Delay (DCD):    4.533ns = ( 14.533 - 10.000 ) 
    Source Clock Delay      (SCD):    5.043ns
    Clock Pessimism Removal (CPR):    0.458ns
  Clock Uncertainty:      0.035ns  ((TSJ^2 + TIJ^2)^1/2 + DJ) / 2 + PE
    Total System Jitter     (TSJ):    0.071ns
    Total Input Jitter      (TIJ):    0.000ns
    Discrete Jitter          (DJ):    0.000ns
    Phase Error              (PE):    0.000ns

    Location             Delay type                Incr(ns)  Path(ns)    Netlist Resource(s)
  -------------------------------------------------------------------    -------------------
                         (clock s_axi_aclk rise edge)
                                                      0.000     0.000 r  
    U7                                                0.000     0.000 r  s_axi_aclk (IN)
                         net (fo=0)                   0.000     0.000    s_axi_aclk
    U7                   IBUF (Prop_ibuf_I_O)         1.058     1.058 r  s_axi_aclk_IBUF_inst/O
                         net (fo=1, routed)           2.171     3.229    s_axi_aclk_IBUF
    BUFGCTRL_X0Y0        BUFG (Prop_bufg_I_O)         0.101     3.330 r  s_axi_aclk_IBUF_BUFG_inst/O
                         net (fo=1465, routed)        1.713     5.043    systolic_controller_instance/s_axi_aclk_IBUF_BUFG
    SLICE_X54Y19         FDCE                                         r  systolic_controller_instance/cycle_count_reg[4]/C
  -------------------------------------------------------------------    -------------------
    SLICE_X54Y19         FDCE (Prop_fdce_C_Q)         0.518     5.561 r  systolic_controller_instance/cycle_count_reg[4]/Q
                         net (fo=74, routed)          1.068     6.630    systolic_controller_instance/cycle_count_reg_n_0_[4]
    SLICE_X59Y22         LUT5 (Prop_lut5_I4_O)        0.124     6.754 r  systolic_controller_instance/consumed_feature_count_1[7]_i_3/O
                         net (fo=8, routed)           0.161     6.914    systolic_controller_instance/consumed_feature_count_1[7]_i_3_n_0
    SLICE_X59Y22         LUT3 (Prop_lut3_I2_O)        0.124     7.038 r  systolic_controller_instance/consumed_feature_count_1[10]_i_3/O
                         net (fo=24, routed)          0.191     7.230    systolic_controller_instance/consumed_feature_count_1[10]_i_3_n_0
    SLICE_X59Y22         LUT6 (Prop_lut6_I3_O)        0.124     7.354 r  systolic_controller_instance/read_valid[1]_i_14/O
                         net (fo=1, routed)           0.478     7.832    systolic_controller_instance/read_valid[1]_i_14_n_0
    SLICE_X60Y22         CARRY4 (Prop_carry4_DI[0]_CO[3])
                                                      0.526     8.358 r  systolic_controller_instance/read_valid_reg[1]_i_8/CO[3]
                         net (fo=1, routed)           0.000     8.358    systolic_controller_instance/read_valid_reg[1]_i_8_n_0
    SLICE_X60Y23         CARRY4 (Prop_carry4_CI_CO[3])
                                                      0.114     8.472 r  systolic_controller_instance/read_valid_reg[1]_i_3/CO[3]
                         net (fo=1, routed)           0.000     8.472    systolic_controller_instance/read_valid_reg[1]_i_3_n_0
    SLICE_X60Y24         CARRY4 (Prop_carry4_CI_CO[3])
                                                      0.114     8.586 r  systolic_controller_instance/read_valid_reg[1]_i_2/CO[3]
                         net (fo=4, routed)           0.633     9.219    systolic_controller_instance/operand_read_address2
    SLICE_X63Y24         LUT6 (Prop_lut6_I4_O)        0.124     9.343 r  systolic_controller_instance/read_valid[1]_i_1/O
                         net (fo=35, routed)          0.783    10.125    systolic_controller_instance/cycle_count_reg[2]_0[1]
    SLICE_X68Y24         LUT5 (Prop_lut5_I0_O)        0.124    10.249 r  systolic_controller_instance/read_data1__0_i_13/O
                         net (fo=8, routed)           1.244    11.494    weight_sram_instance/operand_read_address[13]
    DSP48_X3Y12          DSP48E1 (Prop_dsp48e1_C[3]_P[3])
                                                      1.820    13.314 r  weight_sram_instance/read_data1__0/P[3]
                         net (fo=2415, routed)        2.525    15.839    weight_sram_instance/read_data1__0_n_102
    SLICE_X72Y23         LUT6 (Prop_lut6_I3_O)        0.124    15.963 r  weight_sram_instance/g115_b3__0/O
                         net (fo=1, routed)           0.000    15.963    weight_sram_instance/g115_b3__0_n_0
    SLICE_X72Y23         MUXF7 (Prop_muxf7_I1_O)      0.217    16.180 r  weight_sram_instance/read_data_reg[11]_i_189/O
                         net (fo=1, routed)           0.984    17.163    weight_sram_instance/read_data_reg[11]_i_189_n_0
    SLICE_X75Y26         LUT6 (Prop_lut6_I3_O)        0.299    17.462 r  weight_sram_instance/read_data[11]_i_117/O
                         net (fo=1, routed)           0.000    17.462    weight_sram_instance/read_data[11]_i_117_n_0
    SLICE_X75Y26         MUXF7 (Prop_muxf7_I0_O)      0.238    17.700 r  weight_sram_instance/read_data_reg[11]_i_50/O
                         net (fo=1, routed)           0.967    18.668    weight_sram_instance/read_data_reg[11]_i_50_n_0
    SLICE_X75Y28         LUT6 (Prop_lut6_I0_O)        0.298    18.966 r  weight_sram_instance/read_data[11]_i_20/O
                         net (fo=1, routed)           0.000    18.966    weight_sram_instance/read_data[11]_i_20_n_0
    SLICE_X75Y28         MUXF7 (Prop_muxf7_I1_O)      0.245    19.211 r  weight_sram_instance/read_data_reg[11]_i_7/O
                         net (fo=1, routed)           0.000    19.211    weight_sram_instance/read_data_reg[11]_i_7_n_0
    SLICE_X75Y28         MUXF8 (Prop_muxf8_I0_O)      0.104    19.315 r  weight_sram_instance/read_data_reg[11]_i_3/O
                         net (fo=1, routed)           0.307    19.622    weight_sram_instance/read_data_reg[11]_i_3_n_0
    SLICE_X76Y28         LUT6 (Prop_lut6_I4_O)        0.316    19.938 r  weight_sram_instance/read_data[11]_i_1/O
                         net (fo=1, routed)           0.000    19.938    weight_sram_instance/p_14_out[11]
    SLICE_X76Y28         FDRE                                         r  weight_sram_instance/read_data_reg[11]/D
  -------------------------------------------------------------------    -------------------

                         (clock s_axi_aclk rise edge)
                                                     10.000    10.000 r  
    U7                                                0.000    10.000 r  s_axi_aclk (IN)
                         net (fo=0)                   0.000    10.000    s_axi_aclk
    U7                   IBUF (Prop_ibuf_I_O)         0.924    10.924 r  s_axi_aclk_IBUF_inst/O
                         net (fo=1, routed)           1.972    12.896    s_axi_aclk_IBUF
    BUFGCTRL_X0Y0        BUFG (Prop_bufg_I_O)         0.091    12.987 r  s_axi_aclk_IBUF_BUFG_inst/O
                         net (fo=1465, routed)        1.546    14.533    weight_sram_instance/s_axi_aclk_IBUF_BUFG
    SLICE_X76Y28         FDRE                                         r  weight_sram_instance/read_data_reg[11]/C
                         clock pessimism              0.458    14.991    
                         clock uncertainty           -0.035    14.956    
    SLICE_X76Y28         FDRE (Setup_fdre_C_D)        0.031    14.987    weight_sram_instance/read_data_reg[11]
  -------------------------------------------------------------------
                         required time                         14.987    
                         arrival time                         -19.938    
  -------------------------------------------------------------------
                         slack                                 -4.951    

Slack (VIOLATED) :        -4.940ns  (required time - arrival time)
  Source:                 systolic_controller_instance/cycle_count_reg[4]/C
                            (rising edge-triggered cell FDCE clocked by s_axi_aclk  {rise@0.000ns fall@5.000ns period=10.000ns})
  Destination:            weight_sram_instance/read_data_reg[14]/D
                            (rising edge-triggered cell FDRE clocked by s_axi_aclk  {rise@0.000ns fall@5.000ns period=10.000ns})
  Path Group:             s_axi_aclk
  Path Type:              Setup (Max at Slow Process Corner)
  Requirement:            10.000ns  (s_axi_aclk rise@10.000ns - s_axi_aclk rise@0.000ns)
  Data Path Delay:        14.889ns  (logic 5.671ns (38.089%)  route 9.218ns (61.911%))
  Logic Levels:           18  (CARRY4=3 DSP48E1=1 LUT3=1 LUT5=2 LUT6=6 MUXF7=3 MUXF8=2)
  Clock Path Skew:        -0.047ns (DCD - SCD + CPR)
    Destination Clock Delay (DCD):    4.538ns = ( 14.538 - 10.000 ) 
    Source Clock Delay      (SCD):    5.043ns
    Clock Pessimism Removal (CPR):    0.458ns
  Clock Uncertainty:      0.035ns  ((TSJ^2 + TIJ^2)^1/2 + DJ) / 2 + PE
    Total System Jitter     (TSJ):    0.071ns
    Total Input Jitter      (TIJ):    0.000ns
    Discrete Jitter          (DJ):    0.000ns
    Phase Error              (PE):    0.000ns

    Location             Delay type                Incr(ns)  Path(ns)    Netlist Resource(s)
  -------------------------------------------------------------------    -------------------
                         (clock s_axi_aclk rise edge)
                                                      0.000     0.000 r  
    U7                                                0.000     0.000 r  s_axi_aclk (IN)
                         net (fo=0)                   0.000     0.000    s_axi_aclk
    U7                   IBUF (Prop_ibuf_I_O)         1.058     1.058 r  s_axi_aclk_IBUF_inst/O
                         net (fo=1, routed)           2.171     3.229    s_axi_aclk_IBUF
    BUFGCTRL_X0Y0        BUFG (Prop_bufg_I_O)         0.101     3.330 r  s_axi_aclk_IBUF_BUFG_inst/O
                         net (fo=1465, routed)        1.713     5.043    systolic_controller_instance/s_axi_aclk_IBUF_BUFG
    SLICE_X54Y19         FDCE                                         r  systolic_controller_instance/cycle_count_reg[4]/C
  -------------------------------------------------------------------    -------------------
    SLICE_X54Y19         FDCE (Prop_fdce_C_Q)         0.518     5.561 r  systolic_controller_instance/cycle_count_reg[4]/Q
                         net (fo=74, routed)          1.068     6.630    systolic_controller_instance/cycle_count_reg_n_0_[4]
    SLICE_X59Y22         LUT5 (Prop_lut5_I4_O)        0.124     6.754 r  systolic_controller_instance/consumed_feature_count_1[7]_i_3/O
                         net (fo=8, routed)           0.161     6.914    systolic_controller_instance/consumed_feature_count_1[7]_i_3_n_0
    SLICE_X59Y22         LUT3 (Prop_lut3_I2_O)        0.124     7.038 r  systolic_controller_instance/consumed_feature_count_1[10]_i_3/O
                         net (fo=24, routed)          0.191     7.230    systolic_controller_instance/consumed_feature_count_1[10]_i_3_n_0
    SLICE_X59Y22         LUT6 (Prop_lut6_I3_O)        0.124     7.354 r  systolic_controller_instance/read_valid[1]_i_14/O
                         net (fo=1, routed)           0.478     7.832    systolic_controller_instance/read_valid[1]_i_14_n_0
    SLICE_X60Y22         CARRY4 (Prop_carry4_DI[0]_CO[3])
                                                      0.526     8.358 r  systolic_controller_instance/read_valid_reg[1]_i_8/CO[3]
                         net (fo=1, routed)           0.000     8.358    systolic_controller_instance/read_valid_reg[1]_i_8_n_0
    SLICE_X60Y23         CARRY4 (Prop_carry4_CI_CO[3])
                                                      0.114     8.472 r  systolic_controller_instance/read_valid_reg[1]_i_3/CO[3]
                         net (fo=1, routed)           0.000     8.472    systolic_controller_instance/read_valid_reg[1]_i_3_n_0
    SLICE_X60Y24         CARRY4 (Prop_carry4_CI_CO[3])
                                                      0.114     8.586 r  systolic_controller_instance/read_valid_reg[1]_i_2/CO[3]
                         net (fo=4, routed)           0.633     9.219    systolic_controller_instance/operand_read_address2
    SLICE_X63Y24         LUT6 (Prop_lut6_I4_O)        0.124     9.343 r  systolic_controller_instance/read_valid[1]_i_1/O
                         net (fo=35, routed)          0.783    10.125    systolic_controller_instance/cycle_count_reg[2]_0[1]
    SLICE_X68Y24         LUT5 (Prop_lut5_I0_O)        0.124    10.249 r  systolic_controller_instance/read_data1__0_i_13/O
                         net (fo=8, routed)           1.244    11.494    weight_sram_instance/operand_read_address[13]
    DSP48_X3Y12          DSP48E1 (Prop_dsp48e1_C[3]_P[1])
                                                      1.820    13.314 r  weight_sram_instance/read_data1__0/P[1]
                         net (fo=2400, routed)        2.615    15.929    weight_sram_instance/read_data1__0_n_104
    SLICE_X64Y35         LUT6 (Prop_lut6_I1_O)        0.124    16.053 r  weight_sram_instance/g79_b6__0/O
                         net (fo=1, routed)           0.000    16.053    weight_sram_instance/g79_b6__0_n_0
    SLICE_X64Y35         MUXF7 (Prop_muxf7_I1_O)      0.217    16.270 r  weight_sram_instance/read_data_reg[15]_i_272/O
                         net (fo=1, routed)           0.000    16.270    weight_sram_instance/read_data_reg[15]_i_272_n_0
    SLICE_X64Y35         MUXF8 (Prop_muxf8_I1_O)      0.094    16.364 r  weight_sram_instance/read_data_reg[15]_i_210/O
                         net (fo=1, routed)           0.571    16.936    weight_sram_instance/read_data_reg[15]_i_210_n_0
    SLICE_X67Y35         LUT6 (Prop_lut6_I0_O)        0.316    17.252 r  weight_sram_instance/read_data[15]_i_125/O
                         net (fo=1, routed)           0.000    17.252    weight_sram_instance/read_data[15]_i_125_n_0
    SLICE_X67Y35         MUXF7 (Prop_muxf7_I1_O)      0.245    17.497 r  weight_sram_instance/read_data_reg[15]_i_52/O
                         net (fo=1, routed)           0.946    18.442    weight_sram_instance/read_data_reg[15]_i_52_n_0
    SLICE_X74Y35         LUT6 (Prop_lut6_I5_O)        0.298    18.740 r  weight_sram_instance/read_data[15]_i_19/O
                         net (fo=1, routed)           0.000    18.740    weight_sram_instance/read_data[15]_i_19_n_0
    SLICE_X74Y35         MUXF7 (Prop_muxf7_I1_O)      0.245    18.985 r  weight_sram_instance/read_data_reg[15]_i_7/O
                         net (fo=1, routed)           0.000    18.985    weight_sram_instance/read_data_reg[15]_i_7_n_0
    SLICE_X74Y35         MUXF8 (Prop_muxf8_I0_O)      0.104    19.089 r  weight_sram_instance/read_data_reg[15]_i_3/O
                         net (fo=2, routed)           0.527    19.616    weight_sram_instance/read_data_reg[15]_i_3_n_0
    SLICE_X75Y35         LUT6 (Prop_lut6_I4_O)        0.316    19.932 r  weight_sram_instance/read_data[14]_i_1/O
                         net (fo=1, routed)           0.000    19.932    weight_sram_instance/p_14_out[14]
    SLICE_X75Y35         FDRE                                         r  weight_sram_instance/read_data_reg[14]/D
  -------------------------------------------------------------------    -------------------

                         (clock s_axi_aclk rise edge)
                                                     10.000    10.000 r  
    U7                                                0.000    10.000 r  s_axi_aclk (IN)
                         net (fo=0)                   0.000    10.000    s_axi_aclk
    U7                   IBUF (Prop_ibuf_I_O)         0.924    10.924 r  s_axi_aclk_IBUF_inst/O
                         net (fo=1, routed)           1.972    12.896    s_axi_aclk_IBUF
    BUFGCTRL_X0Y0        BUFG (Prop_bufg_I_O)         0.091    12.987 r  s_axi_aclk_IBUF_BUFG_inst/O
                         net (fo=1465, routed)        1.551    14.538    weight_sram_instance/s_axi_aclk_IBUF_BUFG
    SLICE_X75Y35         FDRE                                         r  weight_sram_instance/read_data_reg[14]/C
                         clock pessimism              0.458    14.996    
                         clock uncertainty           -0.035    14.961    
    SLICE_X75Y35         FDRE (Setup_fdre_C_D)        0.031    14.992    weight_sram_instance/read_data_reg[14]
  -------------------------------------------------------------------
                         required time                         14.992    
                         arrival time                         -19.932    
  -------------------------------------------------------------------
                         slack                                 -4.940    

Slack (VIOLATED) :        -4.913ns  (required time - arrival time)
  Source:                 systolic_controller_instance/cycle_count_reg[5]/C
                            (rising edge-triggered cell FDCE clocked by s_axi_aclk  {rise@0.000ns fall@5.000ns period=10.000ns})
  Destination:            weight_sram_instance/read_data_reg[18]/D
                            (rising edge-triggered cell FDRE clocked by s_axi_aclk  {rise@0.000ns fall@5.000ns period=10.000ns})
  Path Group:             s_axi_aclk
  Path Type:              Setup (Max at Slow Process Corner)
  Requirement:            10.000ns  (s_axi_aclk rise@10.000ns - s_axi_aclk rise@0.000ns)
  Data Path Delay:        14.857ns  (logic 5.302ns (35.687%)  route 9.555ns (64.313%))
  Logic Levels:           16  (CARRY4=3 DSP48E1=1 LUT5=3 LUT6=6 MUXF7=3)
  Clock Path Skew:        -0.053ns (DCD - SCD + CPR)
    Destination Clock Delay (DCD):    4.532ns = ( 14.532 - 10.000 ) 
    Source Clock Delay      (SCD):    5.043ns
    Clock Pessimism Removal (CPR):    0.458ns
  Clock Uncertainty:      0.035ns  ((TSJ^2 + TIJ^2)^1/2 + DJ) / 2 + PE
    Total System Jitter     (TSJ):    0.071ns
    Total Input Jitter      (TIJ):    0.000ns
    Discrete Jitter          (DJ):    0.000ns
    Phase Error              (PE):    0.000ns

    Location             Delay type                Incr(ns)  Path(ns)    Netlist Resource(s)
  -------------------------------------------------------------------    -------------------
                         (clock s_axi_aclk rise edge)
                                                      0.000     0.000 r  
    U7                                                0.000     0.000 r  s_axi_aclk (IN)
                         net (fo=0)                   0.000     0.000    s_axi_aclk
    U7                   IBUF (Prop_ibuf_I_O)         1.058     1.058 r  s_axi_aclk_IBUF_inst/O
                         net (fo=1, routed)           2.171     3.229    s_axi_aclk_IBUF
    BUFGCTRL_X0Y0        BUFG (Prop_bufg_I_O)         0.101     3.330 r  s_axi_aclk_IBUF_BUFG_inst/O
                         net (fo=1465, routed)        1.713     5.043    systolic_controller_instance/s_axi_aclk_IBUF_BUFG
    SLICE_X55Y19         FDCE                                         r  systolic_controller_instance/cycle_count_reg[5]/C
  -------------------------------------------------------------------    -------------------
    SLICE_X55Y19         FDCE (Prop_fdce_C_Q)         0.456     5.499 r  systolic_controller_instance/cycle_count_reg[5]/Q
                         net (fo=70, routed)          0.893     6.393    systolic_controller_instance/cycle_count_reg_n_0_[5]
    SLICE_X54Y19         LUT6 (Prop_lut6_I0_O)        0.124     6.517 r  systolic_controller_instance/consumed_feature_count_2[10]_i_4/O
                         net (fo=24, routed)          0.210     6.727    systolic_controller_instance/consumed_feature_count_2[10]_i_4_n_0
    SLICE_X54Y19         LUT6 (Prop_lut6_I3_O)        0.124     6.851 r  systolic_controller_instance/read_valid[2]_i_14/O
                         net (fo=1, routed)           0.699     7.549    systolic_controller_instance/read_valid[2]_i_14_n_0
    SLICE_X53Y18         CARRY4 (Prop_carry4_DI[0]_CO[3])
                                                      0.526     8.075 r  systolic_controller_instance/read_valid_reg[2]_i_8/CO[3]
                         net (fo=1, routed)           0.000     8.075    systolic_controller_instance/read_valid_reg[2]_i_8_n_0
    SLICE_X53Y19         CARRY4 (Prop_carry4_CI_CO[3])
                                                      0.114     8.189 r  systolic_controller_instance/read_valid_reg[2]_i_3/CO[3]
                         net (fo=1, routed)           0.000     8.189    systolic_controller_instance/read_valid_reg[2]_i_3_n_0
    SLICE_X53Y20         CARRY4 (Prop_carry4_CI_CO[3])
                                                      0.114     8.303 r  systolic_controller_instance/read_valid_reg[2]_i_2/CO[3]
                         net (fo=4, routed)           0.939     9.242    systolic_controller_instance/operand_read_address21_in
    SLICE_X49Y18         LUT5 (Prop_lut5_I3_O)        0.124     9.366 r  systolic_controller_instance/read_valid[2]_i_1/O
                         net (fo=41, routed)          0.511     9.877    systolic_controller_instance/cycle_count_reg[2]_0[2]
    SLICE_X46Y16         LUT6 (Prop_lut6_I0_O)        0.124    10.001 r  systolic_controller_instance/read_data1__1_i_10/O
                         net (fo=8, routed)           1.119    11.120    weight_sram_instance/operand_read_address[25]
    DSP48_X2Y2           DSP48E1 (Prop_dsp48e1_C[5]_P[0])
                                                      1.820    12.940 r  weight_sram_instance/read_data1__1/P[0]
                         net (fo=2401, routed)        2.240    15.180    weight_sram_instance/read_data1__1_n_105
    SLICE_X55Y12         LUT6 (Prop_lut6_I0_O)        0.124    15.304 r  weight_sram_instance/g302_b2__1/O
                         net (fo=1, routed)           0.000    15.304    weight_sram_instance/g302_b2__1_n_0
    SLICE_X55Y12         MUXF7 (Prop_muxf7_I0_O)      0.212    15.516 r  weight_sram_instance/read_data_reg[18]_i_116/O
                         net (fo=1, routed)           1.001    16.517    weight_sram_instance/read_data_reg[18]_i_116_n_0
    SLICE_X54Y13         LUT6 (Prop_lut6_I0_O)        0.299    16.816 r  weight_sram_instance/read_data[18]_i_55/O
                         net (fo=1, routed)           0.000    16.816    weight_sram_instance/read_data[18]_i_55_n_0
    SLICE_X54Y13         MUXF7 (Prop_muxf7_I1_O)      0.214    17.030 r  weight_sram_instance/read_data_reg[18]_i_30/O
                         net (fo=1, routed)           0.797    17.827    weight_sram_instance/read_data_reg[18]_i_30_n_0
    SLICE_X54Y14         LUT6 (Prop_lut6_I1_O)        0.297    18.124 r  weight_sram_instance/read_data[18]_i_14/O
                         net (fo=1, routed)           0.000    18.124    weight_sram_instance/read_data[18]_i_14_n_0
    SLICE_X54Y14         MUXF7 (Prop_muxf7_I0_O)      0.209    18.333 r  weight_sram_instance/read_data_reg[18]_i_5/O
                         net (fo=1, routed)           0.718    19.051    weight_sram_instance/read_data_reg[18]_i_5_n_0
    SLICE_X54Y14         LUT5 (Prop_lut5_I0_O)        0.297    19.348 r  weight_sram_instance/read_data[18]_i_2/O
                         net (fo=1, routed)           0.428    19.777    weight_sram_instance/read_data[18]_i_2_n_0
    SLICE_X57Y15         LUT5 (Prop_lut5_I0_O)        0.124    19.901 r  weight_sram_instance/read_data[18]_i_1/O
                         net (fo=1, routed)           0.000    19.901    weight_sram_instance/p_14_out[18]
    SLICE_X57Y15         FDRE                                         r  weight_sram_instance/read_data_reg[18]/D
  -------------------------------------------------------------------    -------------------

                         (clock s_axi_aclk rise edge)
                                                     10.000    10.000 r  
    U7                                                0.000    10.000 r  s_axi_aclk (IN)
                         net (fo=0)                   0.000    10.000    s_axi_aclk
    U7                   IBUF (Prop_ibuf_I_O)         0.924    10.924 r  s_axi_aclk_IBUF_inst/O
                         net (fo=1, routed)           1.972    12.896    s_axi_aclk_IBUF
    BUFGCTRL_X0Y0        BUFG (Prop_bufg_I_O)         0.091    12.987 r  s_axi_aclk_IBUF_BUFG_inst/O
                         net (fo=1465, routed)        1.545    14.532    weight_sram_instance/s_axi_aclk_IBUF_BUFG
    SLICE_X57Y15         FDRE                                         r  weight_sram_instance/read_data_reg[18]/C
                         clock pessimism              0.458    14.990    
                         clock uncertainty           -0.035    14.955    
    SLICE_X57Y15         FDRE (Setup_fdre_C_D)        0.032    14.987    weight_sram_instance/read_data_reg[18]
  -------------------------------------------------------------------
                         required time                         14.987    
                         arrival time                         -19.901    
  -------------------------------------------------------------------
                         slack                                 -4.913    

Slack (VIOLATED) :        -4.912ns  (required time - arrival time)
  Source:                 systolic_controller_instance/cycle_count_reg[4]/C
                            (rising edge-triggered cell FDCE clocked by s_axi_aclk  {rise@0.000ns fall@5.000ns period=10.000ns})
  Destination:            weight_sram_instance/read_data_reg[37]/D
                            (rising edge-triggered cell FDRE clocked by s_axi_aclk  {rise@0.000ns fall@5.000ns period=10.000ns})
  Path Group:             s_axi_aclk
  Path Type:              Setup (Max at Slow Process Corner)
  Requirement:            10.000ns  (s_axi_aclk rise@10.000ns - s_axi_aclk rise@0.000ns)
  Data Path Delay:        14.996ns  (logic 5.433ns (36.229%)  route 9.563ns (63.771%))
  Logic Levels:           16  (CARRY4=3 DSP48E1=1 LUT4=2 LUT5=3 LUT6=3 MUXF7=3 MUXF8=1)
  Clock Path Skew:        0.088ns (DCD - SCD + CPR)
    Destination Clock Delay (DCD):    4.673ns = ( 14.673 - 10.000 ) 
    Source Clock Delay      (SCD):    5.043ns
    Clock Pessimism Removal (CPR):    0.458ns
  Clock Uncertainty:      0.035ns  ((TSJ^2 + TIJ^2)^1/2 + DJ) / 2 + PE
    Total System Jitter     (TSJ):    0.071ns
    Total Input Jitter      (TIJ):    0.000ns
    Discrete Jitter          (DJ):    0.000ns
    Phase Error              (PE):    0.000ns

    Location             Delay type                Incr(ns)  Path(ns)    Netlist Resource(s)
  -------------------------------------------------------------------    -------------------
                         (clock s_axi_aclk rise edge)
                                                      0.000     0.000 r  
    U7                                                0.000     0.000 r  s_axi_aclk (IN)
                         net (fo=0)                   0.000     0.000    s_axi_aclk
    U7                   IBUF (Prop_ibuf_I_O)         1.058     1.058 r  s_axi_aclk_IBUF_inst/O
                         net (fo=1, routed)           2.171     3.229    s_axi_aclk_IBUF
    BUFGCTRL_X0Y0        BUFG (Prop_bufg_I_O)         0.101     3.330 r  s_axi_aclk_IBUF_BUFG_inst/O
                         net (fo=1465, routed)        1.713     5.043    systolic_controller_instance/s_axi_aclk_IBUF_BUFG
    SLICE_X54Y19         FDCE                                         r  systolic_controller_instance/cycle_count_reg[4]/C
  -------------------------------------------------------------------    -------------------
    SLICE_X54Y19         FDCE (Prop_fdce_C_Q)         0.518     5.561 r  systolic_controller_instance/cycle_count_reg[4]/Q
                         net (fo=74, routed)          1.072     6.634    systolic_controller_instance/cycle_count_reg_n_0_[4]
    SLICE_X58Y19         LUT5 (Prop_lut5_I2_O)        0.124     6.758 r  systolic_controller_instance/consumed_feature_count_4[10]_i_5/O
                         net (fo=25, routed)          0.705     7.463    systolic_controller_instance/consumed_feature_count_4[10]_i_5_n_0
    SLICE_X59Y19         LUT4 (Prop_lut4_I3_O)        0.124     7.587 r  systolic_controller_instance/read_valid[4]_i_19/O
                         net (fo=1, routed)           0.000     7.587    systolic_controller_instance/read_valid[4]_i_19_n_0
    SLICE_X59Y19         CARRY4 (Prop_carry4_S[1]_CO[3])
                                                      0.550     8.137 r  systolic_controller_instance/read_valid_reg[4]_i_10/CO[3]
                         net (fo=1, routed)           0.000     8.137    systolic_controller_instance/read_valid_reg[4]_i_10_n_0
    SLICE_X59Y20         CARRY4 (Prop_carry4_CI_CO[3])
                                                      0.114     8.251 r  systolic_controller_instance/read_valid_reg[4]_i_5/CO[3]
                         net (fo=1, routed)           0.000     8.251    systolic_controller_instance/read_valid_reg[4]_i_5_n_0
    SLICE_X59Y21         CARRY4 (Prop_carry4_CI_CO[3])
                                                      0.114     8.365 r  systolic_controller_instance/read_valid_reg[4]_i_3/CO[3]
                         net (fo=4, routed)           0.666     9.030    systolic_controller_instance/operand_read_address29_in
    SLICE_X58Y20         LUT4 (Prop_lut4_I1_O)        0.124     9.154 r  systolic_controller_instance/read_valid[4]_i_1/O
                         net (fo=47, routed)          0.397     9.551    systolic_controller_instance/cycle_count_reg[2]_0[4]
    SLICE_X58Y21         LUT5 (Prop_lut5_I0_O)        0.124     9.675 r  systolic_controller_instance/read_data1__3_i_7/O
                         net (fo=4, routed)           1.483    11.158    weight_sram_instance/operand_read_address[45]
    DSP48_X3Y8           DSP48E1 (Prop_dsp48e1_C[5]_P[0])
                                                      1.820    12.978 r  weight_sram_instance/read_data1__3/P[0]
                         net (fo=2401, routed)        2.560    15.538    weight_sram_instance/read_data1__3_n_105
    SLICE_X110Y14        LUT6 (Prop_lut6_I0_O)        0.124    15.662 r  weight_sram_instance/g361_b5__3/O
                         net (fo=1, routed)           0.000    15.662    weight_sram_instance/g361_b5__3_n_0
    SLICE_X110Y14        MUXF7 (Prop_muxf7_I1_O)      0.245    15.907 r  weight_sram_instance/read_data_reg[37]_i_166/O
                         net (fo=1, routed)           0.000    15.907    weight_sram_instance/read_data_reg[37]_i_166_n_0
    SLICE_X110Y14        MUXF8 (Prop_muxf8_I0_O)      0.104    16.011 r  weight_sram_instance/read_data_reg[37]_i_99/O
                         net (fo=1, routed)           0.794    16.805    weight_sram_instance/read_data_reg[37]_i_99_n_0
    SLICE_X109Y14        LUT6 (Prop_lut6_I5_O)        0.316    17.121 r  weight_sram_instance/read_data[37]_i_45/O
                         net (fo=1, routed)           0.000    17.121    weight_sram_instance/read_data[37]_i_45_n_0
    SLICE_X109Y14        MUXF7 (Prop_muxf7_I1_O)      0.217    17.338 r  weight_sram_instance/read_data_reg[37]_i_17/O
                         net (fo=1, routed)           1.158    18.496    weight_sram_instance/read_data_reg[37]_i_17_n_0
    SLICE_X106Y25        LUT5 (Prop_lut5_I0_O)        0.299    18.795 r  weight_sram_instance/read_data[37]_i_6/O
                         net (fo=1, routed)           0.000    18.795    weight_sram_instance/read_data[37]_i_6_n_0
    SLICE_X106Y25        MUXF7 (Prop_muxf7_I1_O)      0.217    19.012 r  weight_sram_instance/read_data_reg[37]_i_2/O
                         net (fo=1, routed)           0.729    19.741    weight_sram_instance/read_data_reg[37]_i_2_n_0
    SLICE_X107Y20        LUT6 (Prop_lut6_I1_O)        0.299    20.040 r  weight_sram_instance/read_data[37]_i_1/O
                         net (fo=1, routed)           0.000    20.040    weight_sram_instance/p_14_out[37]
    SLICE_X107Y20        FDRE                                         r  weight_sram_instance/read_data_reg[37]/D
  -------------------------------------------------------------------    -------------------

                         (clock s_axi_aclk rise edge)
                                                     10.000    10.000 r  
    U7                                                0.000    10.000 r  s_axi_aclk (IN)
                         net (fo=0)                   0.000    10.000    s_axi_aclk
    U7                   IBUF (Prop_ibuf_I_O)         0.924    10.924 r  s_axi_aclk_IBUF_inst/O
                         net (fo=1, routed)           1.972    12.896    s_axi_aclk_IBUF
    BUFGCTRL_X0Y0        BUFG (Prop_bufg_I_O)         0.091    12.987 r  s_axi_aclk_IBUF_BUFG_inst/O
                         net (fo=1465, routed)        1.686    14.673    weight_sram_instance/s_axi_aclk_IBUF_BUFG
    SLICE_X107Y20        FDRE                                         r  weight_sram_instance/read_data_reg[37]/C
                         clock pessimism              0.458    15.131    
                         clock uncertainty           -0.035    15.096    
    SLICE_X107Y20        FDRE (Setup_fdre_C_D)        0.031    15.127    weight_sram_instance/read_data_reg[37]
  -------------------------------------------------------------------
                         required time                         15.127    
                         arrival time                         -20.040    
  -------------------------------------------------------------------
                         slack                                 -4.912    

Slack (VIOLATED) :        -4.912ns  (required time - arrival time)
  Source:                 systolic_controller_instance/cycle_count_reg[4]/C
                            (rising edge-triggered cell FDCE clocked by s_axi_aclk  {rise@0.000ns fall@5.000ns period=10.000ns})
  Destination:            weight_sram_instance/read_data_reg[36]/D
                            (rising edge-triggered cell FDRE clocked by s_axi_aclk  {rise@0.000ns fall@5.000ns period=10.000ns})
  Path Group:             s_axi_aclk
  Path Type:              Setup (Max at Slow Process Corner)
  Requirement:            10.000ns  (s_axi_aclk rise@10.000ns - s_axi_aclk rise@0.000ns)
  Data Path Delay:        14.930ns  (logic 5.453ns (36.523%)  route 9.477ns (63.477%))
  Logic Levels:           16  (CARRY4=3 DSP48E1=1 LUT4=2 LUT5=2 LUT6=4 MUXF7=3 MUXF8=1)
  Clock Path Skew:        0.023ns (DCD - SCD + CPR)
    Destination Clock Delay (DCD):    4.608ns = ( 14.608 - 10.000 ) 
    Source Clock Delay      (SCD):    5.043ns
    Clock Pessimism Removal (CPR):    0.458ns
  Clock Uncertainty:      0.035ns  ((TSJ^2 + TIJ^2)^1/2 + DJ) / 2 + PE
    Total System Jitter     (TSJ):    0.071ns
    Total Input Jitter      (TIJ):    0.000ns
    Discrete Jitter          (DJ):    0.000ns
    Phase Error              (PE):    0.000ns

    Location             Delay type                Incr(ns)  Path(ns)    Netlist Resource(s)
  -------------------------------------------------------------------    -------------------
                         (clock s_axi_aclk rise edge)
                                                      0.000     0.000 r  
    U7                                                0.000     0.000 r  s_axi_aclk (IN)
                         net (fo=0)                   0.000     0.000    s_axi_aclk
    U7                   IBUF (Prop_ibuf_I_O)         1.058     1.058 r  s_axi_aclk_IBUF_inst/O
                         net (fo=1, routed)           2.171     3.229    s_axi_aclk_IBUF
    BUFGCTRL_X0Y0        BUFG (Prop_bufg_I_O)         0.101     3.330 r  s_axi_aclk_IBUF_BUFG_inst/O
                         net (fo=1465, routed)        1.713     5.043    systolic_controller_instance/s_axi_aclk_IBUF_BUFG
    SLICE_X54Y19         FDCE                                         r  systolic_controller_instance/cycle_count_reg[4]/C
  -------------------------------------------------------------------    -------------------
    SLICE_X54Y19         FDCE (Prop_fdce_C_Q)         0.518     5.561 r  systolic_controller_instance/cycle_count_reg[4]/Q
                         net (fo=74, routed)          1.072     6.634    systolic_controller_instance/cycle_count_reg_n_0_[4]
    SLICE_X58Y19         LUT5 (Prop_lut5_I2_O)        0.124     6.758 r  systolic_controller_instance/consumed_feature_count_4[10]_i_5/O
                         net (fo=25, routed)          0.705     7.463    systolic_controller_instance/consumed_feature_count_4[10]_i_5_n_0
    SLICE_X59Y19         LUT4 (Prop_lut4_I3_O)        0.124     7.587 r  systolic_controller_instance/read_valid[4]_i_19/O
                         net (fo=1, routed)           0.000     7.587    systolic_controller_instance/read_valid[4]_i_19_n_0
    SLICE_X59Y19         CARRY4 (Prop_carry4_S[1]_CO[3])
                                                      0.550     8.137 r  systolic_controller_instance/read_valid_reg[4]_i_10/CO[3]
                         net (fo=1, routed)           0.000     8.137    systolic_controller_instance/read_valid_reg[4]_i_10_n_0
    SLICE_X59Y20         CARRY4 (Prop_carry4_CI_CO[3])
                                                      0.114     8.251 r  systolic_controller_instance/read_valid_reg[4]_i_5/CO[3]
                         net (fo=1, routed)           0.000     8.251    systolic_controller_instance/read_valid_reg[4]_i_5_n_0
    SLICE_X59Y21         CARRY4 (Prop_carry4_CI_CO[3])
                                                      0.114     8.365 r  systolic_controller_instance/read_valid_reg[4]_i_3/CO[3]
                         net (fo=4, routed)           0.666     9.030    systolic_controller_instance/operand_read_address29_in
    SLICE_X58Y20         LUT4 (Prop_lut4_I1_O)        0.124     9.154 r  systolic_controller_instance/read_valid[4]_i_1/O
                         net (fo=47, routed)          0.397     9.551    systolic_controller_instance/cycle_count_reg[2]_0[4]
    SLICE_X58Y21         LUT5 (Prop_lut5_I0_O)        0.124     9.675 r  systolic_controller_instance/read_data1__3_i_7/O
                         net (fo=4, routed)           1.483    11.158    weight_sram_instance/operand_read_address[45]
    DSP48_X3Y8           DSP48E1 (Prop_dsp48e1_C[5]_P[0])
                                                      1.820    12.978 r  weight_sram_instance/read_data1__3/P[0]
                         net (fo=2401, routed)        2.305    15.283    weight_sram_instance/read_data1__3_n_105
    SLICE_X85Y7          LUT6 (Prop_lut6_I0_O)        0.124    15.407 r  weight_sram_instance/g119_b4__3/O
                         net (fo=1, routed)           0.000    15.407    weight_sram_instance/g119_b4__3_n_0
    SLICE_X85Y7          MUXF7 (Prop_muxf7_I1_O)      0.217    15.624 r  weight_sram_instance/read_data_reg[36]_i_187/O
                         net (fo=1, routed)           0.803    16.427    weight_sram_instance/read_data_reg[36]_i_187_n_0
    SLICE_X85Y6          LUT6 (Prop_lut6_I0_O)        0.299    16.726 r  weight_sram_instance/read_data[36]_i_117/O
                         net (fo=1, routed)           0.000    16.726    weight_sram_instance/read_data[36]_i_117_n_0
    SLICE_X85Y6          MUXF7 (Prop_muxf7_I0_O)      0.238    16.964 r  weight_sram_instance/read_data_reg[36]_i_50/O
                         net (fo=1, routed)           1.306    18.270    weight_sram_instance/read_data_reg[36]_i_50_n_0
    SLICE_X101Y8         LUT6 (Prop_lut6_I0_O)        0.298    18.568 r  weight_sram_instance/read_data[36]_i_20/O
                         net (fo=1, routed)           0.000    18.568    weight_sram_instance/read_data[36]_i_20_n_0
    SLICE_X101Y8         MUXF7 (Prop_muxf7_I1_O)      0.245    18.813 r  weight_sram_instance/read_data_reg[36]_i_7/O
                         net (fo=1, routed)           0.000    18.813    weight_sram_instance/read_data_reg[36]_i_7_n_0
    SLICE_X101Y8         MUXF8 (Prop_muxf8_I0_O)      0.104    18.917 r  weight_sram_instance/read_data_reg[36]_i_3/O
                         net (fo=1, routed)           0.740    19.658    weight_sram_instance/read_data_reg[36]_i_3_n_0
    SLICE_X95Y6          LUT6 (Prop_lut6_I4_O)        0.316    19.974 r  weight_sram_instance/read_data[36]_i_1/O
                         net (fo=1, routed)           0.000    19.974    weight_sram_instance/p_14_out[36]
    SLICE_X95Y6          FDRE                                         r  weight_sram_instance/read_data_reg[36]/D
  -------------------------------------------------------------------    -------------------

                         (clock s_axi_aclk rise edge)
                                                     10.000    10.000 r  
    U7                                                0.000    10.000 r  s_axi_aclk (IN)
                         net (fo=0)                   0.000    10.000    s_axi_aclk
    U7                   IBUF (Prop_ibuf_I_O)         0.924    10.924 r  s_axi_aclk_IBUF_inst/O
                         net (fo=1, routed)           1.972    12.896    s_axi_aclk_IBUF
    BUFGCTRL_X0Y0        BUFG (Prop_bufg_I_O)         0.091    12.987 r  s_axi_aclk_IBUF_BUFG_inst/O
                         net (fo=1465, routed)        1.621    14.608    weight_sram_instance/s_axi_aclk_IBUF_BUFG
    SLICE_X95Y6          FDRE                                         r  weight_sram_instance/read_data_reg[36]/C
                         clock pessimism              0.458    15.066    
                         clock uncertainty           -0.035    15.031    
    SLICE_X95Y6          FDRE (Setup_fdre_C_D)        0.031    15.062    weight_sram_instance/read_data_reg[36]
  -------------------------------------------------------------------
                         required time                         15.062    
                         arrival time                         -19.974    
  -------------------------------------------------------------------
                         slack                                 -4.912    





Min Delay Paths
--------------------------------------------------------------------------------------
Slack (MET) :             0.113ns  (arrival time - required time)
  Source:                 weight_sram_instance/read_data_reg[4]/C
                            (rising edge-triggered cell FDRE clocked by s_axi_aclk  {rise@0.000ns fall@5.000ns period=10.000ns})
  Destination:            systolic_controller_instance/systolic_array_2d_instance/ARRAY_ROWS[0].ARRAY_COLUMNS[0].pe_systolic_cell_instance/b_register_reg[4]/D
                            (rising edge-triggered cell FDCE clocked by s_axi_aclk  {rise@0.000ns fall@5.000ns period=10.000ns})
  Path Group:             s_axi_aclk
  Path Type:              Hold (Min at Fast Process Corner)
  Requirement:            0.000ns  (s_axi_aclk rise@0.000ns - s_axi_aclk rise@0.000ns)
  Data Path Delay:        0.445ns  (logic 0.141ns (31.679%)  route 0.304ns (68.321%))
  Logic Levels:           0  
  Clock Path Skew:        0.269ns (DCD - SCD - CPR)
    Destination Clock Delay (DCD):    2.051ns
    Source Clock Delay      (SCD):    1.533ns
    Clock Pessimism Removal (CPR):    0.249ns

    Location             Delay type                Incr(ns)  Path(ns)    Netlist Resource(s)
  -------------------------------------------------------------------    -------------------
                         (clock s_axi_aclk rise edge)
                                                      0.000     0.000 r  
    U7                                                0.000     0.000 r  s_axi_aclk (IN)
                         net (fo=0)                   0.000     0.000    s_axi_aclk
    U7                   IBUF (Prop_ibuf_I_O)         0.286     0.286 r  s_axi_aclk_IBUF_inst/O
                         net (fo=1, routed)           0.663     0.949    s_axi_aclk_IBUF
    BUFGCTRL_X0Y0        BUFG (Prop_bufg_I_O)         0.026     0.975 r  s_axi_aclk_IBUF_BUFG_inst/O
                         net (fo=1465, routed)        0.558     1.533    weight_sram_instance/s_axi_aclk_IBUF_BUFG
    SLICE_X47Y53         FDRE                                         r  weight_sram_instance/read_data_reg[4]/C
  -------------------------------------------------------------------    -------------------
    SLICE_X47Y53         FDRE (Prop_fdre_C_Q)         0.141     1.674 r  weight_sram_instance/read_data_reg[4]/Q
                         net (fo=1, routed)           0.304     1.978    systolic_controller_instance/systolic_array_2d_instance/ARRAY_ROWS[0].ARRAY_COLUMNS[0].pe_systolic_cell_instance/b_register_reg[7]_1[4]
    SLICE_X42Y46         FDCE                                         r  systolic_controller_instance/systolic_array_2d_instance/ARRAY_ROWS[0].ARRAY_COLUMNS[0].pe_systolic_cell_instance/b_register_reg[4]/D
  -------------------------------------------------------------------    -------------------

                         (clock s_axi_aclk rise edge)
                                                      0.000     0.000 r  
    U7                                                0.000     0.000 r  s_axi_aclk (IN)
                         net (fo=0)                   0.000     0.000    s_axi_aclk
    U7                   IBUF (Prop_ibuf_I_O)         0.476     0.476 r  s_axi_aclk_IBUF_inst/O
                         net (fo=1, routed)           0.719     1.195    s_axi_aclk_IBUF
    BUFGCTRL_X0Y0        BUFG (Prop_bufg_I_O)         0.029     1.224 r  s_axi_aclk_IBUF_BUFG_inst/O
                         net (fo=1465, routed)        0.827     2.051    systolic_controller_instance/systolic_array_2d_instance/ARRAY_ROWS[0].ARRAY_COLUMNS[0].pe_systolic_cell_instance/s_axi_aclk_IBUF_BUFG
    SLICE_X42Y46         FDCE                                         r  systolic_controller_instance/systolic_array_2d_instance/ARRAY_ROWS[0].ARRAY_COLUMNS[0].pe_systolic_cell_instance/b_register_reg[4]/C
                         clock pessimism             -0.249     1.802    
    SLICE_X42Y46         FDCE (Hold_fdce_C_D)         0.063     1.865    systolic_controller_instance/systolic_array_2d_instance/ARRAY_ROWS[0].ARRAY_COLUMNS[0].pe_systolic_cell_instance/b_register_reg[4]
  -------------------------------------------------------------------
                         required time                         -1.865    
                         arrival time                           1.978    
  -------------------------------------------------------------------
                         slack                                  0.113    

Slack (MET) :             0.124ns  (arrival time - required time)
  Source:                 systolic_controller_instance/systolic_array_2d_instance/ARRAY_ROWS[1].ARRAY_COLUMNS[2].pe_systolic_cell_instance/b_register_reg[7]/C
                            (rising edge-triggered cell FDCE clocked by s_axi_aclk  {rise@0.000ns fall@5.000ns period=10.000ns})
  Destination:            systolic_controller_instance/systolic_array_2d_instance/ARRAY_ROWS[2].ARRAY_COLUMNS[2].pe_systolic_cell_instance/b_register_reg[7]/D
                            (rising edge-triggered cell FDCE clocked by s_axi_aclk  {rise@0.000ns fall@5.000ns period=10.000ns})
  Path Group:             s_axi_aclk
  Path Type:              Hold (Min at Fast Process Corner)
  Requirement:            0.000ns  (s_axi_aclk rise@0.000ns - s_axi_aclk rise@0.000ns)
  Data Path Delay:        0.459ns  (logic 0.164ns (35.709%)  route 0.295ns (64.291%))
  Logic Levels:           0  
  Clock Path Skew:        0.269ns (DCD - SCD - CPR)
    Destination Clock Delay (DCD):    2.050ns
    Source Clock Delay      (SCD):    1.527ns
    Clock Pessimism Removal (CPR):    0.254ns

    Location             Delay type                Incr(ns)  Path(ns)    Netlist Resource(s)
  -------------------------------------------------------------------    -------------------
                         (clock s_axi_aclk rise edge)
                                                      0.000     0.000 r  
    U7                                                0.000     0.000 r  s_axi_aclk (IN)
                         net (fo=0)                   0.000     0.000    s_axi_aclk
    U7                   IBUF (Prop_ibuf_I_O)         0.286     0.286 r  s_axi_aclk_IBUF_inst/O
                         net (fo=1, routed)           0.663     0.949    s_axi_aclk_IBUF
    BUFGCTRL_X0Y0        BUFG (Prop_bufg_I_O)         0.026     0.975 r  s_axi_aclk_IBUF_BUFG_inst/O
                         net (fo=1465, routed)        0.552     1.527    systolic_controller_instance/systolic_array_2d_instance/ARRAY_ROWS[1].ARRAY_COLUMNS[2].pe_systolic_cell_instance/s_axi_aclk_IBUF_BUFG
    SLICE_X50Y36         FDCE                                         r  systolic_controller_instance/systolic_array_2d_instance/ARRAY_ROWS[1].ARRAY_COLUMNS[2].pe_systolic_cell_instance/b_register_reg[7]/C
  -------------------------------------------------------------------    -------------------
    SLICE_X50Y36         FDCE (Prop_fdce_C_Q)         0.164     1.691 r  systolic_controller_instance/systolic_array_2d_instance/ARRAY_ROWS[1].ARRAY_COLUMNS[2].pe_systolic_cell_instance/b_register_reg[7]/Q
                         net (fo=17, routed)          0.295     1.986    systolic_controller_instance/systolic_array_2d_instance/ARRAY_ROWS[2].ARRAY_COLUMNS[2].pe_systolic_cell_instance/D[7]
    SLICE_X43Y40         FDCE                                         r  systolic_controller_instance/systolic_array_2d_instance/ARRAY_ROWS[2].ARRAY_COLUMNS[2].pe_systolic_cell_instance/b_register_reg[7]/D
  -------------------------------------------------------------------    -------------------

                         (clock s_axi_aclk rise edge)
                                                      0.000     0.000 r  
    U7                                                0.000     0.000 r  s_axi_aclk (IN)
                         net (fo=0)                   0.000     0.000    s_axi_aclk
    U7                   IBUF (Prop_ibuf_I_O)         0.476     0.476 r  s_axi_aclk_IBUF_inst/O
                         net (fo=1, routed)           0.719     1.195    s_axi_aclk_IBUF
    BUFGCTRL_X0Y0        BUFG (Prop_bufg_I_O)         0.029     1.224 r  s_axi_aclk_IBUF_BUFG_inst/O
                         net (fo=1465, routed)        0.826     2.050    systolic_controller_instance/systolic_array_2d_instance/ARRAY_ROWS[2].ARRAY_COLUMNS[2].pe_systolic_cell_instance/s_axi_aclk_IBUF_BUFG
    SLICE_X43Y40         FDCE                                         r  systolic_controller_instance/systolic_array_2d_instance/ARRAY_ROWS[2].ARRAY_COLUMNS[2].pe_systolic_cell_instance/b_register_reg[7]/C
                         clock pessimism             -0.254     1.796    
    SLICE_X43Y40         FDCE (Hold_fdce_C_D)         0.066     1.862    systolic_controller_instance/systolic_array_2d_instance/ARRAY_ROWS[2].ARRAY_COLUMNS[2].pe_systolic_cell_instance/b_register_reg[7]
  -------------------------------------------------------------------
                         required time                         -1.862    
                         arrival time                           1.986    
  -------------------------------------------------------------------
                         slack                                  0.124    

Slack (MET) :             0.130ns  (arrival time - required time)
  Source:                 dnn_scheduler_instance/FSM_onehot_scheduler_state_reg[8]/C
                            (rising edge-triggered cell FDRE clocked by s_axi_aclk  {rise@0.000ns fall@5.000ns period=10.000ns})
  Destination:            dnn_scheduler_instance/FSM_onehot_scheduler_state_reg[9]/D
                            (rising edge-triggered cell FDRE clocked by s_axi_aclk  {rise@0.000ns fall@5.000ns period=10.000ns})
  Path Group:             s_axi_aclk
  Path Type:              Hold (Min at Fast Process Corner)
  Requirement:            0.000ns  (s_axi_aclk rise@0.000ns - s_axi_aclk rise@0.000ns)
  Data Path Delay:        0.396ns  (logic 0.128ns (32.297%)  route 0.268ns (67.703%))
  Logic Levels:           0  
  Clock Path Skew:        0.263ns (DCD - SCD - CPR)
    Destination Clock Delay (DCD):    2.038ns
    Source Clock Delay      (SCD):    1.521ns
    Clock Pessimism Removal (CPR):    0.254ns

    Location             Delay type                Incr(ns)  Path(ns)    Netlist Resource(s)
  -------------------------------------------------------------------    -------------------
                         (clock s_axi_aclk rise edge)
                                                      0.000     0.000 r  
    U7                                                0.000     0.000 r  s_axi_aclk (IN)
                         net (fo=0)                   0.000     0.000    s_axi_aclk
    U7                   IBUF (Prop_ibuf_I_O)         0.286     0.286 r  s_axi_aclk_IBUF_inst/O
                         net (fo=1, routed)           0.663     0.949    s_axi_aclk_IBUF
    BUFGCTRL_X0Y0        BUFG (Prop_bufg_I_O)         0.026     0.975 r  s_axi_aclk_IBUF_BUFG_inst/O
                         net (fo=1465, routed)        0.546     1.521    dnn_scheduler_instance/s_axi_aclk_IBUF_BUFG
    SLICE_X52Y27         FDRE                                         r  dnn_scheduler_instance/FSM_onehot_scheduler_state_reg[8]/C
  -------------------------------------------------------------------    -------------------
    SLICE_X52Y27         FDRE (Prop_fdre_C_Q)         0.128     1.649 r  dnn_scheduler_instance/FSM_onehot_scheduler_state_reg[8]/Q
                         net (fo=3, routed)           0.268     1.917    dnn_scheduler_instance/FSM_onehot_scheduler_state_reg_n_0_[8]
    SLICE_X49Y27         FDRE                                         r  dnn_scheduler_instance/FSM_onehot_scheduler_state_reg[9]/D
  -------------------------------------------------------------------    -------------------

                         (clock s_axi_aclk rise edge)
                                                      0.000     0.000 r  
    U7                                                0.000     0.000 r  s_axi_aclk (IN)
                         net (fo=0)                   0.000     0.000    s_axi_aclk
    U7                   IBUF (Prop_ibuf_I_O)         0.476     0.476 r  s_axi_aclk_IBUF_inst/O
                         net (fo=1, routed)           0.719     1.195    s_axi_aclk_IBUF
    BUFGCTRL_X0Y0        BUFG (Prop_bufg_I_O)         0.029     1.224 r  s_axi_aclk_IBUF_BUFG_inst/O
                         net (fo=1465, routed)        0.814     2.038    dnn_scheduler_instance/s_axi_aclk_IBUF_BUFG
    SLICE_X49Y27         FDRE                                         r  dnn_scheduler_instance/FSM_onehot_scheduler_state_reg[9]/C
                         clock pessimism             -0.254     1.784    
    SLICE_X49Y27         FDRE (Hold_fdre_C_D)         0.003     1.787    dnn_scheduler_instance/FSM_onehot_scheduler_state_reg[9]
  -------------------------------------------------------------------
                         required time                         -1.787    
                         arrival time                           1.917    
  -------------------------------------------------------------------
                         slack                                  0.130    

Slack (MET) :             0.147ns  (arrival time - required time)
  Source:                 systolic_controller_instance/systolic_array_2d_instance/ARRAY_ROWS[0].ARRAY_COLUMNS[2].pe_systolic_cell_instance/b_valid_register_reg/C
                            (rising edge-triggered cell FDCE clocked by s_axi_aclk  {rise@0.000ns fall@5.000ns period=10.000ns})
  Destination:            systolic_controller_instance/systolic_array_2d_instance/ARRAY_ROWS[1].ARRAY_COLUMNS[2].pe_systolic_cell_instance/b_valid_register_reg/D
                            (rising edge-triggered cell FDCE clocked by s_axi_aclk  {rise@0.000ns fall@5.000ns period=10.000ns})
  Path Group:             s_axi_aclk
  Path Type:              Hold (Min at Fast Process Corner)
  Requirement:            0.000ns  (s_axi_aclk rise@0.000ns - s_axi_aclk rise@0.000ns)
  Data Path Delay:        0.291ns  (logic 0.189ns (64.902%)  route 0.102ns (35.098%))
  Logic Levels:           1  (LUT3=1)
  Clock Path Skew:        0.013ns (DCD - SCD - CPR)
    Destination Clock Delay (DCD):    2.050ns
    Source Clock Delay      (SCD):    1.533ns
    Clock Pessimism Removal (CPR):    0.504ns

    Location             Delay type                Incr(ns)  Path(ns)    Netlist Resource(s)
  -------------------------------------------------------------------    -------------------
                         (clock s_axi_aclk rise edge)
                                                      0.000     0.000 r  
    U7                                                0.000     0.000 r  s_axi_aclk (IN)
                         net (fo=0)                   0.000     0.000    s_axi_aclk
    U7                   IBUF (Prop_ibuf_I_O)         0.286     0.286 r  s_axi_aclk_IBUF_inst/O
                         net (fo=1, routed)           0.663     0.949    s_axi_aclk_IBUF
    BUFGCTRL_X0Y0        BUFG (Prop_bufg_I_O)         0.026     0.975 r  s_axi_aclk_IBUF_BUFG_inst/O
                         net (fo=1465, routed)        0.558     1.533    systolic_controller_instance/systolic_array_2d_instance/ARRAY_ROWS[0].ARRAY_COLUMNS[2].pe_systolic_cell_instance/s_axi_aclk_IBUF_BUFG
    SLICE_X39Y53         FDCE                                         r  systolic_controller_instance/systolic_array_2d_instance/ARRAY_ROWS[0].ARRAY_COLUMNS[2].pe_systolic_cell_instance/b_valid_register_reg/C
  -------------------------------------------------------------------    -------------------
    SLICE_X39Y53         FDCE (Prop_fdce_C_Q)         0.141     1.674 r  systolic_controller_instance/systolic_array_2d_instance/ARRAY_ROWS[0].ARRAY_COLUMNS[2].pe_systolic_cell_instance/b_valid_register_reg/Q
                         net (fo=2, routed)           0.102     1.776    systolic_controller_instance/systolic_array_2d_instance/ARRAY_ROWS[0].ARRAY_COLUMNS[2].pe_systolic_cell_instance/b_valid_connection[1][2]_5
    SLICE_X38Y53         LUT3 (Prop_lut3_I2_O)        0.048     1.824 r  systolic_controller_instance/systolic_array_2d_instance/ARRAY_ROWS[0].ARRAY_COLUMNS[2].pe_systolic_cell_instance/b_valid_register_i_1__16/O
                         net (fo=1, routed)           0.000     1.824    systolic_controller_instance/systolic_array_2d_instance/ARRAY_ROWS[1].ARRAY_COLUMNS[2].pe_systolic_cell_instance/b_valid_register_reg_0
    SLICE_X38Y53         FDCE                                         r  systolic_controller_instance/systolic_array_2d_instance/ARRAY_ROWS[1].ARRAY_COLUMNS[2].pe_systolic_cell_instance/b_valid_register_reg/D
  -------------------------------------------------------------------    -------------------

                         (clock s_axi_aclk rise edge)
                                                      0.000     0.000 r  
    U7                                                0.000     0.000 r  s_axi_aclk (IN)
                         net (fo=0)                   0.000     0.000    s_axi_aclk
    U7                   IBUF (Prop_ibuf_I_O)         0.476     0.476 r  s_axi_aclk_IBUF_inst/O
                         net (fo=1, routed)           0.719     1.195    s_axi_aclk_IBUF
    BUFGCTRL_X0Y0        BUFG (Prop_bufg_I_O)         0.029     1.224 r  s_axi_aclk_IBUF_BUFG_inst/O
                         net (fo=1465, routed)        0.826     2.050    systolic_controller_instance/systolic_array_2d_instance/ARRAY_ROWS[1].ARRAY_COLUMNS[2].pe_systolic_cell_instance/s_axi_aclk_IBUF_BUFG
    SLICE_X38Y53         FDCE                                         r  systolic_controller_instance/systolic_array_2d_instance/ARRAY_ROWS[1].ARRAY_COLUMNS[2].pe_systolic_cell_instance/b_valid_register_reg/C
                         clock pessimism             -0.504     1.546    
    SLICE_X38Y53         FDCE (Hold_fdce_C_D)         0.131     1.677    systolic_controller_instance/systolic_array_2d_instance/ARRAY_ROWS[1].ARRAY_COLUMNS[2].pe_systolic_cell_instance/b_valid_register_reg
  -------------------------------------------------------------------
                         required time                         -1.677    
                         arrival time                           1.824    
  -------------------------------------------------------------------
                         slack                                  0.147    

Slack (MET) :             0.149ns  (arrival time - required time)
  Source:                 weight_sram_instance/read_valid_reg[3]/C
                            (rising edge-triggered cell FDRE clocked by s_axi_aclk  {rise@0.000ns fall@5.000ns period=10.000ns})
  Destination:            systolic_controller_instance/systolic_array_2d_instance/ARRAY_ROWS[0].ARRAY_COLUMNS[3].pe_systolic_cell_instance/b_valid_register_reg/D
                            (rising edge-triggered cell FDCE clocked by s_axi_aclk  {rise@0.000ns fall@5.000ns period=10.000ns})
  Path Group:             s_axi_aclk
  Path Type:              Hold (Min at Fast Process Corner)
  Requirement:            0.000ns  (s_axi_aclk rise@0.000ns - s_axi_aclk rise@0.000ns)
  Data Path Delay:        0.304ns  (logic 0.186ns (61.170%)  route 0.118ns (38.830%))
  Logic Levels:           1  (LUT3=1)
  Clock Path Skew:        0.034ns (DCD - SCD - CPR)
    Destination Clock Delay (DCD):    2.050ns
    Source Clock Delay      (SCD):    1.533ns
    Clock Pessimism Removal (CPR):    0.483ns

    Location             Delay type                Incr(ns)  Path(ns)    Netlist Resource(s)
  -------------------------------------------------------------------    -------------------
                         (clock s_axi_aclk rise edge)
                                                      0.000     0.000 r  
    U7                                                0.000     0.000 r  s_axi_aclk (IN)
                         net (fo=0)                   0.000     0.000    s_axi_aclk
    U7                   IBUF (Prop_ibuf_I_O)         0.286     0.286 r  s_axi_aclk_IBUF_inst/O
                         net (fo=1, routed)           0.663     0.949    s_axi_aclk_IBUF
    BUFGCTRL_X0Y0        BUFG (Prop_bufg_I_O)         0.026     0.975 r  s_axi_aclk_IBUF_BUFG_inst/O
                         net (fo=1465, routed)        0.558     1.533    weight_sram_instance/s_axi_aclk_IBUF_BUFG
    SLICE_X40Y53         FDRE                                         r  weight_sram_instance/read_valid_reg[3]/C
  -------------------------------------------------------------------    -------------------
    SLICE_X40Y53         FDRE (Prop_fdre_C_Q)         0.141     1.674 r  weight_sram_instance/read_valid_reg[3]/Q
                         net (fo=1, routed)           0.118     1.792    systolic_controller_instance/systolic_array_2d_instance/ARRAY_ROWS[0].ARRAY_COLUMNS[3].pe_systolic_cell_instance/b_valid_register_reg_0[0]
    SLICE_X38Y54         LUT3 (Prop_lut3_I2_O)        0.045     1.837 r  systolic_controller_instance/systolic_array_2d_instance/ARRAY_ROWS[0].ARRAY_COLUMNS[3].pe_systolic_cell_instance/b_valid_register_i_1__20/O
                         net (fo=1, routed)           0.000     1.837    systolic_controller_instance/systolic_array_2d_instance/ARRAY_ROWS[0].ARRAY_COLUMNS[3].pe_systolic_cell_instance/b_valid_register_i_1__20_n_0
    SLICE_X38Y54         FDCE                                         r  systolic_controller_instance/systolic_array_2d_instance/ARRAY_ROWS[0].ARRAY_COLUMNS[3].pe_systolic_cell_instance/b_valid_register_reg/D
  -------------------------------------------------------------------    -------------------

                         (clock s_axi_aclk rise edge)
                                                      0.000     0.000 r  
    U7                                                0.000     0.000 r  s_axi_aclk (IN)
                         net (fo=0)                   0.000     0.000    s_axi_aclk
    U7                   IBUF (Prop_ibuf_I_O)         0.476     0.476 r  s_axi_aclk_IBUF_inst/O
                         net (fo=1, routed)           0.719     1.195    s_axi_aclk_IBUF
    BUFGCTRL_X0Y0        BUFG (Prop_bufg_I_O)         0.029     1.224 r  s_axi_aclk_IBUF_BUFG_inst/O
                         net (fo=1465, routed)        0.826     2.050    systolic_controller_instance/systolic_array_2d_instance/ARRAY_ROWS[0].ARRAY_COLUMNS[3].pe_systolic_cell_instance/s_axi_aclk_IBUF_BUFG
    SLICE_X38Y54         FDCE                                         r  systolic_controller_instance/systolic_array_2d_instance/ARRAY_ROWS[0].ARRAY_COLUMNS[3].pe_systolic_cell_instance/b_valid_register_reg/C
                         clock pessimism             -0.483     1.567    
    SLICE_X38Y54         FDCE (Hold_fdce_C_D)         0.121     1.688    systolic_controller_instance/systolic_array_2d_instance/ARRAY_ROWS[0].ARRAY_COLUMNS[3].pe_systolic_cell_instance/b_valid_register_reg
  -------------------------------------------------------------------
                         required time                         -1.688    
                         arrival time                           1.837    
  -------------------------------------------------------------------
                         slack                                  0.149    

Slack (MET) :             0.152ns  (arrival time - required time)
  Source:                 weight_sram_instance/read_valid_reg[1]/C
                            (rising edge-triggered cell FDRE clocked by s_axi_aclk  {rise@0.000ns fall@5.000ns period=10.000ns})
  Destination:            systolic_controller_instance/systolic_array_2d_instance/ARRAY_ROWS[0].ARRAY_COLUMNS[1].pe_systolic_cell_instance/b_valid_register_reg/D
                            (rising edge-triggered cell FDCE clocked by s_axi_aclk  {rise@0.000ns fall@5.000ns period=10.000ns})
  Path Group:             s_axi_aclk
  Path Type:              Hold (Min at Fast Process Corner)
  Requirement:            0.000ns  (s_axi_aclk rise@0.000ns - s_axi_aclk rise@0.000ns)
  Data Path Delay:        0.288ns  (logic 0.186ns (64.545%)  route 0.102ns (35.455%))
  Logic Levels:           1  (LUT3=1)
  Clock Path Skew:        0.016ns (DCD - SCD - CPR)
    Destination Clock Delay (DCD):    2.050ns
    Source Clock Delay      (SCD):    1.533ns
    Clock Pessimism Removal (CPR):    0.501ns

    Location             Delay type                Incr(ns)  Path(ns)    Netlist Resource(s)
  -------------------------------------------------------------------    -------------------
                         (clock s_axi_aclk rise edge)
                                                      0.000     0.000 r  
    U7                                                0.000     0.000 r  s_axi_aclk (IN)
                         net (fo=0)                   0.000     0.000    s_axi_aclk
    U7                   IBUF (Prop_ibuf_I_O)         0.286     0.286 r  s_axi_aclk_IBUF_inst/O
                         net (fo=1, routed)           0.663     0.949    s_axi_aclk_IBUF
    BUFGCTRL_X0Y0        BUFG (Prop_bufg_I_O)         0.026     0.975 r  s_axi_aclk_IBUF_BUFG_inst/O
                         net (fo=1465, routed)        0.558     1.533    weight_sram_instance/s_axi_aclk_IBUF_BUFG
    SLICE_X37Y54         FDRE                                         r  weight_sram_instance/read_valid_reg[1]/C
  -------------------------------------------------------------------    -------------------
    SLICE_X37Y54         FDRE (Prop_fdre_C_Q)         0.141     1.674 r  weight_sram_instance/read_valid_reg[1]/Q
                         net (fo=1, routed)           0.102     1.776    systolic_controller_instance/systolic_array_2d_instance/ARRAY_ROWS[0].ARRAY_COLUMNS[1].pe_systolic_cell_instance/b_valid_register_reg_0[0]
    SLICE_X38Y54         LUT3 (Prop_lut3_I2_O)        0.045     1.821 r  systolic_controller_instance/systolic_array_2d_instance/ARRAY_ROWS[0].ARRAY_COLUMNS[1].pe_systolic_cell_instance/b_valid_register_i_1__22/O
                         net (fo=1, routed)           0.000     1.821    systolic_controller_instance/systolic_array_2d_instance/ARRAY_ROWS[0].ARRAY_COLUMNS[1].pe_systolic_cell_instance/b_valid_register_i_1__22_n_0
    SLICE_X38Y54         FDCE                                         r  systolic_controller_instance/systolic_array_2d_instance/ARRAY_ROWS[0].ARRAY_COLUMNS[1].pe_systolic_cell_instance/b_valid_register_reg/D
  -------------------------------------------------------------------    -------------------

                         (clock s_axi_aclk rise edge)
                                                      0.000     0.000 r  
    U7                                                0.000     0.000 r  s_axi_aclk (IN)
                         net (fo=0)                   0.000     0.000    s_axi_aclk
    U7                   IBUF (Prop_ibuf_I_O)         0.476     0.476 r  s_axi_aclk_IBUF_inst/O
                         net (fo=1, routed)           0.719     1.195    s_axi_aclk_IBUF
    BUFGCTRL_X0Y0        BUFG (Prop_bufg_I_O)         0.029     1.224 r  s_axi_aclk_IBUF_BUFG_inst/O
                         net (fo=1465, routed)        0.826     2.050    systolic_controller_instance/systolic_array_2d_instance/ARRAY_ROWS[0].ARRAY_COLUMNS[1].pe_systolic_cell_instance/s_axi_aclk_IBUF_BUFG
    SLICE_X38Y54         FDCE                                         r  systolic_controller_instance/systolic_array_2d_instance/ARRAY_ROWS[0].ARRAY_COLUMNS[1].pe_systolic_cell_instance/b_valid_register_reg/C
                         clock pessimism             -0.501     1.549    
    SLICE_X38Y54         FDCE (Hold_fdce_C_D)         0.120     1.669    systolic_controller_instance/systolic_array_2d_instance/ARRAY_ROWS[0].ARRAY_COLUMNS[1].pe_systolic_cell_instance/b_valid_register_reg
  -------------------------------------------------------------------
                         required time                         -1.669    
                         arrival time                           1.821    
  -------------------------------------------------------------------
                         slack                                  0.152    

Slack (MET) :             0.157ns  (arrival time - required time)
  Source:                 systolic_controller_instance/FSM_onehot_state_reg[0]_rep__8/C
                            (rising edge-triggered cell FDPE clocked by s_axi_aclk  {rise@0.000ns fall@5.000ns period=10.000ns})
  Destination:            systolic_controller_instance/systolic_array_2d_instance/ARRAY_ROWS[1].ARRAY_COLUMNS[0].pe_systolic_cell_instance/b_valid_register_reg/D
                            (rising edge-triggered cell FDCE clocked by s_axi_aclk  {rise@0.000ns fall@5.000ns period=10.000ns})
  Path Group:             s_axi_aclk
  Path Type:              Hold (Min at Fast Process Corner)
  Requirement:            0.000ns  (s_axi_aclk rise@0.000ns - s_axi_aclk rise@0.000ns)
  Data Path Delay:        0.530ns  (logic 0.210ns (39.607%)  route 0.320ns (60.393%))
  Logic Levels:           1  (LUT3=1)
  Clock Path Skew:        0.266ns (DCD - SCD - CPR)
    Destination Clock Delay (DCD):    2.051ns
    Source Clock Delay      (SCD):    1.536ns
    Clock Pessimism Removal (CPR):    0.249ns

    Location             Delay type                Incr(ns)  Path(ns)    Netlist Resource(s)
  -------------------------------------------------------------------    -------------------
                         (clock s_axi_aclk rise edge)
                                                      0.000     0.000 r  
    U7                                                0.000     0.000 r  s_axi_aclk (IN)
                         net (fo=0)                   0.000     0.000    s_axi_aclk
    U7                   IBUF (Prop_ibuf_I_O)         0.286     0.286 r  s_axi_aclk_IBUF_inst/O
                         net (fo=1, routed)           0.663     0.949    s_axi_aclk_IBUF
    BUFGCTRL_X0Y0        BUFG (Prop_bufg_I_O)         0.026     0.975 r  s_axi_aclk_IBUF_BUFG_inst/O
                         net (fo=1465, routed)        0.561     1.536    systolic_controller_instance/s_axi_aclk_IBUF_BUFG
    SLICE_X36Y49         FDPE                                         r  systolic_controller_instance/FSM_onehot_state_reg[0]_rep__8/C
  -------------------------------------------------------------------    -------------------
    SLICE_X36Y49         FDPE (Prop_fdpe_C_Q)         0.164     1.700 f  systolic_controller_instance/FSM_onehot_state_reg[0]_rep__8/Q
                         net (fo=122, routed)         0.320     2.020    systolic_controller_instance/systolic_array_2d_instance/ARRAY_ROWS[0].ARRAY_COLUMNS[0].pe_systolic_cell_instance/acc_sum_reg[0]_0
    SLICE_X39Y52         LUT3 (Prop_lut3_I0_O)        0.046     2.066 r  systolic_controller_instance/systolic_array_2d_instance/ARRAY_ROWS[0].ARRAY_COLUMNS[0].pe_systolic_cell_instance/b_valid_register_i_1__18/O
                         net (fo=1, routed)           0.000     2.066    systolic_controller_instance/systolic_array_2d_instance/ARRAY_ROWS[1].ARRAY_COLUMNS[0].pe_systolic_cell_instance/b_valid_register_reg_0
    SLICE_X39Y52         FDCE                                         r  systolic_controller_instance/systolic_array_2d_instance/ARRAY_ROWS[1].ARRAY_COLUMNS[0].pe_systolic_cell_instance/b_valid_register_reg/D
  -------------------------------------------------------------------    -------------------

                         (clock s_axi_aclk rise edge)
                                                      0.000     0.000 r  
    U7                                                0.000     0.000 r  s_axi_aclk (IN)
                         net (fo=0)                   0.000     0.000    s_axi_aclk
    U7                   IBUF (Prop_ibuf_I_O)         0.476     0.476 r  s_axi_aclk_IBUF_inst/O
                         net (fo=1, routed)           0.719     1.195    s_axi_aclk_IBUF
    BUFGCTRL_X0Y0        BUFG (Prop_bufg_I_O)         0.029     1.224 r  s_axi_aclk_IBUF_BUFG_inst/O
                         net (fo=1465, routed)        0.827     2.051    systolic_controller_instance/systolic_array_2d_instance/ARRAY_ROWS[1].ARRAY_COLUMNS[0].pe_systolic_cell_instance/s_axi_aclk_IBUF_BUFG
    SLICE_X39Y52         FDCE                                         r  systolic_controller_instance/systolic_array_2d_instance/ARRAY_ROWS[1].ARRAY_COLUMNS[0].pe_systolic_cell_instance/b_valid_register_reg/C
                         clock pessimism             -0.249     1.802    
    SLICE_X39Y52         FDCE (Hold_fdce_C_D)         0.107     1.909    systolic_controller_instance/systolic_array_2d_instance/ARRAY_ROWS[1].ARRAY_COLUMNS[0].pe_systolic_cell_instance/b_valid_register_reg
  -------------------------------------------------------------------
                         required time                         -1.909    
                         arrival time                           2.066    
  -------------------------------------------------------------------
                         slack                                  0.157    

Slack (MET) :             0.172ns  (arrival time - required time)
  Source:                 systolic_controller_instance/FSM_onehot_state_reg[0]_rep__8/C
                            (rising edge-triggered cell FDPE clocked by s_axi_aclk  {rise@0.000ns fall@5.000ns period=10.000ns})
  Destination:            systolic_controller_instance/systolic_array_2d_instance/ARRAY_ROWS[0].ARRAY_COLUMNS[1].pe_systolic_cell_instance/a_valid_register_reg/D
                            (rising edge-triggered cell FDCE clocked by s_axi_aclk  {rise@0.000ns fall@5.000ns period=10.000ns})
  Path Group:             s_axi_aclk
  Path Type:              Hold (Min at Fast Process Corner)
  Requirement:            0.000ns  (s_axi_aclk rise@0.000ns - s_axi_aclk rise@0.000ns)
  Data Path Delay:        0.529ns  (logic 0.209ns (39.493%)  route 0.320ns (60.507%))
  Logic Levels:           1  (LUT3=1)
  Clock Path Skew:        0.266ns (DCD - SCD - CPR)
    Destination Clock Delay (DCD):    2.051ns
    Source Clock Delay      (SCD):    1.536ns
    Clock Pessimism Removal (CPR):    0.249ns

    Location             Delay type                Incr(ns)  Path(ns)    Netlist Resource(s)
  -------------------------------------------------------------------    -------------------
                         (clock s_axi_aclk rise edge)
                                                      0.000     0.000 r  
    U7                                                0.000     0.000 r  s_axi_aclk (IN)
                         net (fo=0)                   0.000     0.000    s_axi_aclk
    U7                   IBUF (Prop_ibuf_I_O)         0.286     0.286 r  s_axi_aclk_IBUF_inst/O
                         net (fo=1, routed)           0.663     0.949    s_axi_aclk_IBUF
    BUFGCTRL_X0Y0        BUFG (Prop_bufg_I_O)         0.026     0.975 r  s_axi_aclk_IBUF_BUFG_inst/O
                         net (fo=1465, routed)        0.561     1.536    systolic_controller_instance/s_axi_aclk_IBUF_BUFG
    SLICE_X36Y49         FDPE                                         r  systolic_controller_instance/FSM_onehot_state_reg[0]_rep__8/C
  -------------------------------------------------------------------    -------------------
    SLICE_X36Y49         FDPE (Prop_fdpe_C_Q)         0.164     1.700 f  systolic_controller_instance/FSM_onehot_state_reg[0]_rep__8/Q
                         net (fo=122, routed)         0.320     2.020    systolic_controller_instance/systolic_array_2d_instance/ARRAY_ROWS[0].ARRAY_COLUMNS[0].pe_systolic_cell_instance/acc_sum_reg[0]_0
    SLICE_X39Y52         LUT3 (Prop_lut3_I0_O)        0.045     2.065 r  systolic_controller_instance/systolic_array_2d_instance/ARRAY_ROWS[0].ARRAY_COLUMNS[0].pe_systolic_cell_instance/a_valid_register_i_1__22/O
                         net (fo=1, routed)           0.000     2.065    systolic_controller_instance/systolic_array_2d_instance/ARRAY_ROWS[0].ARRAY_COLUMNS[1].pe_systolic_cell_instance/a_valid_register_0
    SLICE_X39Y52         FDCE                                         r  systolic_controller_instance/systolic_array_2d_instance/ARRAY_ROWS[0].ARRAY_COLUMNS[1].pe_systolic_cell_instance/a_valid_register_reg/D
  -------------------------------------------------------------------    -------------------

                         (clock s_axi_aclk rise edge)
                                                      0.000     0.000 r  
    U7                                                0.000     0.000 r  s_axi_aclk (IN)
                         net (fo=0)                   0.000     0.000    s_axi_aclk
    U7                   IBUF (Prop_ibuf_I_O)         0.476     0.476 r  s_axi_aclk_IBUF_inst/O
                         net (fo=1, routed)           0.719     1.195    s_axi_aclk_IBUF
    BUFGCTRL_X0Y0        BUFG (Prop_bufg_I_O)         0.029     1.224 r  s_axi_aclk_IBUF_BUFG_inst/O
                         net (fo=1465, routed)        0.827     2.051    systolic_controller_instance/systolic_array_2d_instance/ARRAY_ROWS[0].ARRAY_COLUMNS[1].pe_systolic_cell_instance/s_axi_aclk_IBUF_BUFG
    SLICE_X39Y52         FDCE                                         r  systolic_controller_instance/systolic_array_2d_instance/ARRAY_ROWS[0].ARRAY_COLUMNS[1].pe_systolic_cell_instance/a_valid_register_reg/C
                         clock pessimism             -0.249     1.802    
    SLICE_X39Y52         FDCE (Hold_fdce_C_D)         0.091     1.893    systolic_controller_instance/systolic_array_2d_instance/ARRAY_ROWS[0].ARRAY_COLUMNS[1].pe_systolic_cell_instance/a_valid_register_reg
  -------------------------------------------------------------------
                         required time                         -1.893    
                         arrival time                           2.065    
  -------------------------------------------------------------------
                         slack                                  0.172    

Slack (MET) :             0.174ns  (arrival time - required time)
  Source:                 systolic_controller_instance/systolic_array_2d_instance/ARRAY_ROWS[0].ARRAY_COLUMNS[3].pe_systolic_cell_instance/a_register_reg[3]/C
                            (rising edge-triggered cell FDCE clocked by s_axi_aclk  {rise@0.000ns fall@5.000ns period=10.000ns})
  Destination:            systolic_controller_instance/systolic_array_2d_instance/ARRAY_ROWS[0].ARRAY_COLUMNS[4].pe_systolic_cell_instance/a_register_reg[3]/D
                            (rising edge-triggered cell FDCE clocked by s_axi_aclk  {rise@0.000ns fall@5.000ns period=10.000ns})
  Path Group:             s_axi_aclk
  Path Type:              Hold (Min at Fast Process Corner)
  Requirement:            0.000ns  (s_axi_aclk rise@0.000ns - s_axi_aclk rise@0.000ns)
  Data Path Delay:        0.254ns  (logic 0.141ns (55.565%)  route 0.113ns (44.435%))
  Logic Levels:           0  
  Clock Path Skew:        0.014ns (DCD - SCD - CPR)
    Destination Clock Delay (DCD):    2.036ns
    Source Clock Delay      (SCD):    1.522ns
    Clock Pessimism Removal (CPR):    0.500ns

    Location             Delay type                Incr(ns)  Path(ns)    Netlist Resource(s)
  -------------------------------------------------------------------    -------------------
                         (clock s_axi_aclk rise edge)
                                                      0.000     0.000 r  
    U7                                                0.000     0.000 r  s_axi_aclk (IN)
                         net (fo=0)                   0.000     0.000    s_axi_aclk
    U7                   IBUF (Prop_ibuf_I_O)         0.286     0.286 r  s_axi_aclk_IBUF_inst/O
                         net (fo=1, routed)           0.663     0.949    s_axi_aclk_IBUF
    BUFGCTRL_X0Y0        BUFG (Prop_bufg_I_O)         0.026     0.975 r  s_axi_aclk_IBUF_BUFG_inst/O
                         net (fo=1465, routed)        0.547     1.522    systolic_controller_instance/systolic_array_2d_instance/ARRAY_ROWS[0].ARRAY_COLUMNS[3].pe_systolic_cell_instance/s_axi_aclk_IBUF_BUFG
    SLICE_X52Y29         FDCE                                         r  systolic_controller_instance/systolic_array_2d_instance/ARRAY_ROWS[0].ARRAY_COLUMNS[3].pe_systolic_cell_instance/a_register_reg[3]/C
  -------------------------------------------------------------------    -------------------
    SLICE_X52Y29         FDCE (Prop_fdce_C_Q)         0.141     1.663 r  systolic_controller_instance/systolic_array_2d_instance/ARRAY_ROWS[0].ARRAY_COLUMNS[3].pe_systolic_cell_instance/a_register_reg[3]/Q
                         net (fo=20, routed)          0.113     1.776    systolic_controller_instance/systolic_array_2d_instance/ARRAY_ROWS[0].ARRAY_COLUMNS[4].pe_systolic_cell_instance/D[3]
    SLICE_X51Y29         FDCE                                         r  systolic_controller_instance/systolic_array_2d_instance/ARRAY_ROWS[0].ARRAY_COLUMNS[4].pe_systolic_cell_instance/a_register_reg[3]/D
  -------------------------------------------------------------------    -------------------

                         (clock s_axi_aclk rise edge)
                                                      0.000     0.000 r  
    U7                                                0.000     0.000 r  s_axi_aclk (IN)
                         net (fo=0)                   0.000     0.000    s_axi_aclk
    U7                   IBUF (Prop_ibuf_I_O)         0.476     0.476 r  s_axi_aclk_IBUF_inst/O
                         net (fo=1, routed)           0.719     1.195    s_axi_aclk_IBUF
    BUFGCTRL_X0Y0        BUFG (Prop_bufg_I_O)         0.029     1.224 r  s_axi_aclk_IBUF_BUFG_inst/O
                         net (fo=1465, routed)        0.812     2.036    systolic_controller_instance/systolic_array_2d_instance/ARRAY_ROWS[0].ARRAY_COLUMNS[4].pe_systolic_cell_instance/s_axi_aclk_IBUF_BUFG
    SLICE_X51Y29         FDCE                                         r  systolic_controller_instance/systolic_array_2d_instance/ARRAY_ROWS[0].ARRAY_COLUMNS[4].pe_systolic_cell_instance/a_register_reg[3]/C
                         clock pessimism             -0.500     1.536    
    SLICE_X51Y29         FDCE (Hold_fdce_C_D)         0.066     1.602    systolic_controller_instance/systolic_array_2d_instance/ARRAY_ROWS[0].ARRAY_COLUMNS[4].pe_systolic_cell_instance/a_register_reg[3]
  -------------------------------------------------------------------
                         required time                         -1.602    
                         arrival time                           1.776    
  -------------------------------------------------------------------
                         slack                                  0.174    

Slack (MET) :             0.180ns  (arrival time - required time)
  Source:                 activation_unit_instance/activation_data_reg[10]/C
                            (rising edge-triggered cell FDRE clocked by s_axi_aclk  {rise@0.000ns fall@5.000ns period=10.000ns})
  Destination:            maxFinder_instance/maximum_score_reg[1][2]/D
                            (rising edge-triggered cell FDRE clocked by s_axi_aclk  {rise@0.000ns fall@5.000ns period=10.000ns})
  Path Group:             s_axi_aclk
  Path Type:              Hold (Min at Fast Process Corner)
  Requirement:            0.000ns  (s_axi_aclk rise@0.000ns - s_axi_aclk rise@0.000ns)
  Data Path Delay:        0.260ns  (logic 0.141ns (54.248%)  route 0.119ns (45.752%))
  Logic Levels:           0  
  Clock Path Skew:        0.014ns (DCD - SCD - CPR)
    Destination Clock Delay (DCD):    2.075ns
    Source Clock Delay      (SCD):    1.559ns
    Clock Pessimism Removal (CPR):    0.502ns

    Location             Delay type                Incr(ns)  Path(ns)    Netlist Resource(s)
  -------------------------------------------------------------------    -------------------
                         (clock s_axi_aclk rise edge)
                                                      0.000     0.000 r  
    U7                                                0.000     0.000 r  s_axi_aclk (IN)
                         net (fo=0)                   0.000     0.000    s_axi_aclk
    U7                   IBUF (Prop_ibuf_I_O)         0.286     0.286 r  s_axi_aclk_IBUF_inst/O
                         net (fo=1, routed)           0.663     0.949    s_axi_aclk_IBUF
    BUFGCTRL_X0Y0        BUFG (Prop_bufg_I_O)         0.026     0.975 r  s_axi_aclk_IBUF_BUFG_inst/O
                         net (fo=1465, routed)        0.584     1.559    activation_unit_instance/s_axi_aclk_IBUF_BUFG
    SLICE_X15Y28         FDRE                                         r  activation_unit_instance/activation_data_reg[10]/C
  -------------------------------------------------------------------    -------------------
    SLICE_X15Y28         FDRE (Prop_fdre_C_Q)         0.141     1.700 r  activation_unit_instance/activation_data_reg[10]/Q
                         net (fo=4, routed)           0.119     1.819    maxFinder_instance/maximum_score_reg[4][6]_3[9]
    SLICE_X13Y28         FDRE                                         r  maxFinder_instance/maximum_score_reg[1][2]/D
  -------------------------------------------------------------------    -------------------

                         (clock s_axi_aclk rise edge)
                                                      0.000     0.000 r  
    U7                                                0.000     0.000 r  s_axi_aclk (IN)
                         net (fo=0)                   0.000     0.000    s_axi_aclk
    U7                   IBUF (Prop_ibuf_I_O)         0.476     0.476 r  s_axi_aclk_IBUF_inst/O
                         net (fo=1, routed)           0.719     1.195    s_axi_aclk_IBUF
    BUFGCTRL_X0Y0        BUFG (Prop_bufg_I_O)         0.029     1.224 r  s_axi_aclk_IBUF_BUFG_inst/O
                         net (fo=1465, routed)        0.851     2.075    maxFinder_instance/s_axi_aclk_IBUF_BUFG
    SLICE_X13Y28         FDRE                                         r  maxFinder_instance/maximum_score_reg[1][2]/C
                         clock pessimism             -0.502     1.573    
    SLICE_X13Y28         FDRE (Hold_fdre_C_D)         0.066     1.639    maxFinder_instance/maximum_score_reg[1][2]
  -------------------------------------------------------------------
                         required time                         -1.639    
                         arrival time                           1.819    
  -------------------------------------------------------------------
                         slack                                  0.180    

Slack (MET) :             0.181ns  (arrival time - required time)
  Source:                 weight_sram_instance/read_data_reg[1]/C
                            (rising edge-triggered cell FDRE clocked by s_axi_aclk  {rise@0.000ns fall@5.000ns period=10.000ns})
  Destination:            systolic_controller_instance/systolic_array_2d_instance/ARRAY_ROWS[0].ARRAY_COLUMNS[0].pe_systolic_cell_instance/b_register_reg[1]/D
                            (rising edge-triggered cell FDCE clocked by s_axi_aclk  {rise@0.000ns fall@5.000ns period=10.000ns})
  Path Group:             s_axi_aclk
  Path Type:              Hold (Min at Fast Process Corner)
  Requirement:            0.000ns  (s_axi_aclk rise@0.000ns - s_axi_aclk rise@0.000ns)
  Data Path Delay:        0.475ns  (logic 0.164ns (34.524%)  route 0.311ns (65.476%))
  Logic Levels:           0  
  Clock Path Skew:        0.242ns (DCD - SCD - CPR)
    Destination Clock Delay (DCD):    2.051ns
    Source Clock Delay      (SCD):    1.555ns
    Clock Pessimism Removal (CPR):    0.254ns

    Location             Delay type                Incr(ns)  Path(ns)    Netlist Resource(s)
  -------------------------------------------------------------------    -------------------
                         (clock s_axi_aclk rise edge)
                                                      0.000     0.000 r  
    U7                                                0.000     0.000 r  s_axi_aclk (IN)
                         net (fo=0)                   0.000     0.000    s_axi_aclk
    U7                   IBUF (Prop_ibuf_I_O)         0.286     0.286 r  s_axi_aclk_IBUF_inst/O
                         net (fo=1, routed)           0.663     0.949    s_axi_aclk_IBUF
    BUFGCTRL_X0Y0        BUFG (Prop_bufg_I_O)         0.026     0.975 r  s_axi_aclk_IBUF_BUFG_inst/O
                         net (fo=1465, routed)        0.580     1.555    weight_sram_instance/s_axi_aclk_IBUF_BUFG
    SLICE_X54Y45         FDRE                                         r  weight_sram_instance/read_data_reg[1]/C
  -------------------------------------------------------------------    -------------------
    SLICE_X54Y45         FDRE (Prop_fdre_C_Q)         0.164     1.719 r  weight_sram_instance/read_data_reg[1]/Q
                         net (fo=1, routed)           0.311     2.030    systolic_controller_instance/systolic_array_2d_instance/ARRAY_ROWS[0].ARRAY_COLUMNS[0].pe_systolic_cell_instance/b_register_reg[7]_1[1]
    SLICE_X46Y43         FDCE                                         r  systolic_controller_instance/systolic_array_2d_instance/ARRAY_ROWS[0].ARRAY_COLUMNS[0].pe_systolic_cell_instance/b_register_reg[1]/D
  -------------------------------------------------------------------    -------------------

                         (clock s_axi_aclk rise edge)
                                                      0.000     0.000 r  
    U7                                                0.000     0.000 r  s_axi_aclk (IN)
                         net (fo=0)                   0.000     0.000    s_axi_aclk
    U7                   IBUF (Prop_ibuf_I_O)         0.476     0.476 r  s_axi_aclk_IBUF_inst/O
                         net (fo=1, routed)           0.719     1.195    s_axi_aclk_IBUF
    BUFGCTRL_X0Y0        BUFG (Prop_bufg_I_O)         0.029     1.224 r  s_axi_aclk_IBUF_BUFG_inst/O
                         net (fo=1465, routed)        0.827     2.051    systolic_controller_instance/systolic_array_2d_instance/ARRAY_ROWS[0].ARRAY_COLUMNS[0].pe_systolic_cell_instance/s_axi_aclk_IBUF_BUFG
    SLICE_X46Y43         FDCE                                         r  systolic_controller_instance/systolic_array_2d_instance/ARRAY_ROWS[0].ARRAY_COLUMNS[0].pe_systolic_cell_instance/b_register_reg[1]/C
                         clock pessimism             -0.254     1.797    
    SLICE_X46Y43         FDCE (Hold_fdce_C_D)         0.052     1.849    systolic_controller_instance/systolic_array_2d_instance/ARRAY_ROWS[0].ARRAY_COLUMNS[0].pe_systolic_cell_instance/b_register_reg[1]
  -------------------------------------------------------------------
                         required time                         -1.849    
                         arrival time                           2.030    
  -------------------------------------------------------------------
                         slack                                  0.181    

Slack (MET) :             0.187ns  (arrival time - required time)
  Source:                 activation_unit_instance/activation_data_reg[8]/C
                            (rising edge-triggered cell FDRE clocked by s_axi_aclk  {rise@0.000ns fall@5.000ns period=10.000ns})
  Destination:            maxFinder_instance/maximum_score_reg[1][0]/D
                            (rising edge-triggered cell FDRE clocked by s_axi_aclk  {rise@0.000ns fall@5.000ns period=10.000ns})
  Path Group:             s_axi_aclk
  Path Type:              Hold (Min at Fast Process Corner)
  Requirement:            0.000ns  (s_axi_aclk rise@0.000ns - s_axi_aclk rise@0.000ns)
  Data Path Delay:        0.270ns  (logic 0.141ns (52.228%)  route 0.129ns (47.772%))
  Logic Levels:           0  
  Clock Path Skew:        0.013ns (DCD - SCD - CPR)
    Destination Clock Delay (DCD):    2.075ns
    Source Clock Delay      (SCD):    1.560ns
    Clock Pessimism Removal (CPR):    0.502ns

    Location             Delay type                Incr(ns)  Path(ns)    Netlist Resource(s)
  -------------------------------------------------------------------    -------------------
                         (clock s_axi_aclk rise edge)
                                                      0.000     0.000 r  
    U7                                                0.000     0.000 r  s_axi_aclk (IN)
                         net (fo=0)                   0.000     0.000    s_axi_aclk
    U7                   IBUF (Prop_ibuf_I_O)         0.286     0.286 r  s_axi_aclk_IBUF_inst/O
                         net (fo=1, routed)           0.663     0.949    s_axi_aclk_IBUF
    BUFGCTRL_X0Y0        BUFG (Prop_bufg_I_O)         0.026     0.975 r  s_axi_aclk_IBUF_BUFG_inst/O
                         net (fo=1465, routed)        0.585     1.560    activation_unit_instance/s_axi_aclk_IBUF_BUFG
    SLICE_X13Y29         FDRE                                         r  activation_unit_instance/activation_data_reg[8]/C
  -------------------------------------------------------------------    -------------------
    SLICE_X13Y29         FDRE (Prop_fdre_C_Q)         0.141     1.701 r  activation_unit_instance/activation_data_reg[8]/Q
                         net (fo=4, routed)           0.129     1.830    maxFinder_instance/maximum_score_reg[4][6]_3[7]
    SLICE_X13Y28         FDRE                                         r  maxFinder_instance/maximum_score_reg[1][0]/D
  -------------------------------------------------------------------    -------------------

                         (clock s_axi_aclk rise edge)
                                                      0.000     0.000 r  
    U7                                                0.000     0.000 r  s_axi_aclk (IN)
                         net (fo=0)                   0.000     0.000    s_axi_aclk
    U7                   IBUF (Prop_ibuf_I_O)         0.476     0.476 r  s_axi_aclk_IBUF_inst/O
                         net (fo=1, routed)           0.719     1.195    s_axi_aclk_IBUF
    BUFGCTRL_X0Y0        BUFG (Prop_bufg_I_O)         0.029     1.224 r  s_axi_aclk_IBUF_BUFG_inst/O
                         net (fo=1465, routed)        0.851     2.075    maxFinder_instance/s_axi_aclk_IBUF_BUFG
    SLICE_X13Y28         FDRE                                         r  maxFinder_instance/maximum_score_reg[1][0]/C
                         clock pessimism             -0.502     1.573    
    SLICE_X13Y28         FDRE (Hold_fdre_C_D)         0.070     1.643    maxFinder_instance/maximum_score_reg[1][0]
  -------------------------------------------------------------------
                         required time                         -1.643    
                         arrival time                           1.830    
  -------------------------------------------------------------------
                         slack                                  0.187    

Slack (MET) :             0.187ns  (arrival time - required time)
  Source:                 activation_unit_instance/activation_data_reg[32]/C
                            (rising edge-triggered cell FDRE clocked by s_axi_aclk  {rise@0.000ns fall@5.000ns period=10.000ns})
  Destination:            maxFinder_instance/maximum_score_reg[4][0]/D
                            (rising edge-triggered cell FDRE clocked by s_axi_aclk  {rise@0.000ns fall@5.000ns period=10.000ns})
  Path Group:             s_axi_aclk
  Path Type:              Hold (Min at Fast Process Corner)
  Requirement:            0.000ns  (s_axi_aclk rise@0.000ns - s_axi_aclk rise@0.000ns)
  Data Path Delay:        0.269ns  (logic 0.141ns (52.343%)  route 0.128ns (47.657%))
  Logic Levels:           0  
  Clock Path Skew:        0.012ns (DCD - SCD - CPR)
    Destination Clock Delay (DCD):    2.104ns
    Source Clock Delay      (SCD):    1.590ns
    Clock Pessimism Removal (CPR):    0.502ns

    Location             Delay type                Incr(ns)  Path(ns)    Netlist Resource(s)
  -------------------------------------------------------------------    -------------------
                         (clock s_axi_aclk rise edge)
                                                      0.000     0.000 r  
    U7                                                0.000     0.000 r  s_axi_aclk (IN)
                         net (fo=0)                   0.000     0.000    s_axi_aclk
    U7                   IBUF (Prop_ibuf_I_O)         0.286     0.286 r  s_axi_aclk_IBUF_inst/O
                         net (fo=1, routed)           0.663     0.949    s_axi_aclk_IBUF
    BUFGCTRL_X0Y0        BUFG (Prop_bufg_I_O)         0.026     0.975 r  s_axi_aclk_IBUF_BUFG_inst/O
                         net (fo=1465, routed)        0.615     1.590    activation_unit_instance/s_axi_aclk_IBUF_BUFG
    SLICE_X5Y30          FDRE                                         r  activation_unit_instance/activation_data_reg[32]/C
  -------------------------------------------------------------------    -------------------
    SLICE_X5Y30          FDRE (Prop_fdre_C_Q)         0.141     1.731 r  activation_unit_instance/activation_data_reg[32]/Q
                         net (fo=4, routed)           0.128     1.859    maxFinder_instance/maximum_score_reg[4][6]_3[28]
    SLICE_X5Y28          FDRE                                         r  maxFinder_instance/maximum_score_reg[4][0]/D
  -------------------------------------------------------------------    -------------------

                         (clock s_axi_aclk rise edge)
                                                      0.000     0.000 r  
    U7                                                0.000     0.000 r  s_axi_aclk (IN)
                         net (fo=0)                   0.000     0.000    s_axi_aclk
    U7                   IBUF (Prop_ibuf_I_O)         0.476     0.476 r  s_axi_aclk_IBUF_inst/O
                         net (fo=1, routed)           0.719     1.195    s_axi_aclk_IBUF
    BUFGCTRL_X0Y0        BUFG (Prop_bufg_I_O)         0.029     1.224 r  s_axi_aclk_IBUF_BUFG_inst/O
                         net (fo=1465, routed)        0.880     2.104    maxFinder_instance/s_axi_aclk_IBUF_BUFG
    SLICE_X5Y28          FDRE                                         r  maxFinder_instance/maximum_score_reg[4][0]/C
                         clock pessimism             -0.502     1.602    
    SLICE_X5Y28          FDRE (Hold_fdre_C_D)         0.070     1.672    maxFinder_instance/maximum_score_reg[4][0]
  -------------------------------------------------------------------
                         required time                         -1.672    
                         arrival time                           1.859    
  -------------------------------------------------------------------
                         slack                                  0.187    

Slack (MET) :             0.189ns  (arrival time - required time)
  Source:                 activation_unit_instance/activation_data_reg[24]/C
                            (rising edge-triggered cell FDRE clocked by s_axi_aclk  {rise@0.000ns fall@5.000ns period=10.000ns})
  Destination:            maxFinder_instance/maximum_score_reg[3][0]/D
                            (rising edge-triggered cell FDRE clocked by s_axi_aclk  {rise@0.000ns fall@5.000ns period=10.000ns})
  Path Group:             s_axi_aclk
  Path Type:              Hold (Min at Fast Process Corner)
  Requirement:            0.000ns  (s_axi_aclk rise@0.000ns - s_axi_aclk rise@0.000ns)
  Data Path Delay:        0.272ns  (logic 0.141ns (51.805%)  route 0.131ns (48.195%))
  Logic Levels:           0  
  Clock Path Skew:        0.013ns (DCD - SCD - CPR)
    Destination Clock Delay (DCD):    2.104ns
    Source Clock Delay      (SCD):    1.589ns
    Clock Pessimism Removal (CPR):    0.502ns

    Location             Delay type                Incr(ns)  Path(ns)    Netlist Resource(s)
  -------------------------------------------------------------------    -------------------
                         (clock s_axi_aclk rise edge)
                                                      0.000     0.000 r  
    U7                                                0.000     0.000 r  s_axi_aclk (IN)
                         net (fo=0)                   0.000     0.000    s_axi_aclk
    U7                   IBUF (Prop_ibuf_I_O)         0.286     0.286 r  s_axi_aclk_IBUF_inst/O
                         net (fo=1, routed)           0.663     0.949    s_axi_aclk_IBUF
    BUFGCTRL_X0Y0        BUFG (Prop_bufg_I_O)         0.026     0.975 r  s_axi_aclk_IBUF_BUFG_inst/O
                         net (fo=1465, routed)        0.614     1.589    activation_unit_instance/s_axi_aclk_IBUF_BUFG
    SLICE_X7Y29          FDRE                                         r  activation_unit_instance/activation_data_reg[24]/C
  -------------------------------------------------------------------    -------------------
    SLICE_X7Y29          FDRE (Prop_fdre_C_Q)         0.141     1.730 r  activation_unit_instance/activation_data_reg[24]/Q
                         net (fo=4, routed)           0.131     1.861    maxFinder_instance/maximum_score_reg[4][6]_3[21]
    SLICE_X7Y28          FDRE                                         r  maxFinder_instance/maximum_score_reg[3][0]/D
  -------------------------------------------------------------------    -------------------

                         (clock s_axi_aclk rise edge)
                                                      0.000     0.000 r  
    U7                                                0.000     0.000 r  s_axi_aclk (IN)
                         net (fo=0)                   0.000     0.000    s_axi_aclk
    U7                   IBUF (Prop_ibuf_I_O)         0.476     0.476 r  s_axi_aclk_IBUF_inst/O
                         net (fo=1, routed)           0.719     1.195    s_axi_aclk_IBUF
    BUFGCTRL_X0Y0        BUFG (Prop_bufg_I_O)         0.029     1.224 r  s_axi_aclk_IBUF_BUFG_inst/O
                         net (fo=1465, routed)        0.880     2.104    maxFinder_instance/s_axi_aclk_IBUF_BUFG
    SLICE_X7Y28          FDRE                                         r  maxFinder_instance/maximum_score_reg[3][0]/C
                         clock pessimism             -0.502     1.602    
    SLICE_X7Y28          FDRE (Hold_fdre_C_D)         0.070     1.672    maxFinder_instance/maximum_score_reg[3][0]
  -------------------------------------------------------------------
                         required time                         -1.672    
                         arrival time                           1.861    
  -------------------------------------------------------------------
                         slack                                  0.189    

Slack (MET) :             0.191ns  (arrival time - required time)
  Source:                 systolic_controller_instance/systolic_array_2d_instance/ARRAY_ROWS[4].ARRAY_COLUMNS[2].pe_systolic_cell_instance/a_register_reg[7]/C
                            (rising edge-triggered cell FDCE clocked by s_axi_aclk  {rise@0.000ns fall@5.000ns period=10.000ns})
  Destination:            systolic_controller_instance/systolic_array_2d_instance/ARRAY_ROWS[4].ARRAY_COLUMNS[3].pe_systolic_cell_instance/a_register_reg[7]/D
                            (rising edge-triggered cell FDCE clocked by s_axi_aclk  {rise@0.000ns fall@5.000ns period=10.000ns})
  Path Group:             s_axi_aclk
  Path Type:              Hold (Min at Fast Process Corner)
  Requirement:            0.000ns  (s_axi_aclk rise@0.000ns - s_axi_aclk rise@0.000ns)
  Data Path Delay:        0.263ns  (logic 0.141ns (53.571%)  route 0.122ns (46.429%))
  Logic Levels:           0  
  Clock Path Skew:        0.000ns (DCD - SCD - CPR)
    Destination Clock Delay (DCD):    2.087ns
    Source Clock Delay      (SCD):    1.569ns
    Clock Pessimism Removal (CPR):    0.518ns

    Location             Delay type                Incr(ns)  Path(ns)    Netlist Resource(s)
  -------------------------------------------------------------------    -------------------
                         (clock s_axi_aclk rise edge)
                                                      0.000     0.000 r  
    U7                                                0.000     0.000 r  s_axi_aclk (IN)
                         net (fo=0)                   0.000     0.000    s_axi_aclk
    U7                   IBUF (Prop_ibuf_I_O)         0.286     0.286 r  s_axi_aclk_IBUF_inst/O
                         net (fo=1, routed)           0.663     0.949    s_axi_aclk_IBUF
    BUFGCTRL_X0Y0        BUFG (Prop_bufg_I_O)         0.026     0.975 r  s_axi_aclk_IBUF_BUFG_inst/O
                         net (fo=1465, routed)        0.594     1.569    systolic_controller_instance/systolic_array_2d_instance/ARRAY_ROWS[4].ARRAY_COLUMNS[2].pe_systolic_cell_instance/s_axi_aclk_IBUF_BUFG
    SLICE_X9Y45          FDCE                                         r  systolic_controller_instance/systolic_array_2d_instance/ARRAY_ROWS[4].ARRAY_COLUMNS[2].pe_systolic_cell_instance/a_register_reg[7]/C
  -------------------------------------------------------------------    -------------------
    SLICE_X9Y45          FDCE (Prop_fdce_C_Q)         0.141     1.710 r  systolic_controller_instance/systolic_array_2d_instance/ARRAY_ROWS[4].ARRAY_COLUMNS[2].pe_systolic_cell_instance/a_register_reg[7]/Q
                         net (fo=14, routed)          0.122     1.832    systolic_controller_instance/systolic_array_2d_instance/ARRAY_ROWS[4].ARRAY_COLUMNS[3].pe_systolic_cell_instance/a_register_reg[7]_0[7]
    SLICE_X9Y45          FDCE                                         r  systolic_controller_instance/systolic_array_2d_instance/ARRAY_ROWS[4].ARRAY_COLUMNS[3].pe_systolic_cell_instance/a_register_reg[7]/D
  -------------------------------------------------------------------    -------------------

                         (clock s_axi_aclk rise edge)
                                                      0.000     0.000 r  
    U7                                                0.000     0.000 r  s_axi_aclk (IN)
                         net (fo=0)                   0.000     0.000    s_axi_aclk
    U7                   IBUF (Prop_ibuf_I_O)         0.476     0.476 r  s_axi_aclk_IBUF_inst/O
                         net (fo=1, routed)           0.719     1.195    s_axi_aclk_IBUF
    BUFGCTRL_X0Y0        BUFG (Prop_bufg_I_O)         0.029     1.224 r  s_axi_aclk_IBUF_BUFG_inst/O
                         net (fo=1465, routed)        0.863     2.087    systolic_controller_instance/systolic_array_2d_instance/ARRAY_ROWS[4].ARRAY_COLUMNS[3].pe_systolic_cell_instance/s_axi_aclk_IBUF_BUFG
    SLICE_X9Y45          FDCE                                         r  systolic_controller_instance/systolic_array_2d_instance/ARRAY_ROWS[4].ARRAY_COLUMNS[3].pe_systolic_cell_instance/a_register_reg[7]/C
                         clock pessimism             -0.518     1.569    
    SLICE_X9Y45          FDCE (Hold_fdce_C_D)         0.072     1.641    systolic_controller_instance/systolic_array_2d_instance/ARRAY_ROWS[4].ARRAY_COLUMNS[3].pe_systolic_cell_instance/a_register_reg[7]
  -------------------------------------------------------------------
                         required time                         -1.641    
                         arrival time                           1.832    
  -------------------------------------------------------------------
                         slack                                  0.191    

Slack (MET) :             0.193ns  (arrival time - required time)
  Source:                 systolic_controller_instance/systolic_array_2d_instance/ARRAY_ROWS[4].ARRAY_COLUMNS[3].pe_systolic_cell_instance/a_valid_register_reg/C
                            (rising edge-triggered cell FDCE clocked by s_axi_aclk  {rise@0.000ns fall@5.000ns period=10.000ns})
  Destination:            systolic_controller_instance/systolic_array_2d_instance/ARRAY_ROWS[4].ARRAY_COLUMNS[4].pe_systolic_cell_instance/a_valid_register_reg/D
                            (rising edge-triggered cell FDCE clocked by s_axi_aclk  {rise@0.000ns fall@5.000ns period=10.000ns})
  Path Group:             s_axi_aclk
  Path Type:              Hold (Min at Fast Process Corner)
  Requirement:            0.000ns  (s_axi_aclk rise@0.000ns - s_axi_aclk rise@0.000ns)
  Data Path Delay:        0.347ns  (logic 0.186ns (53.583%)  route 0.161ns (46.417%))
  Logic Levels:           1  (LUT3=1)
  Clock Path Skew:        0.033ns (DCD - SCD - CPR)
    Destination Clock Delay (DCD):    2.051ns
    Source Clock Delay      (SCD):    1.535ns
    Clock Pessimism Removal (CPR):    0.483ns

    Location             Delay type                Incr(ns)  Path(ns)    Netlist Resource(s)
  -------------------------------------------------------------------    -------------------
                         (clock s_axi_aclk rise edge)
                                                      0.000     0.000 r  
    U7                                                0.000     0.000 r  s_axi_aclk (IN)
                         net (fo=0)                   0.000     0.000    s_axi_aclk
    U7                   IBUF (Prop_ibuf_I_O)         0.286     0.286 r  s_axi_aclk_IBUF_inst/O
                         net (fo=1, routed)           0.663     0.949    s_axi_aclk_IBUF
    BUFGCTRL_X0Y0        BUFG (Prop_bufg_I_O)         0.026     0.975 r  s_axi_aclk_IBUF_BUFG_inst/O
                         net (fo=1465, routed)        0.560     1.535    systolic_controller_instance/systolic_array_2d_instance/ARRAY_ROWS[4].ARRAY_COLUMNS[3].pe_systolic_cell_instance/s_axi_aclk_IBUF_BUFG
    SLICE_X33Y53         FDCE                                         r  systolic_controller_instance/systolic_array_2d_instance/ARRAY_ROWS[4].ARRAY_COLUMNS[3].pe_systolic_cell_instance/a_valid_register_reg/C
  -------------------------------------------------------------------    -------------------
    SLICE_X33Y53         FDCE (Prop_fdce_C_Q)         0.141     1.676 r  systolic_controller_instance/systolic_array_2d_instance/ARRAY_ROWS[4].ARRAY_COLUMNS[3].pe_systolic_cell_instance/a_valid_register_reg/Q
                         net (fo=2, routed)           0.161     1.837    systolic_controller_instance/systolic_array_2d_instance/ARRAY_ROWS[4].ARRAY_COLUMNS[3].pe_systolic_cell_instance/a_valid_connection[4][4]_39
    SLICE_X34Y53         LUT3 (Prop_lut3_I2_O)        0.045     1.882 r  systolic_controller_instance/systolic_array_2d_instance/ARRAY_ROWS[4].ARRAY_COLUMNS[3].pe_systolic_cell_instance/a_valid_register_i_1/O
                         net (fo=1, routed)           0.000     1.882    systolic_controller_instance/systolic_array_2d_instance/ARRAY_ROWS[4].ARRAY_COLUMNS[4].pe_systolic_cell_instance/a_valid_register
    SLICE_X34Y53         FDCE                                         r  systolic_controller_instance/systolic_array_2d_instance/ARRAY_ROWS[4].ARRAY_COLUMNS[4].pe_systolic_cell_instance/a_valid_register_reg/D
  -------------------------------------------------------------------    -------------------

                         (clock s_axi_aclk rise edge)
                                                      0.000     0.000 r  
    U7                                                0.000     0.000 r  s_axi_aclk (IN)
                         net (fo=0)                   0.000     0.000    s_axi_aclk
    U7                   IBUF (Prop_ibuf_I_O)         0.476     0.476 r  s_axi_aclk_IBUF_inst/O
                         net (fo=1, routed)           0.719     1.195    s_axi_aclk_IBUF
    BUFGCTRL_X0Y0        BUFG (Prop_bufg_I_O)         0.029     1.224 r  s_axi_aclk_IBUF_BUFG_inst/O
                         net (fo=1465, routed)        0.827     2.051    systolic_controller_instance/systolic_array_2d_instance/ARRAY_ROWS[4].ARRAY_COLUMNS[4].pe_systolic_cell_instance/s_axi_aclk_IBUF_BUFG
    SLICE_X34Y53         FDCE                                         r  systolic_controller_instance/systolic_array_2d_instance/ARRAY_ROWS[4].ARRAY_COLUMNS[4].pe_systolic_cell_instance/a_valid_register_reg/C
                         clock pessimism             -0.483     1.568    
    SLICE_X34Y53         FDCE (Hold_fdce_C_D)         0.121     1.689    systolic_controller_instance/systolic_array_2d_instance/ARRAY_ROWS[4].ARRAY_COLUMNS[4].pe_systolic_cell_instance/a_valid_register_reg
  -------------------------------------------------------------------
                         required time                         -1.689    
                         arrival time                           1.882    
  -------------------------------------------------------------------
                         slack                                  0.193    

Slack (MET) :             0.195ns  (arrival time - required time)
  Source:                 systolic_controller_instance/systolic_array_2d_instance/ARRAY_ROWS[4].ARRAY_COLUMNS[2].pe_systolic_cell_instance/a_valid_register_reg/C
                            (rising edge-triggered cell FDCE clocked by s_axi_aclk  {rise@0.000ns fall@5.000ns period=10.000ns})
  Destination:            systolic_controller_instance/systolic_array_2d_instance/ARRAY_ROWS[4].ARRAY_COLUMNS[3].pe_systolic_cell_instance/a_valid_register_reg/D
                            (rising edge-triggered cell FDCE clocked by s_axi_aclk  {rise@0.000ns fall@5.000ns period=10.000ns})
  Path Group:             s_axi_aclk
  Path Type:              Hold (Min at Fast Process Corner)
  Requirement:            0.000ns  (s_axi_aclk rise@0.000ns - s_axi_aclk rise@0.000ns)
  Data Path Delay:        0.302ns  (logic 0.186ns (61.575%)  route 0.116ns (38.425%))
  Logic Levels:           1  (LUT3=1)
  Clock Path Skew:        0.015ns (DCD - SCD - CPR)
    Destination Clock Delay (DCD):    2.051ns
    Source Clock Delay      (SCD):    1.536ns
    Clock Pessimism Removal (CPR):    0.500ns

    Location             Delay type                Incr(ns)  Path(ns)    Netlist Resource(s)
  -------------------------------------------------------------------    -------------------
                         (clock s_axi_aclk rise edge)
                                                      0.000     0.000 r  
    U7                                                0.000     0.000 r  s_axi_aclk (IN)
                         net (fo=0)                   0.000     0.000    s_axi_aclk
    U7                   IBUF (Prop_ibuf_I_O)         0.286     0.286 r  s_axi_aclk_IBUF_inst/O
                         net (fo=1, routed)           0.663     0.949    s_axi_aclk_IBUF
    BUFGCTRL_X0Y0        BUFG (Prop_bufg_I_O)         0.026     0.975 r  s_axi_aclk_IBUF_BUFG_inst/O
                         net (fo=1465, routed)        0.561     1.536    systolic_controller_instance/systolic_array_2d_instance/ARRAY_ROWS[4].ARRAY_COLUMNS[2].pe_systolic_cell_instance/s_axi_aclk_IBUF_BUFG
    SLICE_X33Y52         FDCE                                         r  systolic_controller_instance/systolic_array_2d_instance/ARRAY_ROWS[4].ARRAY_COLUMNS[2].pe_systolic_cell_instance/a_valid_register_reg/C
  -------------------------------------------------------------------    -------------------
    SLICE_X33Y52         FDCE (Prop_fdce_C_Q)         0.141     1.677 r  systolic_controller_instance/systolic_array_2d_instance/ARRAY_ROWS[4].ARRAY_COLUMNS[2].pe_systolic_cell_instance/a_valid_register_reg/Q
                         net (fo=2, routed)           0.116     1.793    systolic_controller_instance/systolic_array_2d_instance/ARRAY_ROWS[4].ARRAY_COLUMNS[2].pe_systolic_cell_instance/a_valid_connection[4][3]_38
    SLICE_X33Y53         LUT3 (Prop_lut3_I2_O)        0.045     1.838 r  systolic_controller_instance/systolic_array_2d_instance/ARRAY_ROWS[4].ARRAY_COLUMNS[2].pe_systolic_cell_instance/a_valid_register_i_1__0/O
                         net (fo=1, routed)           0.000     1.838    systolic_controller_instance/systolic_array_2d_instance/ARRAY_ROWS[4].ARRAY_COLUMNS[3].pe_systolic_cell_instance/a_valid_register_0
    SLICE_X33Y53         FDCE                                         r  systolic_controller_instance/systolic_array_2d_instance/ARRAY_ROWS[4].ARRAY_COLUMNS[3].pe_systolic_cell_instance/a_valid_register_reg/D
  -------------------------------------------------------------------    -------------------

                         (clock s_axi_aclk rise edge)
                                                      0.000     0.000 r  
    U7                                                0.000     0.000 r  s_axi_aclk (IN)
                         net (fo=0)                   0.000     0.000    s_axi_aclk
    U7                   IBUF (Prop_ibuf_I_O)         0.476     0.476 r  s_axi_aclk_IBUF_inst/O
                         net (fo=1, routed)           0.719     1.195    s_axi_aclk_IBUF
    BUFGCTRL_X0Y0        BUFG (Prop_bufg_I_O)         0.029     1.224 r  s_axi_aclk_IBUF_BUFG_inst/O
                         net (fo=1465, routed)        0.827     2.051    systolic_controller_instance/systolic_array_2d_instance/ARRAY_ROWS[4].ARRAY_COLUMNS[3].pe_systolic_cell_instance/s_axi_aclk_IBUF_BUFG
    SLICE_X33Y53         FDCE                                         r  systolic_controller_instance/systolic_array_2d_instance/ARRAY_ROWS[4].ARRAY_COLUMNS[3].pe_systolic_cell_instance/a_valid_register_reg/C
                         clock pessimism             -0.500     1.551    
    SLICE_X33Y53         FDCE (Hold_fdce_C_D)         0.092     1.643    systolic_controller_instance/systolic_array_2d_instance/ARRAY_ROWS[4].ARRAY_COLUMNS[3].pe_systolic_cell_instance/a_valid_register_reg
  -------------------------------------------------------------------
                         required time                         -1.643    
                         arrival time                           1.838    
  -------------------------------------------------------------------
                         slack                                  0.195    

Slack (MET) :             0.198ns  (arrival time - required time)
  Source:                 systolic_controller_instance/systolic_array_2d_instance/ARRAY_ROWS[0].ARRAY_COLUMNS[2].pe_systolic_cell_instance/a_register_reg[5]/C
                            (rising edge-triggered cell FDCE clocked by s_axi_aclk  {rise@0.000ns fall@5.000ns period=10.000ns})
  Destination:            systolic_controller_instance/systolic_array_2d_instance/ARRAY_ROWS[0].ARRAY_COLUMNS[3].pe_systolic_cell_instance/a_register_reg[5]/D
                            (rising edge-triggered cell FDCE clocked by s_axi_aclk  {rise@0.000ns fall@5.000ns period=10.000ns})
  Path Group:             s_axi_aclk
  Path Type:              Hold (Min at Fast Process Corner)
  Requirement:            0.000ns  (s_axi_aclk rise@0.000ns - s_axi_aclk rise@0.000ns)
  Data Path Delay:        0.269ns  (logic 0.141ns (52.343%)  route 0.128ns (47.657%))
  Logic Levels:           0  
  Clock Path Skew:        0.012ns (DCD - SCD - CPR)
    Destination Clock Delay (DCD):    2.035ns
    Source Clock Delay      (SCD):    1.523ns
    Clock Pessimism Removal (CPR):    0.500ns

    Location             Delay type                Incr(ns)  Path(ns)    Netlist Resource(s)
  -------------------------------------------------------------------    -------------------
                         (clock s_axi_aclk rise edge)
                                                      0.000     0.000 r  
    U7                                                0.000     0.000 r  s_axi_aclk (IN)
                         net (fo=0)                   0.000     0.000    s_axi_aclk
    U7                   IBUF (Prop_ibuf_I_O)         0.286     0.286 r  s_axi_aclk_IBUF_inst/O
                         net (fo=1, routed)           0.663     0.949    s_axi_aclk_IBUF
    BUFGCTRL_X0Y0        BUFG (Prop_bufg_I_O)         0.026     0.975 r  s_axi_aclk_IBUF_BUFG_inst/O
                         net (fo=1465, routed)        0.548     1.523    systolic_controller_instance/systolic_array_2d_instance/ARRAY_ROWS[0].ARRAY_COLUMNS[2].pe_systolic_cell_instance/s_axi_aclk_IBUF_BUFG
    SLICE_X51Y30         FDCE                                         r  systolic_controller_instance/systolic_array_2d_instance/ARRAY_ROWS[0].ARRAY_COLUMNS[2].pe_systolic_cell_instance/a_register_reg[5]/C
  -------------------------------------------------------------------    -------------------
    SLICE_X51Y30         FDCE (Prop_fdce_C_Q)         0.141     1.664 r  systolic_controller_instance/systolic_array_2d_instance/ARRAY_ROWS[0].ARRAY_COLUMNS[2].pe_systolic_cell_instance/a_register_reg[5]/Q
                         net (fo=20, routed)          0.128     1.792    systolic_controller_instance/systolic_array_2d_instance/ARRAY_ROWS[0].ARRAY_COLUMNS[3].pe_systolic_cell_instance/D[5]
    SLICE_X50Y28         FDCE                                         r  systolic_controller_instance/systolic_array_2d_instance/ARRAY_ROWS[0].ARRAY_COLUMNS[3].pe_systolic_cell_instance/a_register_reg[5]/D
  -------------------------------------------------------------------    -------------------

                         (clock s_axi_aclk rise edge)
                                                      0.000     0.000 r  
    U7                                                0.000     0.000 r  s_axi_aclk (IN)
                         net (fo=0)                   0.000     0.000    s_axi_aclk
    U7                   IBUF (Prop_ibuf_I_O)         0.476     0.476 r  s_axi_aclk_IBUF_inst/O
                         net (fo=1, routed)           0.719     1.195    s_axi_aclk_IBUF
    BUFGCTRL_X0Y0        BUFG (Prop_bufg_I_O)         0.029     1.224 r  s_axi_aclk_IBUF_BUFG_inst/O
                         net (fo=1465, routed)        0.811     2.035    systolic_controller_instance/systolic_array_2d_instance/ARRAY_ROWS[0].ARRAY_COLUMNS[3].pe_systolic_cell_instance/s_axi_aclk_IBUF_BUFG
    SLICE_X50Y28         FDCE                                         r  systolic_controller_instance/systolic_array_2d_instance/ARRAY_ROWS[0].ARRAY_COLUMNS[3].pe_systolic_cell_instance/a_register_reg[5]/C
                         clock pessimism             -0.500     1.535    
    SLICE_X50Y28         FDCE (Hold_fdce_C_D)         0.059     1.594    systolic_controller_instance/systolic_array_2d_instance/ARRAY_ROWS[0].ARRAY_COLUMNS[3].pe_systolic_cell_instance/a_register_reg[5]
  -------------------------------------------------------------------
                         required time                         -1.594    
                         arrival time                           1.792    
  -------------------------------------------------------------------
                         slack                                  0.198    

Slack (MET) :             0.199ns  (arrival time - required time)
  Source:                 systolic_controller_instance/systolic_array_2d_instance/ARRAY_ROWS[3].ARRAY_COLUMNS[2].pe_systolic_cell_instance/a_valid_register_reg/C
                            (rising edge-triggered cell FDCE clocked by s_axi_aclk  {rise@0.000ns fall@5.000ns period=10.000ns})
  Destination:            systolic_controller_instance/systolic_array_2d_instance/ARRAY_ROWS[3].ARRAY_COLUMNS[3].pe_systolic_cell_instance/a_valid_register_reg/D
                            (rising edge-triggered cell FDCE clocked by s_axi_aclk  {rise@0.000ns fall@5.000ns period=10.000ns})
  Path Group:             s_axi_aclk
  Path Type:              Hold (Min at Fast Process Corner)
  Requirement:            0.000ns  (s_axi_aclk rise@0.000ns - s_axi_aclk rise@0.000ns)
  Data Path Delay:        0.303ns  (logic 0.209ns (68.923%)  route 0.094ns (31.077%))
  Logic Levels:           1  (LUT3=1)
  Clock Path Skew:        0.013ns (DCD - SCD - CPR)
    Destination Clock Delay (DCD):    2.051ns
    Source Clock Delay      (SCD):    1.535ns
    Clock Pessimism Removal (CPR):    0.503ns

    Location             Delay type                Incr(ns)  Path(ns)    Netlist Resource(s)
  -------------------------------------------------------------------    -------------------
                         (clock s_axi_aclk rise edge)
                                                      0.000     0.000 r  
    U7                                                0.000     0.000 r  s_axi_aclk (IN)
                         net (fo=0)                   0.000     0.000    s_axi_aclk
    U7                   IBUF (Prop_ibuf_I_O)         0.286     0.286 r  s_axi_aclk_IBUF_inst/O
                         net (fo=1, routed)           0.663     0.949    s_axi_aclk_IBUF
    BUFGCTRL_X0Y0        BUFG (Prop_bufg_I_O)         0.026     0.975 r  s_axi_aclk_IBUF_BUFG_inst/O
                         net (fo=1465, routed)        0.560     1.535    systolic_controller_instance/systolic_array_2d_instance/ARRAY_ROWS[3].ARRAY_COLUMNS[2].pe_systolic_cell_instance/s_axi_aclk_IBUF_BUFG
    SLICE_X32Y53         FDCE                                         r  systolic_controller_instance/systolic_array_2d_instance/ARRAY_ROWS[3].ARRAY_COLUMNS[2].pe_systolic_cell_instance/a_valid_register_reg/C
  -------------------------------------------------------------------    -------------------
    SLICE_X32Y53         FDCE (Prop_fdce_C_Q)         0.164     1.699 r  systolic_controller_instance/systolic_array_2d_instance/ARRAY_ROWS[3].ARRAY_COLUMNS[2].pe_systolic_cell_instance/a_valid_register_reg/Q
                         net (fo=2, routed)           0.094     1.793    systolic_controller_instance/systolic_array_2d_instance/ARRAY_ROWS[3].ARRAY_COLUMNS[2].pe_systolic_cell_instance/a_valid_connection[3][3]_31
    SLICE_X33Y53         LUT3 (Prop_lut3_I2_O)        0.045     1.838 r  systolic_controller_instance/systolic_array_2d_instance/ARRAY_ROWS[3].ARRAY_COLUMNS[2].pe_systolic_cell_instance/a_valid_register_i_1__5/O
                         net (fo=1, routed)           0.000     1.838    systolic_controller_instance/systolic_array_2d_instance/ARRAY_ROWS[3].ARRAY_COLUMNS[3].pe_systolic_cell_instance/a_valid_register_0
    SLICE_X33Y53         FDCE                                         r  systolic_controller_instance/systolic_array_2d_instance/ARRAY_ROWS[3].ARRAY_COLUMNS[3].pe_systolic_cell_instance/a_valid_register_reg/D
  -------------------------------------------------------------------    -------------------

                         (clock s_axi_aclk rise edge)
                                                      0.000     0.000 r  
    U7                                                0.000     0.000 r  s_axi_aclk (IN)
                         net (fo=0)                   0.000     0.000    s_axi_aclk
    U7                   IBUF (Prop_ibuf_I_O)         0.476     0.476 r  s_axi_aclk_IBUF_inst/O
                         net (fo=1, routed)           0.719     1.195    s_axi_aclk_IBUF
    BUFGCTRL_X0Y0        BUFG (Prop_bufg_I_O)         0.029     1.224 r  s_axi_aclk_IBUF_BUFG_inst/O
                         net (fo=1465, routed)        0.827     2.051    systolic_controller_instance/systolic_array_2d_instance/ARRAY_ROWS[3].ARRAY_COLUMNS[3].pe_systolic_cell_instance/s_axi_aclk_IBUF_BUFG
    SLICE_X33Y53         FDCE                                         r  systolic_controller_instance/systolic_array_2d_instance/ARRAY_ROWS[3].ARRAY_COLUMNS[3].pe_systolic_cell_instance/a_valid_register_reg/C
                         clock pessimism             -0.503     1.548    
    SLICE_X33Y53         FDCE (Hold_fdce_C_D)         0.091     1.639    systolic_controller_instance/systolic_array_2d_instance/ARRAY_ROWS[3].ARRAY_COLUMNS[3].pe_systolic_cell_instance/a_valid_register_reg
  -------------------------------------------------------------------
                         required time                         -1.639    
                         arrival time                           1.838    
  -------------------------------------------------------------------
                         slack                                  0.199    

Slack (MET) :             0.202ns  (arrival time - required time)
  Source:                 dnn_scheduler_instance/FSM_onehot_scheduler_state_reg[6]/C
                            (rising edge-triggered cell FDRE clocked by s_axi_aclk  {rise@0.000ns fall@5.000ns period=10.000ns})
  Destination:            dnn_scheduler_instance/FSM_onehot_scheduler_state_reg[3]/D
                            (rising edge-triggered cell FDRE clocked by s_axi_aclk  {rise@0.000ns fall@5.000ns period=10.000ns})
  Path Group:             s_axi_aclk
  Path Type:              Hold (Min at Fast Process Corner)
  Requirement:            0.000ns  (s_axi_aclk rise@0.000ns - s_axi_aclk rise@0.000ns)
  Data Path Delay:        0.550ns  (logic 0.186ns (33.837%)  route 0.364ns (66.163%))
  Logic Levels:           1  (LUT6=1)
  Clock Path Skew:        0.256ns (DCD - SCD - CPR)
    Destination Clock Delay (DCD):    2.034ns
    Source Clock Delay      (SCD):    1.524ns
    Clock Pessimism Removal (CPR):    0.254ns

    Location             Delay type                Incr(ns)  Path(ns)    Netlist Resource(s)
  -------------------------------------------------------------------    -------------------
                         (clock s_axi_aclk rise edge)
                                                      0.000     0.000 r  
    U7                                                0.000     0.000 r  s_axi_aclk (IN)
                         net (fo=0)                   0.000     0.000    s_axi_aclk
    U7                   IBUF (Prop_ibuf_I_O)         0.286     0.286 r  s_axi_aclk_IBUF_inst/O
                         net (fo=1, routed)           0.663     0.949    s_axi_aclk_IBUF
    BUFGCTRL_X0Y0        BUFG (Prop_bufg_I_O)         0.026     0.975 r  s_axi_aclk_IBUF_BUFG_inst/O
                         net (fo=1465, routed)        0.549     1.524    dnn_scheduler_instance/s_axi_aclk_IBUF_BUFG
    SLICE_X48Y27         FDRE                                         r  dnn_scheduler_instance/FSM_onehot_scheduler_state_reg[6]/C
  -------------------------------------------------------------------    -------------------
    SLICE_X48Y27         FDRE (Prop_fdre_C_Q)         0.141     1.665 r  dnn_scheduler_instance/FSM_onehot_scheduler_state_reg[6]/Q
                         net (fo=9, routed)           0.364     2.029    dnn_scheduler_instance/FSM_onehot_scheduler_state_reg_n_0_[6]
    SLICE_X52Y27         LUT6 (Prop_lut6_I4_O)        0.045     2.074 r  dnn_scheduler_instance/FSM_onehot_scheduler_state[3]_i_1/O
                         net (fo=1, routed)           0.000     2.074    dnn_scheduler_instance/FSM_onehot_scheduler_state[3]_i_1_n_0
    SLICE_X52Y27         FDRE                                         r  dnn_scheduler_instance/FSM_onehot_scheduler_state_reg[3]/D
  -------------------------------------------------------------------    -------------------

                         (clock s_axi_aclk rise edge)
                                                      0.000     0.000 r  
    U7                                                0.000     0.000 r  s_axi_aclk (IN)
                         net (fo=0)                   0.000     0.000    s_axi_aclk
    U7                   IBUF (Prop_ibuf_I_O)         0.476     0.476 r  s_axi_aclk_IBUF_inst/O
                         net (fo=1, routed)           0.719     1.195    s_axi_aclk_IBUF
    BUFGCTRL_X0Y0        BUFG (Prop_bufg_I_O)         0.029     1.224 r  s_axi_aclk_IBUF_BUFG_inst/O
                         net (fo=1465, routed)        0.810     2.034    dnn_scheduler_instance/s_axi_aclk_IBUF_BUFG
    SLICE_X52Y27         FDRE                                         r  dnn_scheduler_instance/FSM_onehot_scheduler_state_reg[3]/C
                         clock pessimism             -0.254     1.780    
    SLICE_X52Y27         FDRE (Hold_fdre_C_D)         0.091     1.871    dnn_scheduler_instance/FSM_onehot_scheduler_state_reg[3]
  -------------------------------------------------------------------
                         required time                         -1.871    
                         arrival time                           2.074    
  -------------------------------------------------------------------
                         slack                                  0.202    





Pulse Width Checks
--------------------------------------------------------------------------------------
Clock Name:         s_axi_aclk
Waveform(ns):       { 0.000 5.000 }
Period(ns):         10.000
Sources:            { s_axi_aclk }

Check Type        Corner  Lib Pin             Reference Pin  Required(ns)  Actual(ns)  Slack(ns)  Location       Pin
Min Period        n/a     RAMB18E1/CLKARDCLK  n/a            2.944         10.000      7.056      RAMB18_X0Y8    unified_buffer_instance/memory_bank_0_reg/CLKARDCLK
Min Period        n/a     RAMB18E1/CLKARDCLK  n/a            2.944         10.000      7.056      RAMB18_X1Y10   unified_buffer_instance/memory_bank_1_reg/CLKARDCLK
Min Period        n/a     RAMB18E1/CLKARDCLK  n/a            2.944         10.000      7.056      RAMB18_X0Y10   unified_buffer_instance/memory_bank_2_reg/CLKARDCLK
Min Period        n/a     RAMB18E1/CLKARDCLK  n/a            2.944         10.000      7.056      RAMB18_X0Y9    unified_buffer_instance/memory_bank_3_reg/CLKARDCLK
Min Period        n/a     RAMB18E1/CLKARDCLK  n/a            2.944         10.000      7.056      RAMB18_X0Y11   unified_buffer_instance/memory_bank_4_reg/CLKARDCLK
Min Period        n/a     RAMB18E1/CLKBWRCLK  n/a            2.576         10.000      7.424      RAMB18_X0Y8    unified_buffer_instance/memory_bank_0_reg/CLKBWRCLK
Min Period        n/a     RAMB18E1/CLKBWRCLK  n/a            2.576         10.000      7.424      RAMB18_X1Y10   unified_buffer_instance/memory_bank_1_reg/CLKBWRCLK
Min Period        n/a     RAMB18E1/CLKBWRCLK  n/a            2.576         10.000      7.424      RAMB18_X0Y10   unified_buffer_instance/memory_bank_2_reg/CLKBWRCLK
Min Period        n/a     RAMB18E1/CLKBWRCLK  n/a            2.576         10.000      7.424      RAMB18_X0Y9    unified_buffer_instance/memory_bank_3_reg/CLKBWRCLK
Min Period        n/a     RAMB18E1/CLKBWRCLK  n/a            2.576         10.000      7.424      RAMB18_X0Y11   unified_buffer_instance/memory_bank_4_reg/CLKBWRCLK
Min Period        n/a     BUFG/I              n/a            2.155         10.000      7.845      BUFGCTRL_X0Y0  s_axi_aclk_IBUF_BUFG_inst/I
Min Period        n/a     FDRE/C              n/a            1.000         10.000      9.000      SLICE_X32Y25   activation_column_pipeline_reg[0]/C
Min Period        n/a     FDRE/C              n/a            1.000         10.000      9.000      SLICE_X32Y25   activation_column_pipeline_reg[1]/C
Min Period        n/a     FDRE/C              n/a            1.000         10.000      9.000      SLICE_X32Y25   activation_column_pipeline_reg[2]/C
Min Period        n/a     FDRE/C              n/a            1.000         10.000      9.000      SLICE_X16Y30   activation_unit_instance/activation_data_reg[0]/C
Min Period        n/a     FDRE/C              n/a            1.000         10.000      9.000      SLICE_X15Y28   activation_unit_instance/activation_data_reg[10]/C
Min Period        n/a     FDRE/C              n/a            1.000         10.000      9.000      SLICE_X14Y29   activation_unit_instance/activation_data_reg[11]/C
Min Period        n/a     FDRE/C              n/a            1.000         10.000      9.000      SLICE_X14Y28   activation_unit_instance/activation_data_reg[12]/C
Min Period        n/a     FDRE/C              n/a            1.000         10.000      9.000      SLICE_X15Y29   activation_unit_instance/activation_data_reg[13]/C
Min Period        n/a     FDRE/C              n/a            1.000         10.000      9.000      SLICE_X15Y29   activation_unit_instance/activation_data_reg[14]/C
Low Pulse Width   Slow    FDRE/C              n/a            0.500         5.000       4.500      SLICE_X32Y25   activation_column_pipeline_reg[0]/C
Low Pulse Width   Fast    FDRE/C              n/a            0.500         5.000       4.500      SLICE_X32Y25   activation_column_pipeline_reg[0]/C
Low Pulse Width   Slow    FDRE/C              n/a            0.500         5.000       4.500      SLICE_X32Y25   activation_column_pipeline_reg[1]/C
Low Pulse Width   Fast    FDRE/C              n/a            0.500         5.000       4.500      SLICE_X32Y25   activation_column_pipeline_reg[1]/C
Low Pulse Width   Slow    FDRE/C              n/a            0.500         5.000       4.500      SLICE_X32Y25   activation_column_pipeline_reg[2]/C
Low Pulse Width   Fast    FDRE/C              n/a            0.500         5.000       4.500      SLICE_X32Y25   activation_column_pipeline_reg[2]/C
Low Pulse Width   Slow    FDRE/C              n/a            0.500         5.000       4.500      SLICE_X16Y30   activation_unit_instance/activation_data_reg[0]/C
Low Pulse Width   Fast    FDRE/C              n/a            0.500         5.000       4.500      SLICE_X16Y30   activation_unit_instance/activation_data_reg[0]/C
Low Pulse Width   Slow    FDRE/C              n/a            0.500         5.000       4.500      SLICE_X15Y28   activation_unit_instance/activation_data_reg[10]/C
Low Pulse Width   Fast    FDRE/C              n/a            0.500         5.000       4.500      SLICE_X15Y28   activation_unit_instance/activation_data_reg[10]/C
Low Pulse Width   Slow    FDRE/C              n/a            0.500         5.000       4.500      SLICE_X14Y29   activation_unit_instance/activation_data_reg[11]/C
Low Pulse Width   Fast    FDRE/C              n/a            0.500         5.000       4.500      SLICE_X14Y29   activation_unit_instance/activation_data_reg[11]/C
Low Pulse Width   Slow    FDRE/C              n/a            0.500         5.000       4.500      SLICE_X14Y28   activation_unit_instance/activation_data_reg[12]/C
Low Pulse Width   Fast    FDRE/C              n/a            0.500         5.000       4.500      SLICE_X14Y28   activation_unit_instance/activation_data_reg[12]/C
Low Pulse Width   Slow    FDRE/C              n/a            0.500         5.000       4.500      SLICE_X15Y29   activation_unit_instance/activation_data_reg[13]/C
Low Pulse Width   Fast    FDRE/C              n/a            0.500         5.000       4.500      SLICE_X15Y29   activation_unit_instance/activation_data_reg[13]/C
Low Pulse Width   Slow    FDRE/C              n/a            0.500         5.000       4.500      SLICE_X15Y29   activation_unit_instance/activation_data_reg[14]/C
Low Pulse Width   Fast    FDRE/C              n/a            0.500         5.000       4.500      SLICE_X15Y29   activation_unit_instance/activation_data_reg[14]/C
Low Pulse Width   Slow    FDRE/C              n/a            0.500         5.000       4.500      SLICE_X10Y32   activation_unit_instance/activation_data_reg[16]/C
Low Pulse Width   Fast    FDRE/C              n/a            0.500         5.000       4.500      SLICE_X10Y32   activation_unit_instance/activation_data_reg[16]/C
High Pulse Width  Slow    FDRE/C              n/a            0.500         5.000       4.500      SLICE_X32Y25   activation_column_pipeline_reg[0]/C
High Pulse Width  Fast    FDRE/C              n/a            0.500         5.000       4.500      SLICE_X32Y25   activation_column_pipeline_reg[0]/C
High Pulse Width  Slow    FDRE/C              n/a            0.500         5.000       4.500      SLICE_X32Y25   activation_column_pipeline_reg[1]/C
High Pulse Width  Fast    FDRE/C              n/a            0.500         5.000       4.500      SLICE_X32Y25   activation_column_pipeline_reg[1]/C
High Pulse Width  Slow    FDRE/C              n/a            0.500         5.000       4.500      SLICE_X32Y25   activation_column_pipeline_reg[2]/C
High Pulse Width  Fast    FDRE/C              n/a            0.500         5.000       4.500      SLICE_X32Y25   activation_column_pipeline_reg[2]/C
High Pulse Width  Slow    FDRE/C              n/a            0.500         5.000       4.500      SLICE_X16Y30   activation_unit_instance/activation_data_reg[0]/C
High Pulse Width  Fast    FDRE/C              n/a            0.500         5.000       4.500      SLICE_X16Y30   activation_unit_instance/activation_data_reg[0]/C
High Pulse Width  Slow    FDRE/C              n/a            0.500         5.000       4.500      SLICE_X15Y28   activation_unit_instance/activation_data_reg[10]/C
High Pulse Width  Fast    FDRE/C              n/a            0.500         5.000       4.500      SLICE_X15Y28   activation_unit_instance/activation_data_reg[10]/C
High Pulse Width  Slow    FDRE/C              n/a            0.500         5.000       4.500      SLICE_X14Y29   activation_unit_instance/activation_data_reg[11]/C
High Pulse Width  Fast    FDRE/C              n/a            0.500         5.000       4.500      SLICE_X14Y29   activation_unit_instance/activation_data_reg[11]/C
High Pulse Width  Slow    FDRE/C              n/a            0.500         5.000       4.500      SLICE_X14Y28   activation_unit_instance/activation_data_reg[12]/C
High Pulse Width  Fast    FDRE/C              n/a            0.500         5.000       4.500      SLICE_X14Y28   activation_unit_instance/activation_data_reg[12]/C
High Pulse Width  Slow    FDRE/C              n/a            0.500         5.000       4.500      SLICE_X15Y29   activation_unit_instance/activation_data_reg[13]/C
High Pulse Width  Fast    FDRE/C              n/a            0.500         5.000       4.500      SLICE_X15Y29   activation_unit_instance/activation_data_reg[13]/C
High Pulse Width  Slow    FDRE/C              n/a            0.500         5.000       4.500      SLICE_X15Y29   activation_unit_instance/activation_data_reg[14]/C
High Pulse Width  Fast    FDRE/C              n/a            0.500         5.000       4.500      SLICE_X15Y29   activation_unit_instance/activation_data_reg[14]/C
High Pulse Width  Slow    FDRE/C              n/a            0.500         5.000       4.500      SLICE_X10Y32   activation_unit_instance/activation_data_reg[16]/C
High Pulse Width  Fast    FDRE/C              n/a            0.500         5.000       4.500      SLICE_X10Y32   activation_unit_instance/activation_data_reg[16]/C



