Copyright 1986-2022 Xilinx, Inc. All Rights Reserved.
---------------------------------------------------------------------------------------------------------------------------------------------------------------------------------
| Tool Version : Vivado v.2022.1 (win64) Build 3526262 Mon Apr 18 15:48:16 MDT 2022
| Date         : Sat Sep 19 17:28:45 2026
| Host         : BOOK-P2O9FRPHFQ running 64-bit major release  (build 9200)
| Command      : report_timing -delay_type max -max_paths 20 -file C:/Users/iuhj0/Eddie/rag_db_project/artifacts/implementation/optimized_accelerator/run_004/critical_paths.rpt
| Design       : zyNet
| Device       : 7z020-clg400
| Speed File   : -1  PRODUCTION 1.12 2019-11-22
---------------------------------------------------------------------------------------------------------------------------------------------------------------------------------

Timing Report

Slack (MET) :             0.120ns  (required time - arrival time)
  Source:                 dnn_scheduler_instance/activation_column_reg[1]_rep/C
                            (rising edge-triggered cell FDRE clocked by s_axi_aclk  {rise@0.000ns fall@5.000ns period=10.000ns})
  Destination:            activation_unit_instance/activation_data_reg[32]/D
                            (rising edge-triggered cell FDRE clocked by s_axi_aclk  {rise@0.000ns fall@5.000ns period=10.000ns})
  Path Group:             s_axi_aclk
  Path Type:              Setup (Max at Slow Process Corner)
  Requirement:            10.000ns  (s_axi_aclk rise@10.000ns - s_axi_aclk rise@0.000ns)
  Data Path Delay:        9.892ns  (logic 3.576ns (36.149%)  route 6.316ns (63.851%))
  Logic Levels:           12  (CARRY4=5 LUT2=1 LUT3=1 LUT5=1 LUT6=3 MUXF7=1)
  Clock Path Skew:        -0.065ns (DCD - SCD + CPR)
    Destination Clock Delay (DCD):    4.659ns = ( 14.659 - 10.000 ) 
    Source Clock Delay      (SCD):    5.183ns
    Clock Pessimism Removal (CPR):    0.458ns
  Clock Uncertainty:      0.035ns  ((TSJ^2 + TIJ^2)^1/2 + DJ) / 2 + PE
    Total System Jitter     (TSJ):    0.071ns
    Total Input Jitter      (TIJ):    0.000ns
    Discrete Jitter          (DJ):    0.000ns
    Phase Error              (PE):    0.000ns

    Location             Delay type                Incr(ns)  Path(ns)    Netlist Resource(s)
  -------------------------------------------------------------------    -------------------
                         (clock s_axi_aclk rise edge)
                                                      0.000     0.000 r  
    U14                                               0.000     0.000 r  s_axi_aclk (IN)
                         net (fo=0)                   0.000     0.000    s_axi_aclk
    U14                  IBUF (Prop_ibuf_I_O)         1.075     1.075 r  s_axi_aclk_IBUF_inst/O
                         net (fo=1, routed)           2.205     3.280    s_axi_aclk_IBUF
    BUFGCTRL_X0Y16       BUFG (Prop_bufg_I_O)         0.101     3.381 r  s_axi_aclk_IBUF_BUFG_inst/O
                         net (fo=759, routed)         1.802     5.183    dnn_scheduler_instance/s_axi_aclk_IBUF_BUFG
    SLICE_X99Y43         FDRE                                         r  dnn_scheduler_instance/activation_column_reg[1]_rep/C
  -------------------------------------------------------------------    -------------------
    SLICE_X99Y43         FDRE (Prop_fdre_C_Q)         0.456     5.639 r  dnn_scheduler_instance/activation_column_reg[1]_rep/Q
                         net (fo=87, routed)          1.448     7.087    systolic_controller_instance/systolic_array_2d_instance/ARRAY_ROWS[4].ARRAY_COLUMNS[3].pe_systolic_cell_instance/mac_pe_instance/activation_data[37]_i_19
    SLICE_X100Y33        LUT6 (Prop_lut6_I2_O)        0.124     7.211 r  systolic_controller_instance/systolic_array_2d_instance/ARRAY_ROWS[4].ARRAY_COLUMNS[3].pe_systolic_cell_instance/mac_pe_instance/activation_data[37]_i_25/O
                         net (fo=2, routed)           0.312     7.523    dnn_scheduler_instance/activation_data_reg[37]_i_14_1
    SLICE_X100Y34        LUT5 (Prop_lut5_I4_O)        0.124     7.647 r  dnn_scheduler_instance/activation_data[37]_i_18/O
                         net (fo=1, routed)           0.800     8.446    dnn_scheduler_instance/selected_accumulators[113]
    SLICE_X101Y34        CARRY4 (Prop_carry4_DI[2]_CO[3])
                                                      0.398     8.844 r  dnn_scheduler_instance/activation_data_reg[37]_i_14/CO[3]
                         net (fo=1, routed)           0.000     8.844    dnn_scheduler_instance/activation_data_reg[37]_i_14_n_0
    SLICE_X101Y35        CARRY4 (Prop_carry4_CI_CO[3])
                                                      0.114     8.958 r  dnn_scheduler_instance/activation_data_reg[38]_i_13/CO[3]
                         net (fo=1, routed)           0.000     8.958    dnn_scheduler_instance/activation_data_reg[38]_i_13_n_0
    SLICE_X101Y36        CARRY4 (Prop_carry4_CI_O[1])
                                                      0.334     9.292 r  dnn_scheduler_instance/activation_data_reg[38]_i_4/O[1]
                         net (fo=4, routed)           0.924    10.217    activation_unit_instance/saturated_q5_52[9]
    SLICE_X101Y39        LUT2 (Prop_lut2_I0_O)        0.303    10.520 r  activation_unit_instance/activation_data[38]_i_38/O
                         net (fo=1, routed)           0.000    10.520    activation_unit_instance/activation_data[38]_i_38_n_0
    SLICE_X101Y39        CARRY4 (Prop_carry4_S[1]_CO[3])
                                                      0.550    11.070 r  activation_unit_instance/activation_data_reg[38]_i_8/CO[3]
                         net (fo=1, routed)           0.000    11.070    activation_unit_instance/activation_data_reg[38]_i_8_n_0
    SLICE_X101Y40        CARRY4 (Prop_carry4_CI_CO[1])
                                                      0.157    11.227 f  activation_unit_instance/activation_data_reg[38]_i_3/CO[1]
                         net (fo=16, routed)          0.945    12.172    dnn_scheduler_instance/activation_data_reg[32][0]
    SLICE_X102Y39        LUT3 (Prop_lut3_I1_O)        0.355    12.527 r  dnn_scheduler_instance/activation_data[37]_i_10/O
                         net (fo=20, routed)          1.234    13.761    activation_unit_instance/sel[2]
    SLICE_X103Y38        LUT6 (Prop_lut6_I1_O)        0.328    14.089 r  activation_unit_instance/p_0_out_inferred__3/activation_data[32]_i_6/O
                         net (fo=1, routed)           0.653    14.742    activation_unit_instance/p_0_out_inferred__3/activation_data[32]_i_6_n_0
    SLICE_X102Y38        LUT6 (Prop_lut6_I4_O)        0.124    14.866 r  activation_unit_instance/p_0_out_inferred__3/activation_data[32]_i_2/O
                         net (fo=1, routed)           0.000    14.866    activation_unit_instance/p_0_out_inferred__3/activation_data[32]_i_2_n_0
    SLICE_X102Y38        MUXF7 (Prop_muxf7_I0_O)      0.209    15.075 r  activation_unit_instance/p_0_out_inferred__3/activation_data_reg[32]_i_1/O
                         net (fo=1, routed)           0.000    15.075    activation_unit_instance/p_0_out_inferred__3/activation_data_reg[32]_i_1_n_0
    SLICE_X102Y38        FDRE                                         r  activation_unit_instance/activation_data_reg[32]/D
  -------------------------------------------------------------------    -------------------

                         (clock s_axi_aclk rise edge)
                                                     10.000    10.000 r  
    U14                                               0.000    10.000 r  s_axi_aclk (IN)
                         net (fo=0)                   0.000    10.000    s_axi_aclk
    U14                  IBUF (Prop_ibuf_I_O)         0.940    10.940 r  s_axi_aclk_IBUF_inst/O
                         net (fo=1, routed)           2.006    12.946    s_axi_aclk_IBUF
    BUFGCTRL_X0Y16       BUFG (Prop_bufg_I_O)         0.091    13.037 r  s_axi_aclk_IBUF_BUFG_inst/O
                         net (fo=759, routed)         1.622    14.659    activation_unit_instance/s_axi_aclk_IBUF_BUFG
    SLICE_X102Y38        FDRE                                         r  activation_unit_instance/activation_data_reg[32]/C
                         clock pessimism              0.458    15.118    
                         clock uncertainty           -0.035    15.082    
    SLICE_X102Y38        FDRE (Setup_fdre_C_D)        0.113    15.195    activation_unit_instance/activation_data_reg[32]
  -------------------------------------------------------------------
                         required time                         15.195    
                         arrival time                         -15.075    
  -------------------------------------------------------------------
                         slack                                  0.120    

Slack (MET) :             0.220ns  (required time - arrival time)
  Source:                 dnn_scheduler_instance/activation_column_reg[1]_rep/C
                            (rising edge-triggered cell FDRE clocked by s_axi_aclk  {rise@0.000ns fall@5.000ns period=10.000ns})
  Destination:            activation_unit_instance/activation_data_reg[26]/D
                            (rising edge-triggered cell FDRE clocked by s_axi_aclk  {rise@0.000ns fall@5.000ns period=10.000ns})
  Path Group:             s_axi_aclk
  Path Type:              Setup (Max at Slow Process Corner)
  Requirement:            10.000ns  (s_axi_aclk rise@10.000ns - s_axi_aclk rise@0.000ns)
  Data Path Delay:        9.710ns  (logic 3.700ns (38.106%)  route 6.010ns (61.894%))
  Logic Levels:           12  (CARRY4=4 LUT2=1 LUT3=1 LUT4=1 LUT5=2 LUT6=2 MUXF7=1)
  Clock Path Skew:        -0.066ns (DCD - SCD + CPR)
    Destination Clock Delay (DCD):    4.658ns = ( 14.658 - 10.000 ) 
    Source Clock Delay      (SCD):    5.183ns
    Clock Pessimism Removal (CPR):    0.458ns
  Clock Uncertainty:      0.035ns  ((TSJ^2 + TIJ^2)^1/2 + DJ) / 2 + PE
    Total System Jitter     (TSJ):    0.071ns
    Total Input Jitter      (TIJ):    0.000ns
    Discrete Jitter          (DJ):    0.000ns
    Phase Error              (PE):    0.000ns

    Location             Delay type                Incr(ns)  Path(ns)    Netlist Resource(s)
  -------------------------------------------------------------------    -------------------
                         (clock s_axi_aclk rise edge)
                                                      0.000     0.000 r  
    U14                                               0.000     0.000 r  s_axi_aclk (IN)
                         net (fo=0)                   0.000     0.000    s_axi_aclk
    U14                  IBUF (Prop_ibuf_I_O)         1.075     1.075 r  s_axi_aclk_IBUF_inst/O
                         net (fo=1, routed)           2.205     3.280    s_axi_aclk_IBUF
    BUFGCTRL_X0Y16       BUFG (Prop_bufg_I_O)         0.101     3.381 r  s_axi_aclk_IBUF_BUFG_inst/O
                         net (fo=759, routed)         1.802     5.183    dnn_scheduler_instance/s_axi_aclk_IBUF_BUFG
    SLICE_X99Y43         FDRE                                         r  dnn_scheduler_instance/activation_column_reg[1]_rep/C
  -------------------------------------------------------------------    -------------------
    SLICE_X99Y43         FDRE (Prop_fdre_C_Q)         0.456     5.639 r  dnn_scheduler_instance/activation_column_reg[1]_rep/Q
                         net (fo=87, routed)          1.140     6.778    bias_sram_instance/activation_data[38]_i_76
    SLICE_X100Y40        LUT6 (Prop_lut6_I2_O)        0.124     6.902 r  bias_sram_instance/activation_data[38]_i_95/O
                         net (fo=1, routed)           0.287     7.189    dnn_scheduler_instance/activation_data[6]_i_47
    SLICE_X99Y40         LUT5 (Prop_lut5_I4_O)        0.124     7.313 r  dnn_scheduler_instance/activation_data[38]_i_78/O
                         net (fo=5, routed)           1.051     8.365    systolic_controller_instance/systolic_array_2d_instance/ARRAY_ROWS[4].ARRAY_COLUMNS[2].pe_systolic_cell_instance/mac_pe_instance/activation_data_reg[30]_i_13_4
    SLICE_X97Y32         LUT4 (Prop_lut4_I3_O)        0.124     8.489 r  systolic_controller_instance/systolic_array_2d_instance/ARRAY_ROWS[4].ARRAY_COLUMNS[2].pe_systolic_cell_instance/mac_pe_instance/activation_data[30]_i_47/O
                         net (fo=1, routed)           0.000     8.489    systolic_controller_instance/systolic_array_2d_instance/ARRAY_ROWS[4].ARRAY_COLUMNS[2].pe_systolic_cell_instance/mac_pe_instance/activation_data[30]_i_47_n_0
    SLICE_X97Y32         CARRY4 (Prop_carry4_S[0]_CO[3])
                                                      0.532     9.021 r  systolic_controller_instance/systolic_array_2d_instance/ARRAY_ROWS[4].ARRAY_COLUMNS[2].pe_systolic_cell_instance/mac_pe_instance/activation_data_reg[30]_i_13/CO[3]
                         net (fo=1, routed)           0.000     9.021    systolic_controller_instance/systolic_array_2d_instance/ARRAY_ROWS[4].ARRAY_COLUMNS[2].pe_systolic_cell_instance/mac_pe_instance/activation_data_reg[30]_i_13_n_0
    SLICE_X97Y33         CARRY4 (Prop_carry4_CI_O[1])
                                                      0.334     9.355 r  systolic_controller_instance/systolic_array_2d_instance/ARRAY_ROWS[4].ARRAY_COLUMNS[2].pe_systolic_cell_instance/mac_pe_instance/activation_data_reg[30]_i_4/O[1]
                         net (fo=4, routed)           0.918    10.273    activation_unit_instance/activation_data_reg[30]_i_5[1]
    SLICE_X97Y36         LUT2 (Prop_lut2_I0_O)        0.303    10.576 r  activation_unit_instance/activation_data[30]_i_37/O
                         net (fo=1, routed)           0.000    10.576    activation_unit_instance/activation_data[30]_i_37_n_0
    SLICE_X97Y36         CARRY4 (Prop_carry4_S[1]_CO[3])
                                                      0.550    11.126 r  activation_unit_instance/activation_data_reg[30]_i_8/CO[3]
                         net (fo=1, routed)           0.000    11.126    activation_unit_instance/activation_data_reg[30]_i_8_n_0
    SLICE_X97Y37         CARRY4 (Prop_carry4_CI_CO[1])
                                                      0.157    11.283 f  activation_unit_instance/activation_data_reg[30]_i_3/CO[1]
                         net (fo=16, routed)          0.942    12.226    systolic_controller_instance/systolic_array_2d_instance/ARRAY_ROWS[3].ARRAY_COLUMNS[3].pe_systolic_cell_instance/mac_pe_instance/activation_data_reg[28][0]
    SLICE_X96Y39         LUT3 (Prop_lut3_I1_O)        0.329    12.555 r  systolic_controller_instance/systolic_array_2d_instance/ARRAY_ROWS[3].ARRAY_COLUMNS[3].pe_systolic_cell_instance/mac_pe_instance/activation_data[29]_i_13/O
                         net (fo=21, routed)          1.234    13.789    activation_unit_instance/activation_data_reg[28]_8
    SLICE_X95Y37         LUT6 (Prop_lut6_I0_O)        0.124    13.913 r  activation_unit_instance/p_0_out_inferred__2/activation_data[26]_i_7/O
                         net (fo=1, routed)           0.000    13.913    activation_unit_instance/p_0_out_inferred__2/activation_data[26]_i_7_n_0
    SLICE_X95Y37         MUXF7 (Prop_muxf7_I1_O)      0.245    14.158 r  activation_unit_instance/p_0_out_inferred__2/activation_data_reg[26]_i_3/O
                         net (fo=1, routed)           0.437    14.594    activation_unit_instance/p_0_out_inferred__2/activation_data_reg[26]_i_3_n_0
    SLICE_X95Y38         LUT5 (Prop_lut5_I3_O)        0.298    14.892 r  activation_unit_instance/p_0_out_inferred__2/activation_data[26]_i_1/O
                         net (fo=1, routed)           0.000    14.892    activation_unit_instance/p_0_out_inferred__2/activation_data[26]_i_1_n_0
    SLICE_X95Y38         FDRE                                         r  activation_unit_instance/activation_data_reg[26]/D
  -------------------------------------------------------------------    -------------------

                         (clock s_axi_aclk rise edge)
                                                     10.000    10.000 r  
    U14                                               0.000    10.000 r  s_axi_aclk (IN)
                         net (fo=0)                   0.000    10.000    s_axi_aclk
    U14                  IBUF (Prop_ibuf_I_O)         0.940    10.940 r  s_axi_aclk_IBUF_inst/O
                         net (fo=1, routed)           2.006    12.946    s_axi_aclk_IBUF
    BUFGCTRL_X0Y16       BUFG (Prop_bufg_I_O)         0.091    13.037 r  s_axi_aclk_IBUF_BUFG_inst/O
                         net (fo=759, routed)         1.621    14.658    activation_unit_instance/s_axi_aclk_IBUF_BUFG
    SLICE_X95Y38         FDRE                                         r  activation_unit_instance/activation_data_reg[26]/C
                         clock pessimism              0.458    15.117    
                         clock uncertainty           -0.035    15.081    
    SLICE_X95Y38         FDRE (Setup_fdre_C_D)        0.031    15.112    activation_unit_instance/activation_data_reg[26]
  -------------------------------------------------------------------
                         required time                         15.112    
                         arrival time                         -14.892    
  -------------------------------------------------------------------
                         slack                                  0.220    

Slack (MET) :             0.226ns  (required time - arrival time)
  Source:                 dnn_scheduler_instance/activation_column_reg[1]_rep/C
                            (rising edge-triggered cell FDRE clocked by s_axi_aclk  {rise@0.000ns fall@5.000ns period=10.000ns})
  Destination:            activation_unit_instance/activation_data_reg[34]/D
                            (rising edge-triggered cell FDRE clocked by s_axi_aclk  {rise@0.000ns fall@5.000ns period=10.000ns})
  Path Group:             s_axi_aclk
  Path Type:              Setup (Max at Slow Process Corner)
  Requirement:            10.000ns  (s_axi_aclk rise@10.000ns - s_axi_aclk rise@0.000ns)
  Data Path Delay:        9.703ns  (logic 3.749ns (38.636%)  route 5.954ns (61.364%))
  Logic Levels:           12  (CARRY4=5 LUT2=1 LUT3=1 LUT5=2 LUT6=2 MUXF7=1)
  Clock Path Skew:        -0.066ns (DCD - SCD + CPR)
    Destination Clock Delay (DCD):    4.658ns = ( 14.658 - 10.000 ) 
    Source Clock Delay      (SCD):    5.183ns
    Clock Pessimism Removal (CPR):    0.458ns
  Clock Uncertainty:      0.035ns  ((TSJ^2 + TIJ^2)^1/2 + DJ) / 2 + PE
    Total System Jitter     (TSJ):    0.071ns
    Total Input Jitter      (TIJ):    0.000ns
    Discrete Jitter          (DJ):    0.000ns
    Phase Error              (PE):    0.000ns

    Location             Delay type                Incr(ns)  Path(ns)    Netlist Resource(s)
  -------------------------------------------------------------------    -------------------
                         (clock s_axi_aclk rise edge)
                                                      0.000     0.000 r  
    U14                                               0.000     0.000 r  s_axi_aclk (IN)
                         net (fo=0)                   0.000     0.000    s_axi_aclk
    U14                  IBUF (Prop_ibuf_I_O)         1.075     1.075 r  s_axi_aclk_IBUF_inst/O
                         net (fo=1, routed)           2.205     3.280    s_axi_aclk_IBUF
    BUFGCTRL_X0Y16       BUFG (Prop_bufg_I_O)         0.101     3.381 r  s_axi_aclk_IBUF_BUFG_inst/O
                         net (fo=759, routed)         1.802     5.183    dnn_scheduler_instance/s_axi_aclk_IBUF_BUFG
    SLICE_X99Y43         FDRE                                         r  dnn_scheduler_instance/activation_column_reg[1]_rep/C
  -------------------------------------------------------------------    -------------------
    SLICE_X99Y43         FDRE (Prop_fdre_C_Q)         0.456     5.639 r  dnn_scheduler_instance/activation_column_reg[1]_rep/Q
                         net (fo=87, routed)          1.448     7.087    systolic_controller_instance/systolic_array_2d_instance/ARRAY_ROWS[4].ARRAY_COLUMNS[3].pe_systolic_cell_instance/mac_pe_instance/activation_data[37]_i_19
    SLICE_X100Y33        LUT6 (Prop_lut6_I2_O)        0.124     7.211 r  systolic_controller_instance/systolic_array_2d_instance/ARRAY_ROWS[4].ARRAY_COLUMNS[3].pe_systolic_cell_instance/mac_pe_instance/activation_data[37]_i_25/O
                         net (fo=2, routed)           0.312     7.523    dnn_scheduler_instance/activation_data_reg[37]_i_14_1
    SLICE_X100Y34        LUT5 (Prop_lut5_I4_O)        0.124     7.647 r  dnn_scheduler_instance/activation_data[37]_i_18/O
                         net (fo=1, routed)           0.800     8.446    dnn_scheduler_instance/selected_accumulators[113]
    SLICE_X101Y34        CARRY4 (Prop_carry4_DI[2]_CO[3])
                                                      0.398     8.844 r  dnn_scheduler_instance/activation_data_reg[37]_i_14/CO[3]
                         net (fo=1, routed)           0.000     8.844    dnn_scheduler_instance/activation_data_reg[37]_i_14_n_0
    SLICE_X101Y35        CARRY4 (Prop_carry4_CI_CO[3])
                                                      0.114     8.958 r  dnn_scheduler_instance/activation_data_reg[38]_i_13/CO[3]
                         net (fo=1, routed)           0.000     8.958    dnn_scheduler_instance/activation_data_reg[38]_i_13_n_0
    SLICE_X101Y36        CARRY4 (Prop_carry4_CI_O[1])
                                                      0.334     9.292 r  dnn_scheduler_instance/activation_data_reg[38]_i_4/O[1]
                         net (fo=4, routed)           0.924    10.217    activation_unit_instance/saturated_q5_52[9]
    SLICE_X101Y39        LUT2 (Prop_lut2_I0_O)        0.303    10.520 r  activation_unit_instance/activation_data[38]_i_38/O
                         net (fo=1, routed)           0.000    10.520    activation_unit_instance/activation_data[38]_i_38_n_0
    SLICE_X101Y39        CARRY4 (Prop_carry4_S[1]_CO[3])
                                                      0.550    11.070 r  activation_unit_instance/activation_data_reg[38]_i_8/CO[3]
                         net (fo=1, routed)           0.000    11.070    activation_unit_instance/activation_data_reg[38]_i_8_n_0
    SLICE_X101Y40        CARRY4 (Prop_carry4_CI_CO[1])
                                                      0.157    11.227 f  activation_unit_instance/activation_data_reg[38]_i_3/CO[1]
                         net (fo=16, routed)          0.945    12.172    dnn_scheduler_instance/activation_data_reg[32][0]
    SLICE_X102Y39        LUT3 (Prop_lut3_I1_O)        0.355    12.527 r  dnn_scheduler_instance/activation_data[37]_i_10/O
                         net (fo=20, routed)          1.110    13.637    activation_unit_instance/sel[2]
    SLICE_X104Y37        LUT6 (Prop_lut6_I2_O)        0.328    13.965 r  activation_unit_instance/p_0_out_inferred__3/activation_data[34]_i_4/O
                         net (fo=1, routed)           0.000    13.965    activation_unit_instance/p_0_out_inferred__3/activation_data[34]_i_4_n_0
    SLICE_X104Y37        MUXF7 (Prop_muxf7_I0_O)      0.209    14.174 r  activation_unit_instance/p_0_out_inferred__3/activation_data_reg[34]_i_2/O
                         net (fo=1, routed)           0.415    14.589    activation_unit_instance/p_0_out_inferred__3/activation_data_reg[34]_i_2_n_0
    SLICE_X103Y37        LUT5 (Prop_lut5_I0_O)        0.297    14.886 r  activation_unit_instance/p_0_out_inferred__3/activation_data[34]_i_1/O
                         net (fo=1, routed)           0.000    14.886    activation_unit_instance/p_0_out_inferred__3/activation_data[34]_i_1_n_0
    SLICE_X103Y37        FDRE                                         r  activation_unit_instance/activation_data_reg[34]/D
  -------------------------------------------------------------------    -------------------

                         (clock s_axi_aclk rise edge)
                                                     10.000    10.000 r  
    U14                                               0.000    10.000 r  s_axi_aclk (IN)
                         net (fo=0)                   0.000    10.000    s_axi_aclk
    U14                  IBUF (Prop_ibuf_I_O)         0.940    10.940 r  s_axi_aclk_IBUF_inst/O
                         net (fo=1, routed)           2.006    12.946    s_axi_aclk_IBUF
    BUFGCTRL_X0Y16       BUFG (Prop_bufg_I_O)         0.091    13.037 r  s_axi_aclk_IBUF_BUFG_inst/O
                         net (fo=759, routed)         1.621    14.658    activation_unit_instance/s_axi_aclk_IBUF_BUFG
    SLICE_X103Y37        FDRE                                         r  activation_unit_instance/activation_data_reg[34]/C
                         clock pessimism              0.458    15.117    
                         clock uncertainty           -0.035    15.081    
    SLICE_X103Y37        FDRE (Setup_fdre_C_D)        0.031    15.112    activation_unit_instance/activation_data_reg[34]
  -------------------------------------------------------------------
                         required time                         15.112    
                         arrival time                         -14.886    
  -------------------------------------------------------------------
                         slack                                  0.226    

Slack (MET) :             0.235ns  (required time - arrival time)
  Source:                 systolic_controller_instance/systolic_array_2d_instance/ARRAY_ROWS[1].ARRAY_COLUMNS[2].pe_systolic_cell_instance/mac_pe_instance/acc_sum_reg/CLK
                            (rising edge-triggered cell DSP48E1 clocked by s_axi_aclk  {rise@0.000ns fall@5.000ns period=10.000ns})
  Destination:            activation_unit_instance/activation_data_reg[8]/D
                            (rising edge-triggered cell FDRE clocked by s_axi_aclk  {rise@0.000ns fall@5.000ns period=10.000ns})
  Path Group:             s_axi_aclk
  Path Type:              Setup (Max at Slow Process Corner)
  Requirement:            10.000ns  (s_axi_aclk rise@10.000ns - s_axi_aclk rise@0.000ns)
  Data Path Delay:        9.592ns  (logic 3.572ns (37.241%)  route 6.020ns (62.759%))
  Logic Levels:           13  (CARRY4=6 LUT2=1 LUT3=1 LUT4=1 LUT6=3 MUXF7=1)
  Clock Path Skew:        -0.251ns (DCD - SCD + CPR)
    Destination Clock Delay (DCD):    4.659ns = ( 14.659 - 10.000 ) 
    Source Clock Delay      (SCD):    5.254ns
    Clock Pessimism Removal (CPR):    0.344ns
  Clock Uncertainty:      0.035ns  ((TSJ^2 + TIJ^2)^1/2 + DJ) / 2 + PE
    Total System Jitter     (TSJ):    0.071ns
    Total Input Jitter      (TIJ):    0.000ns
    Discrete Jitter          (DJ):    0.000ns
    Phase Error              (PE):    0.000ns

    Location             Delay type                Incr(ns)  Path(ns)    Netlist Resource(s)
  -------------------------------------------------------------------    -------------------
                         (clock s_axi_aclk rise edge)
                                                      0.000     0.000 r  
    U14                                               0.000     0.000 r  s_axi_aclk (IN)
                         net (fo=0)                   0.000     0.000    s_axi_aclk
    U14                  IBUF (Prop_ibuf_I_O)         1.075     1.075 r  s_axi_aclk_IBUF_inst/O
                         net (fo=1, routed)           2.205     3.280    s_axi_aclk_IBUF
    BUFGCTRL_X0Y16       BUFG (Prop_bufg_I_O)         0.101     3.381 r  s_axi_aclk_IBUF_BUFG_inst/O
                         net (fo=759, routed)         1.874     5.254    systolic_controller_instance/systolic_array_2d_instance/ARRAY_ROWS[1].ARRAY_COLUMNS[2].pe_systolic_cell_instance/mac_pe_instance/s_axi_aclk_IBUF_BUFG
    DSP48_X3Y20          DSP48E1                                      r  systolic_controller_instance/systolic_array_2d_instance/ARRAY_ROWS[1].ARRAY_COLUMNS[2].pe_systolic_cell_instance/mac_pe_instance/acc_sum_reg/CLK
  -------------------------------------------------------------------    -------------------
    DSP48_X3Y20          DSP48E1 (Prop_dsp48e1_CLK_P[10])
                                                      0.434     5.688 r  systolic_controller_instance/systolic_array_2d_instance/ARRAY_ROWS[1].ARRAY_COLUMNS[2].pe_systolic_cell_instance/mac_pe_instance/acc_sum_reg/P[10]
                         net (fo=2, routed)           1.549     7.238    systolic_controller_instance/systolic_array_2d_instance/ARRAY_ROWS[1].ARRAY_COLUMNS[3].pe_systolic_cell_instance/mac_pe_instance/activation_data[14]_i_63_0[62]
    SLICE_X99Y49         LUT6 (Prop_lut6_I1_O)        0.124     7.362 r  systolic_controller_instance/systolic_array_2d_instance/ARRAY_ROWS[1].ARRAY_COLUMNS[3].pe_systolic_cell_instance/mac_pe_instance/activation_data[13]_i_25/O
                         net (fo=2, routed)           0.785     8.146    systolic_controller_instance/systolic_array_2d_instance/ARRAY_ROWS[2].ARRAY_COLUMNS[2].pe_systolic_cell_instance/mac_pe_instance/activation_data_reg[13]_i_14_4
    SLICE_X97Y47         LUT4 (Prop_lut4_I2_O)        0.124     8.270 r  systolic_controller_instance/systolic_array_2d_instance/ARRAY_ROWS[2].ARRAY_COLUMNS[2].pe_systolic_cell_instance/mac_pe_instance/activation_data[13]_i_20/O
                         net (fo=1, routed)           0.000     8.270    systolic_controller_instance/systolic_array_2d_instance/ARRAY_ROWS[2].ARRAY_COLUMNS[2].pe_systolic_cell_instance/mac_pe_instance/activation_data[13]_i_20_n_0
    SLICE_X97Y47         CARRY4 (Prop_carry4_S[3]_CO[3])
                                                      0.401     8.671 r  systolic_controller_instance/systolic_array_2d_instance/ARRAY_ROWS[2].ARRAY_COLUMNS[2].pe_systolic_cell_instance/mac_pe_instance/activation_data_reg[13]_i_14/CO[3]
                         net (fo=1, routed)           0.000     8.671    systolic_controller_instance/systolic_array_2d_instance/ARRAY_ROWS[2].ARRAY_COLUMNS[2].pe_systolic_cell_instance/mac_pe_instance/activation_data_reg[13]_i_14_n_0
    SLICE_X97Y48         CARRY4 (Prop_carry4_CI_CO[3])
                                                      0.114     8.785 r  systolic_controller_instance/systolic_array_2d_instance/ARRAY_ROWS[2].ARRAY_COLUMNS[2].pe_systolic_cell_instance/mac_pe_instance/activation_data_reg[14]_i_13/CO[3]
                         net (fo=1, routed)           0.000     8.785    systolic_controller_instance/systolic_array_2d_instance/ARRAY_ROWS[2].ARRAY_COLUMNS[2].pe_systolic_cell_instance/mac_pe_instance/activation_data_reg[14]_i_13_n_0
    SLICE_X97Y49         CARRY4 (Prop_carry4_CI_CO[3])
                                                      0.114     8.899 r  systolic_controller_instance/systolic_array_2d_instance/ARRAY_ROWS[2].ARRAY_COLUMNS[2].pe_systolic_cell_instance/mac_pe_instance/activation_data_reg[14]_i_4/CO[3]
                         net (fo=1, routed)           0.001     8.900    systolic_controller_instance/systolic_array_2d_instance/ARRAY_ROWS[2].ARRAY_COLUMNS[2].pe_systolic_cell_instance/mac_pe_instance/activation_data_reg[14]_i_4_n_0
    SLICE_X97Y50         CARRY4 (Prop_carry4_CI_CO[3])
                                                      0.114     9.014 r  systolic_controller_instance/systolic_array_2d_instance/ARRAY_ROWS[2].ARRAY_COLUMNS[2].pe_systolic_cell_instance/mac_pe_instance/activation_data_reg[14]_i_39/CO[3]
                         net (fo=1, routed)           0.000     9.014    systolic_controller_instance/systolic_array_2d_instance/ARRAY_ROWS[2].ARRAY_COLUMNS[2].pe_systolic_cell_instance/mac_pe_instance/activation_data_reg[14]_i_39_n_0
    SLICE_X97Y51         CARRY4 (Prop_carry4_CI_O[1])
                                                      0.334     9.348 r  systolic_controller_instance/systolic_array_2d_instance/ARRAY_ROWS[2].ARRAY_COLUMNS[2].pe_systolic_cell_instance/mac_pe_instance/activation_data_reg[14]_i_30/O[1]
                         net (fo=4, routed)           1.017    10.365    activation_unit_instance/activation_data_reg[14]_i_3_0[1]
    SLICE_X95Y48         LUT2 (Prop_lut2_I0_O)        0.303    10.668 r  activation_unit_instance/activation_data[14]_i_11/O
                         net (fo=1, routed)           0.000    10.668    activation_unit_instance/activation_data[14]_i_11_n_0
    SLICE_X95Y48         CARRY4 (Prop_carry4_S[1]_CO[1])
                                                      0.491    11.159 f  activation_unit_instance/activation_data_reg[14]_i_3/CO[1]
                         net (fo=16, routed)          0.737    11.896    systolic_controller_instance/systolic_array_2d_instance/ARRAY_ROWS[1].ARRAY_COLUMNS[3].pe_systolic_cell_instance/mac_pe_instance/activation_data_reg[12][0]
    SLICE_X94Y48         LUT3 (Prop_lut3_I1_O)        0.353    12.249 r  systolic_controller_instance/systolic_array_2d_instance/ARRAY_ROWS[1].ARRAY_COLUMNS[3].pe_systolic_cell_instance/mac_pe_instance/activation_data[13]_i_11/O
                         net (fo=20, routed)          1.231    13.480    activation_unit_instance/activation_data_reg[12]_4
    SLICE_X92Y47         LUT6 (Prop_lut6_I1_O)        0.328    13.808 r  activation_unit_instance/p_0_out_inferred__0/activation_data[8]_i_7/O
                         net (fo=1, routed)           0.700    14.508    activation_unit_instance/p_0_out_inferred__0/activation_data[8]_i_7_n_0
    SLICE_X90Y46         LUT6 (Prop_lut6_I1_O)        0.124    14.632 r  activation_unit_instance/p_0_out_inferred__0/activation_data[8]_i_3/O
                         net (fo=1, routed)           0.000    14.632    activation_unit_instance/p_0_out_inferred__0/activation_data[8]_i_3_n_0
    SLICE_X90Y46         MUXF7 (Prop_muxf7_I1_O)      0.214    14.846 r  activation_unit_instance/p_0_out_inferred__0/activation_data_reg[8]_i_1/O
                         net (fo=1, routed)           0.000    14.846    activation_unit_instance/p_0_out_inferred__0/activation_data_reg[8]_i_1_n_0
    SLICE_X90Y46         FDRE                                         r  activation_unit_instance/activation_data_reg[8]/D
  -------------------------------------------------------------------    -------------------

                         (clock s_axi_aclk rise edge)
                                                     10.000    10.000 r  
    U14                                               0.000    10.000 r  s_axi_aclk (IN)
                         net (fo=0)                   0.000    10.000    s_axi_aclk
    U14                  IBUF (Prop_ibuf_I_O)         0.940    10.940 r  s_axi_aclk_IBUF_inst/O
                         net (fo=1, routed)           2.006    12.946    s_axi_aclk_IBUF
    BUFGCTRL_X0Y16       BUFG (Prop_bufg_I_O)         0.091    13.037 r  s_axi_aclk_IBUF_BUFG_inst/O
                         net (fo=759, routed)         1.622    14.659    activation_unit_instance/s_axi_aclk_IBUF_BUFG
    SLICE_X90Y46         FDRE                                         r  activation_unit_instance/activation_data_reg[8]/C
                         clock pessimism              0.344    15.003    
                         clock uncertainty           -0.035    14.968    
    SLICE_X90Y46         FDRE (Setup_fdre_C_D)        0.113    15.081    activation_unit_instance/activation_data_reg[8]
  -------------------------------------------------------------------
                         required time                         15.081    
                         arrival time                         -14.846    
  -------------------------------------------------------------------
                         slack                                  0.235    

Slack (MET) :             0.254ns  (required time - arrival time)
  Source:                 systolic_controller_instance/systolic_array_2d_instance/ARRAY_ROWS[1].ARRAY_COLUMNS[1].pe_systolic_cell_instance/mac_pe_instance/acc_sum_reg/CLK
                            (rising edge-triggered cell DSP48E1 clocked by s_axi_aclk  {rise@0.000ns fall@5.000ns period=10.000ns})
  Destination:            activation_unit_instance/activation_data_reg[0]/D
                            (rising edge-triggered cell FDRE clocked by s_axi_aclk  {rise@0.000ns fall@5.000ns period=10.000ns})
  Path Group:             s_axi_aclk
  Path Type:              Setup (Max at Slow Process Corner)
  Requirement:            10.000ns  (s_axi_aclk rise@10.000ns - s_axi_aclk rise@0.000ns)
  Data Path Delay:        9.526ns  (logic 3.500ns (36.741%)  route 6.026ns (63.258%))
  Logic Levels:           13  (CARRY4=6 LUT2=1 LUT3=1 LUT4=1 LUT6=3 MUXF7=1)
  Clock Path Skew:        -0.249ns (DCD - SCD + CPR)
    Destination Clock Delay (DCD):    4.663ns = ( 14.663 - 10.000 ) 
    Source Clock Delay      (SCD):    5.256ns
    Clock Pessimism Removal (CPR):    0.344ns
  Clock Uncertainty:      0.035ns  ((TSJ^2 + TIJ^2)^1/2 + DJ) / 2 + PE
    Total System Jitter     (TSJ):    0.071ns
    Total Input Jitter      (TIJ):    0.000ns
    Discrete Jitter          (DJ):    0.000ns
    Phase Error              (PE):    0.000ns

    Location             Delay type                Incr(ns)  Path(ns)    Netlist Resource(s)
  -------------------------------------------------------------------    -------------------
                         (clock s_axi_aclk rise edge)
                                                      0.000     0.000 r  
    U14                                               0.000     0.000 r  s_axi_aclk (IN)
                         net (fo=0)                   0.000     0.000    s_axi_aclk
    U14                  IBUF (Prop_ibuf_I_O)         1.075     1.075 r  s_axi_aclk_IBUF_inst/O
                         net (fo=1, routed)           2.205     3.280    s_axi_aclk_IBUF
    BUFGCTRL_X0Y16       BUFG (Prop_bufg_I_O)         0.101     3.381 r  s_axi_aclk_IBUF_BUFG_inst/O
                         net (fo=759, routed)         1.876     5.256    systolic_controller_instance/systolic_array_2d_instance/ARRAY_ROWS[1].ARRAY_COLUMNS[1].pe_systolic_cell_instance/mac_pe_instance/s_axi_aclk_IBUF_BUFG
    DSP48_X4Y20          DSP48E1                                      r  systolic_controller_instance/systolic_array_2d_instance/ARRAY_ROWS[1].ARRAY_COLUMNS[1].pe_systolic_cell_instance/mac_pe_instance/acc_sum_reg/CLK
  -------------------------------------------------------------------    -------------------
    DSP48_X4Y20          DSP48E1 (Prop_dsp48e1_CLK_P[8])
                                                      0.434     5.690 r  systolic_controller_instance/systolic_array_2d_instance/ARRAY_ROWS[1].ARRAY_COLUMNS[1].pe_systolic_cell_instance/mac_pe_instance/acc_sum_reg/P[8]
                         net (fo=2, routed)           1.621     7.311    systolic_controller_instance/systolic_array_2d_instance/ARRAY_ROWS[1].ARRAY_COLUMNS[2].pe_systolic_cell_instance/mac_pe_instance/partial_sums[60]
    SLICE_X96Y43         LUT6 (Prop_lut6_I1_O)        0.124     7.435 r  systolic_controller_instance/systolic_array_2d_instance/ARRAY_ROWS[1].ARRAY_COLUMNS[2].pe_systolic_cell_instance/mac_pe_instance/activation_data[5]_i_28/O
                         net (fo=2, routed)           0.797     8.232    systolic_controller_instance/systolic_array_2d_instance/ARRAY_ROWS[1].ARRAY_COLUMNS[2].pe_systolic_cell_instance/mac_pe_instance/activation_data[5]_i_28_n_0
    SLICE_X97Y42         LUT4 (Prop_lut4_I0_O)        0.124     8.356 r  systolic_controller_instance/systolic_array_2d_instance/ARRAY_ROWS[1].ARRAY_COLUMNS[2].pe_systolic_cell_instance/mac_pe_instance/activation_data[5]_i_22/O
                         net (fo=1, routed)           0.000     8.356    systolic_controller_instance/systolic_array_2d_instance/ARRAY_ROWS[1].ARRAY_COLUMNS[2].pe_systolic_cell_instance/mac_pe_instance/activation_data[5]_i_22_n_0
    SLICE_X97Y42         CARRY4 (Prop_carry4_S[1]_CO[3])
                                                      0.550     8.906 r  systolic_controller_instance/systolic_array_2d_instance/ARRAY_ROWS[1].ARRAY_COLUMNS[2].pe_systolic_cell_instance/mac_pe_instance/activation_data_reg[5]_i_14/CO[3]
                         net (fo=1, routed)           0.000     8.906    systolic_controller_instance/systolic_array_2d_instance/ARRAY_ROWS[1].ARRAY_COLUMNS[2].pe_systolic_cell_instance/mac_pe_instance/activation_data_reg[5]_i_14_n_0
    SLICE_X97Y43         CARRY4 (Prop_carry4_CI_CO[3])
                                                      0.114     9.020 r  systolic_controller_instance/systolic_array_2d_instance/ARRAY_ROWS[1].ARRAY_COLUMNS[2].pe_systolic_cell_instance/mac_pe_instance/activation_data_reg[6]_i_13/CO[3]
                         net (fo=1, routed)           0.000     9.020    systolic_controller_instance/systolic_array_2d_instance/ARRAY_ROWS[1].ARRAY_COLUMNS[2].pe_systolic_cell_instance/mac_pe_instance/activation_data_reg[6]_i_13_n_0
    SLICE_X97Y44         CARRY4 (Prop_carry4_CI_CO[3])
                                                      0.114     9.134 r  systolic_controller_instance/systolic_array_2d_instance/ARRAY_ROWS[1].ARRAY_COLUMNS[2].pe_systolic_cell_instance/mac_pe_instance/activation_data_reg[6]_i_4/CO[3]
                         net (fo=1, routed)           0.000     9.134    systolic_controller_instance/systolic_array_2d_instance/ARRAY_ROWS[1].ARRAY_COLUMNS[2].pe_systolic_cell_instance/mac_pe_instance/activation_data_reg[6]_i_4_n_0
    SLICE_X97Y45         CARRY4 (Prop_carry4_CI_CO[3])
                                                      0.114     9.248 r  systolic_controller_instance/systolic_array_2d_instance/ARRAY_ROWS[1].ARRAY_COLUMNS[2].pe_systolic_cell_instance/mac_pe_instance/activation_data_reg[6]_i_39/CO[3]
                         net (fo=1, routed)           0.000     9.248    systolic_controller_instance/systolic_array_2d_instance/ARRAY_ROWS[1].ARRAY_COLUMNS[2].pe_systolic_cell_instance/mac_pe_instance/activation_data_reg[6]_i_39_n_0
    SLICE_X97Y46         CARRY4 (Prop_carry4_CI_O[1])
                                                      0.334     9.582 r  systolic_controller_instance/systolic_array_2d_instance/ARRAY_ROWS[1].ARRAY_COLUMNS[2].pe_systolic_cell_instance/mac_pe_instance/activation_data_reg[6]_i_30/O[1]
                         net (fo=4, routed)           0.949    10.531    activation_unit_instance/activation_data_reg[6]_i_3_0[1]
    SLICE_X96Y42         LUT2 (Prop_lut2_I0_O)        0.303    10.834 r  activation_unit_instance/activation_data[6]_i_11/O
                         net (fo=1, routed)           0.000    10.834    activation_unit_instance/activation_data[6]_i_11_n_0
    SLICE_X96Y42         CARRY4 (Prop_carry4_S[1]_CO[1])
                                                      0.492    11.326 f  activation_unit_instance/activation_data_reg[6]_i_3/CO[1]
                         net (fo=16, routed)          0.906    12.232    systolic_controller_instance/systolic_array_2d_instance/ARRAY_ROWS[0].ARRAY_COLUMNS[3].pe_systolic_cell_instance/mac_pe_instance/activation_data_reg[4][0]
    SLICE_X101Y44        LUT3 (Prop_lut3_I1_O)        0.332    12.564 r  systolic_controller_instance/systolic_array_2d_instance/ARRAY_ROWS[0].ARRAY_COLUMNS[3].pe_systolic_cell_instance/mac_pe_instance/activation_data[5]_i_12/O
                         net (fo=21, routed)          1.140    13.704    activation_unit_instance/activation_data_reg[4]_3
    SLICE_X103Y44        LUT6 (Prop_lut6_I0_O)        0.124    13.828 r  activation_unit_instance/activation_data[0]_i_7/O
                         net (fo=1, routed)           0.613    14.441    activation_unit_instance/activation_data[0]_i_7_n_0
    SLICE_X105Y44        LUT6 (Prop_lut6_I1_O)        0.124    14.565 r  activation_unit_instance/activation_data[0]_i_3/O
                         net (fo=1, routed)           0.000    14.565    activation_unit_instance/activation_data[0]_i_3_n_0
    SLICE_X105Y44        MUXF7 (Prop_muxf7_I1_O)      0.217    14.782 r  activation_unit_instance/activation_data_reg[0]_i_1/O
                         net (fo=1, routed)           0.000    14.782    activation_unit_instance/p_0_out[0]
    SLICE_X105Y44        FDRE                                         r  activation_unit_instance/activation_data_reg[0]/D
  -------------------------------------------------------------------    -------------------

                         (clock s_axi_aclk rise edge)
                                                     10.000    10.000 r  
    U14                                               0.000    10.000 r  s_axi_aclk (IN)
                         net (fo=0)                   0.000    10.000    s_axi_aclk
    U14                  IBUF (Prop_ibuf_I_O)         0.940    10.940 r  s_axi_aclk_IBUF_inst/O
                         net (fo=1, routed)           2.006    12.946    s_axi_aclk_IBUF
    BUFGCTRL_X0Y16       BUFG (Prop_bufg_I_O)         0.091    13.037 r  s_axi_aclk_IBUF_BUFG_inst/O
                         net (fo=759, routed)         1.626    14.663    activation_unit_instance/s_axi_aclk_IBUF_BUFG
    SLICE_X105Y44        FDRE                                         r  activation_unit_instance/activation_data_reg[0]/C
                         clock pessimism              0.344    15.007    
                         clock uncertainty           -0.035    14.972    
    SLICE_X105Y44        FDRE (Setup_fdre_C_D)        0.064    15.036    activation_unit_instance/activation_data_reg[0]
  -------------------------------------------------------------------
                         required time                         15.036    
                         arrival time                         -14.782    
  -------------------------------------------------------------------
                         slack                                  0.254    

Slack (MET) :             0.321ns  (required time - arrival time)
  Source:                 systolic_controller_instance/systolic_array_2d_instance/ARRAY_ROWS[1].ARRAY_COLUMNS[1].pe_systolic_cell_instance/mac_pe_instance/acc_sum_reg/CLK
                            (rising edge-triggered cell DSP48E1 clocked by s_axi_aclk  {rise@0.000ns fall@5.000ns period=10.000ns})
  Destination:            activation_unit_instance/activation_data_reg[1]/D
                            (rising edge-triggered cell FDRE clocked by s_axi_aclk  {rise@0.000ns fall@5.000ns period=10.000ns})
  Path Group:             s_axi_aclk
  Path Type:              Setup (Max at Slow Process Corner)
  Requirement:            10.000ns  (s_axi_aclk rise@10.000ns - s_axi_aclk rise@0.000ns)
  Data Path Delay:        9.507ns  (logic 3.492ns (36.731%)  route 6.015ns (63.268%))
  Logic Levels:           13  (CARRY4=6 LUT2=1 LUT4=1 LUT5=1 LUT6=3 MUXF7=1)
  Clock Path Skew:        -0.250ns (DCD - SCD + CPR)
    Destination Clock Delay (DCD):    4.662ns = ( 14.662 - 10.000 ) 
    Source Clock Delay      (SCD):    5.256ns
    Clock Pessimism Removal (CPR):    0.344ns
  Clock Uncertainty:      0.035ns  ((TSJ^2 + TIJ^2)^1/2 + DJ) / 2 + PE
    Total System Jitter     (TSJ):    0.071ns
    Total Input Jitter      (TIJ):    0.000ns
    Discrete Jitter          (DJ):    0.000ns
    Phase Error              (PE):    0.000ns

    Location             Delay type                Incr(ns)  Path(ns)    Netlist Resource(s)
  -------------------------------------------------------------------    -------------------
                         (clock s_axi_aclk rise edge)
                                                      0.000     0.000 r  
    U14                                               0.000     0.000 r  s_axi_aclk (IN)
                         net (fo=0)                   0.000     0.000    s_axi_aclk
    U14                  IBUF (Prop_ibuf_I_O)         1.075     1.075 r  s_axi_aclk_IBUF_inst/O
                         net (fo=1, routed)           2.205     3.280    s_axi_aclk_IBUF
    BUFGCTRL_X0Y16       BUFG (Prop_bufg_I_O)         0.101     3.381 r  s_axi_aclk_IBUF_BUFG_inst/O
                         net (fo=759, routed)         1.876     5.256    systolic_controller_instance/systolic_array_2d_instance/ARRAY_ROWS[1].ARRAY_COLUMNS[1].pe_systolic_cell_instance/mac_pe_instance/s_axi_aclk_IBUF_BUFG
    DSP48_X4Y20          DSP48E1                                      r  systolic_controller_instance/systolic_array_2d_instance/ARRAY_ROWS[1].ARRAY_COLUMNS[1].pe_systolic_cell_instance/mac_pe_instance/acc_sum_reg/CLK
  -------------------------------------------------------------------    -------------------
    DSP48_X4Y20          DSP48E1 (Prop_dsp48e1_CLK_P[8])
                                                      0.434     5.690 r  systolic_controller_instance/systolic_array_2d_instance/ARRAY_ROWS[1].ARRAY_COLUMNS[1].pe_systolic_cell_instance/mac_pe_instance/acc_sum_reg/P[8]
                         net (fo=2, routed)           1.621     7.311    systolic_controller_instance/systolic_array_2d_instance/ARRAY_ROWS[1].ARRAY_COLUMNS[2].pe_systolic_cell_instance/mac_pe_instance/partial_sums[60]
    SLICE_X96Y43         LUT6 (Prop_lut6_I1_O)        0.124     7.435 r  systolic_controller_instance/systolic_array_2d_instance/ARRAY_ROWS[1].ARRAY_COLUMNS[2].pe_systolic_cell_instance/mac_pe_instance/activation_data[5]_i_28/O
                         net (fo=2, routed)           0.797     8.232    systolic_controller_instance/systolic_array_2d_instance/ARRAY_ROWS[1].ARRAY_COLUMNS[2].pe_systolic_cell_instance/mac_pe_instance/activation_data[5]_i_28_n_0
    SLICE_X97Y42         LUT4 (Prop_lut4_I0_O)        0.124     8.356 r  systolic_controller_instance/systolic_array_2d_instance/ARRAY_ROWS[1].ARRAY_COLUMNS[2].pe_systolic_cell_instance/mac_pe_instance/activation_data[5]_i_22/O
                         net (fo=1, routed)           0.000     8.356    systolic_controller_instance/systolic_array_2d_instance/ARRAY_ROWS[1].ARRAY_COLUMNS[2].pe_systolic_cell_instance/mac_pe_instance/activation_data[5]_i_22_n_0
    SLICE_X97Y42         CARRY4 (Prop_carry4_S[1]_CO[3])
                                                      0.550     8.906 r  systolic_controller_instance/systolic_array_2d_instance/ARRAY_ROWS[1].ARRAY_COLUMNS[2].pe_systolic_cell_instance/mac_pe_instance/activation_data_reg[5]_i_14/CO[3]
                         net (fo=1, routed)           0.000     8.906    systolic_controller_instance/systolic_array_2d_instance/ARRAY_ROWS[1].ARRAY_COLUMNS[2].pe_systolic_cell_instance/mac_pe_instance/activation_data_reg[5]_i_14_n_0
    SLICE_X97Y43         CARRY4 (Prop_carry4_CI_CO[3])
                                                      0.114     9.020 r  systolic_controller_instance/systolic_array_2d_instance/ARRAY_ROWS[1].ARRAY_COLUMNS[2].pe_systolic_cell_instance/mac_pe_instance/activation_data_reg[6]_i_13/CO[3]
                         net (fo=1, routed)           0.000     9.020    systolic_controller_instance/systolic_array_2d_instance/ARRAY_ROWS[1].ARRAY_COLUMNS[2].pe_systolic_cell_instance/mac_pe_instance/activation_data_reg[6]_i_13_n_0
    SLICE_X97Y44         CARRY4 (Prop_carry4_CI_CO[3])
                                                      0.114     9.134 r  systolic_controller_instance/systolic_array_2d_instance/ARRAY_ROWS[1].ARRAY_COLUMNS[2].pe_systolic_cell_instance/mac_pe_instance/activation_data_reg[6]_i_4/CO[3]
                         net (fo=1, routed)           0.000     9.134    systolic_controller_instance/systolic_array_2d_instance/ARRAY_ROWS[1].ARRAY_COLUMNS[2].pe_systolic_cell_instance/mac_pe_instance/activation_data_reg[6]_i_4_n_0
    SLICE_X97Y45         CARRY4 (Prop_carry4_CI_CO[3])
                                                      0.114     9.248 r  systolic_controller_instance/systolic_array_2d_instance/ARRAY_ROWS[1].ARRAY_COLUMNS[2].pe_systolic_cell_instance/mac_pe_instance/activation_data_reg[6]_i_39/CO[3]
                         net (fo=1, routed)           0.000     9.248    systolic_controller_instance/systolic_array_2d_instance/ARRAY_ROWS[1].ARRAY_COLUMNS[2].pe_systolic_cell_instance/mac_pe_instance/activation_data_reg[6]_i_39_n_0
    SLICE_X97Y46         CARRY4 (Prop_carry4_CI_O[1])
                                                      0.334     9.582 r  systolic_controller_instance/systolic_array_2d_instance/ARRAY_ROWS[1].ARRAY_COLUMNS[2].pe_systolic_cell_instance/mac_pe_instance/activation_data_reg[6]_i_30/O[1]
                         net (fo=4, routed)           0.949    10.531    activation_unit_instance/activation_data_reg[6]_i_3_0[1]
    SLICE_X96Y42         LUT2 (Prop_lut2_I0_O)        0.303    10.834 r  activation_unit_instance/activation_data[6]_i_11/O
                         net (fo=1, routed)           0.000    10.834    activation_unit_instance/activation_data[6]_i_11_n_0
    SLICE_X96Y42         CARRY4 (Prop_carry4_S[1]_CO[1])
                                                      0.492    11.326 f  activation_unit_instance/activation_data_reg[6]_i_3/CO[1]
                         net (fo=16, routed)          0.718    12.045    systolic_controller_instance/systolic_array_2d_instance/ARRAY_ROWS[0].ARRAY_COLUMNS[3].pe_systolic_cell_instance/mac_pe_instance/activation_data_reg[4][0]
    SLICE_X98Y44         LUT5 (Prop_lut5_I1_O)        0.332    12.377 r  systolic_controller_instance/systolic_array_2d_instance/ARRAY_ROWS[0].ARRAY_COLUMNS[3].pe_systolic_cell_instance/mac_pe_instance/activation_data[5]_i_9/O
                         net (fo=21, routed)          1.259    13.636    activation_unit_instance/activation_data_reg[4]_6
    SLICE_X102Y45        LUT6 (Prop_lut6_I2_O)        0.124    13.760 r  activation_unit_instance/activation_data[1]_i_5/O
                         net (fo=1, routed)           0.670    14.430    activation_unit_instance/activation_data[1]_i_5_n_0
    SLICE_X102Y45        LUT6 (Prop_lut6_I2_O)        0.124    14.554 r  activation_unit_instance/activation_data[1]_i_2/O
                         net (fo=1, routed)           0.000    14.554    activation_unit_instance/activation_data[1]_i_2_n_0
    SLICE_X102Y45        MUXF7 (Prop_muxf7_I0_O)      0.209    14.763 r  activation_unit_instance/activation_data_reg[1]_i_1/O
                         net (fo=1, routed)           0.000    14.763    activation_unit_instance/p_0_out[1]
    SLICE_X102Y45        FDRE                                         r  activation_unit_instance/activation_data_reg[1]/D
  -------------------------------------------------------------------    -------------------

                         (clock s_axi_aclk rise edge)
                                                     10.000    10.000 r  
    U14                                               0.000    10.000 r  s_axi_aclk (IN)
                         net (fo=0)                   0.000    10.000    s_axi_aclk
    U14                  IBUF (Prop_ibuf_I_O)         0.940    10.940 r  s_axi_aclk_IBUF_inst/O
                         net (fo=1, routed)           2.006    12.946    s_axi_aclk_IBUF
    BUFGCTRL_X0Y16       BUFG (Prop_bufg_I_O)         0.091    13.037 r  s_axi_aclk_IBUF_BUFG_inst/O
                         net (fo=759, routed)         1.625    14.662    activation_unit_instance/s_axi_aclk_IBUF_BUFG
    SLICE_X102Y45        FDRE                                         r  activation_unit_instance/activation_data_reg[1]/C
                         clock pessimism              0.344    15.006    
                         clock uncertainty           -0.035    14.971    
    SLICE_X102Y45        FDRE (Setup_fdre_C_D)        0.113    15.084    activation_unit_instance/activation_data_reg[1]
  -------------------------------------------------------------------
                         required time                         15.084    
                         arrival time                         -14.763    
  -------------------------------------------------------------------
                         slack                                  0.321    

Slack (MET) :             0.355ns  (required time - arrival time)
  Source:                 systolic_controller_instance/systolic_array_2d_instance/ARRAY_ROWS[1].ARRAY_COLUMNS[1].pe_systolic_cell_instance/mac_pe_instance/acc_sum_reg/CLK
                            (rising edge-triggered cell DSP48E1 clocked by s_axi_aclk  {rise@0.000ns fall@5.000ns period=10.000ns})
  Destination:            activation_unit_instance/activation_data_reg[3]/D
                            (rising edge-triggered cell FDRE clocked by s_axi_aclk  {rise@0.000ns fall@5.000ns period=10.000ns})
  Path Group:             s_axi_aclk
  Path Type:              Setup (Max at Slow Process Corner)
  Requirement:            10.000ns  (s_axi_aclk rise@10.000ns - s_axi_aclk rise@0.000ns)
  Data Path Delay:        9.391ns  (logic 3.759ns (40.028%)  route 5.632ns (59.972%))
  Logic Levels:           13  (CARRY4=6 LUT2=1 LUT3=1 LUT4=1 LUT5=1 LUT6=2 MUXF7=1)
  Clock Path Skew:        -0.250ns (DCD - SCD + CPR)
    Destination Clock Delay (DCD):    4.662ns = ( 14.662 - 10.000 ) 
    Source Clock Delay      (SCD):    5.256ns
    Clock Pessimism Removal (CPR):    0.344ns
  Clock Uncertainty:      0.035ns  ((TSJ^2 + TIJ^2)^1/2 + DJ) / 2 + PE
    Total System Jitter     (TSJ):    0.071ns
    Total Input Jitter      (TIJ):    0.000ns
    Discrete Jitter          (DJ):    0.000ns
    Phase Error              (PE):    0.000ns

    Location             Delay type                Incr(ns)  Path(ns)    Netlist Resource(s)
  -------------------------------------------------------------------    -------------------
                         (clock s_axi_aclk rise edge)
                                                      0.000     0.000 r  
    U14                                               0.000     0.000 r  s_axi_aclk (IN)
                         net (fo=0)                   0.000     0.000    s_axi_aclk
    U14                  IBUF (Prop_ibuf_I_O)         1.075     1.075 r  s_axi_aclk_IBUF_inst/O
                         net (fo=1, routed)           2.205     3.280    s_axi_aclk_IBUF
    BUFGCTRL_X0Y16       BUFG (Prop_bufg_I_O)         0.101     3.381 r  s_axi_aclk_IBUF_BUFG_inst/O
                         net (fo=759, routed)         1.876     5.256    systolic_controller_instance/systolic_array_2d_instance/ARRAY_ROWS[1].ARRAY_COLUMNS[1].pe_systolic_cell_instance/mac_pe_instance/s_axi_aclk_IBUF_BUFG
    DSP48_X4Y20          DSP48E1                                      r  systolic_controller_instance/systolic_array_2d_instance/ARRAY_ROWS[1].ARRAY_COLUMNS[1].pe_systolic_cell_instance/mac_pe_instance/acc_sum_reg/CLK
  -------------------------------------------------------------------    -------------------
    DSP48_X4Y20          DSP48E1 (Prop_dsp48e1_CLK_P[8])
                                                      0.434     5.690 r  systolic_controller_instance/systolic_array_2d_instance/ARRAY_ROWS[1].ARRAY_COLUMNS[1].pe_systolic_cell_instance/mac_pe_instance/acc_sum_reg/P[8]
                         net (fo=2, routed)           1.621     7.311    systolic_controller_instance/systolic_array_2d_instance/ARRAY_ROWS[1].ARRAY_COLUMNS[2].pe_systolic_cell_instance/mac_pe_instance/partial_sums[60]
    SLICE_X96Y43         LUT6 (Prop_lut6_I1_O)        0.124     7.435 r  systolic_controller_instance/systolic_array_2d_instance/ARRAY_ROWS[1].ARRAY_COLUMNS[2].pe_systolic_cell_instance/mac_pe_instance/activation_data[5]_i_28/O
                         net (fo=2, routed)           0.797     8.232    systolic_controller_instance/systolic_array_2d_instance/ARRAY_ROWS[1].ARRAY_COLUMNS[2].pe_systolic_cell_instance/mac_pe_instance/activation_data[5]_i_28_n_0
    SLICE_X97Y42         LUT4 (Prop_lut4_I0_O)        0.124     8.356 r  systolic_controller_instance/systolic_array_2d_instance/ARRAY_ROWS[1].ARRAY_COLUMNS[2].pe_systolic_cell_instance/mac_pe_instance/activation_data[5]_i_22/O
                         net (fo=1, routed)           0.000     8.356    systolic_controller_instance/systolic_array_2d_instance/ARRAY_ROWS[1].ARRAY_COLUMNS[2].pe_systolic_cell_instance/mac_pe_instance/activation_data[5]_i_22_n_0
    SLICE_X97Y42         CARRY4 (Prop_carry4_S[1]_CO[3])
                                                      0.550     8.906 r  systolic_controller_instance/systolic_array_2d_instance/ARRAY_ROWS[1].ARRAY_COLUMNS[2].pe_systolic_cell_instance/mac_pe_instance/activation_data_reg[5]_i_14/CO[3]
                         net (fo=1, routed)           0.000     8.906    systolic_controller_instance/systolic_array_2d_instance/ARRAY_ROWS[1].ARRAY_COLUMNS[2].pe_systolic_cell_instance/mac_pe_instance/activation_data_reg[5]_i_14_n_0
    SLICE_X97Y43         CARRY4 (Prop_carry4_CI_CO[3])
                                                      0.114     9.020 r  systolic_controller_instance/systolic_array_2d_instance/ARRAY_ROWS[1].ARRAY_COLUMNS[2].pe_systolic_cell_instance/mac_pe_instance/activation_data_reg[6]_i_13/CO[3]
                         net (fo=1, routed)           0.000     9.020    systolic_controller_instance/systolic_array_2d_instance/ARRAY_ROWS[1].ARRAY_COLUMNS[2].pe_systolic_cell_instance/mac_pe_instance/activation_data_reg[6]_i_13_n_0
    SLICE_X97Y44         CARRY4 (Prop_carry4_CI_CO[3])
                                                      0.114     9.134 r  systolic_controller_instance/systolic_array_2d_instance/ARRAY_ROWS[1].ARRAY_COLUMNS[2].pe_systolic_cell_instance/mac_pe_instance/activation_data_reg[6]_i_4/CO[3]
                         net (fo=1, routed)           0.000     9.134    systolic_controller_instance/systolic_array_2d_instance/ARRAY_ROWS[1].ARRAY_COLUMNS[2].pe_systolic_cell_instance/mac_pe_instance/activation_data_reg[6]_i_4_n_0
    SLICE_X97Y45         CARRY4 (Prop_carry4_CI_O[3])
                                                      0.313     9.447 f  systolic_controller_instance/systolic_array_2d_instance/ARRAY_ROWS[1].ARRAY_COLUMNS[2].pe_systolic_cell_instance/mac_pe_instance/activation_data_reg[6]_i_39/O[3]
                         net (fo=4, routed)           0.939    10.386    activation_unit_instance/activation_data_reg[6]_i_5[3]
    SLICE_X97Y40         LUT2 (Prop_lut2_I0_O)        0.306    10.692 r  activation_unit_instance/activation_data[6]_i_26/O
                         net (fo=1, routed)           0.000    10.692    systolic_controller_instance/systolic_array_2d_instance/ARRAY_ROWS[0].ARRAY_COLUMNS[3].pe_systolic_cell_instance/mac_pe_instance/activation_data_reg[6]_i_2_1[3]
    SLICE_X97Y40         CARRY4 (Prop_carry4_S[3]_CO[3])
                                                      0.401    11.093 r  systolic_controller_instance/systolic_array_2d_instance/ARRAY_ROWS[0].ARRAY_COLUMNS[3].pe_systolic_cell_instance/mac_pe_instance/activation_data_reg[6]_i_5/CO[3]
                         net (fo=1, routed)           0.000    11.093    systolic_controller_instance/systolic_array_2d_instance/ARRAY_ROWS[0].ARRAY_COLUMNS[3].pe_systolic_cell_instance/mac_pe_instance/activation_data_reg[6]_i_5_n_0
    SLICE_X97Y41         CARRY4 (Prop_carry4_CI_CO[0])
                                                      0.271    11.364 r  systolic_controller_instance/systolic_array_2d_instance/ARRAY_ROWS[0].ARRAY_COLUMNS[3].pe_systolic_cell_instance/mac_pe_instance/activation_data_reg[6]_i_2/CO[0]
                         net (fo=16, routed)          0.689    12.053    systolic_controller_instance/systolic_array_2d_instance/ARRAY_ROWS[0].ARRAY_COLUMNS[3].pe_systolic_cell_instance/mac_pe_instance/CO[0]
    SLICE_X96Y43         LUT3 (Prop_lut3_I0_O)        0.373    12.426 r  systolic_controller_instance/systolic_array_2d_instance/ARRAY_ROWS[0].ARRAY_COLUMNS[3].pe_systolic_cell_instance/mac_pe_instance/activation_data[5]_i_13/O
                         net (fo=21, routed)          1.009    13.435    activation_unit_instance/activation_data_reg[4]_8
    SLICE_X100Y43        LUT6 (Prop_lut6_I0_O)        0.124    13.559 r  activation_unit_instance/activation_data[3]_i_5/O
                         net (fo=1, routed)           0.000    13.559    activation_unit_instance/activation_data[3]_i_5_n_0
    SLICE_X100Y43        MUXF7 (Prop_muxf7_I1_O)      0.214    13.773 r  activation_unit_instance/activation_data_reg[3]_i_2/O
                         net (fo=1, routed)           0.577    14.350    activation_unit_instance/activation_data_reg[3]_i_2_n_0
    SLICE_X101Y45        LUT5 (Prop_lut5_I0_O)        0.297    14.647 r  activation_unit_instance/activation_data[3]_i_1/O
                         net (fo=1, routed)           0.000    14.647    activation_unit_instance/p_0_out[3]
    SLICE_X101Y45        FDRE                                         r  activation_unit_instance/activation_data_reg[3]/D
  -------------------------------------------------------------------    -------------------

                         (clock s_axi_aclk rise edge)
                                                     10.000    10.000 r  
    U14                                               0.000    10.000 r  s_axi_aclk (IN)
                         net (fo=0)                   0.000    10.000    s_axi_aclk
    U14                  IBUF (Prop_ibuf_I_O)         0.940    10.940 r  s_axi_aclk_IBUF_inst/O
                         net (fo=1, routed)           2.006    12.946    s_axi_aclk_IBUF
    BUFGCTRL_X0Y16       BUFG (Prop_bufg_I_O)         0.091    13.037 r  s_axi_aclk_IBUF_BUFG_inst/O
                         net (fo=759, routed)         1.625    14.662    activation_unit_instance/s_axi_aclk_IBUF_BUFG
    SLICE_X101Y45        FDRE                                         r  activation_unit_instance/activation_data_reg[3]/C
                         clock pessimism              0.344    15.006    
                         clock uncertainty           -0.035    14.971    
    SLICE_X101Y45        FDRE (Setup_fdre_C_D)        0.031    15.002    activation_unit_instance/activation_data_reg[3]
  -------------------------------------------------------------------
                         required time                         15.002    
                         arrival time                         -14.647    
  -------------------------------------------------------------------
                         slack                                  0.355    

Slack (MET) :             0.362ns  (required time - arrival time)
  Source:                 dnn_scheduler_instance/activation_column_reg[1]_rep/C
                            (rising edge-triggered cell FDRE clocked by s_axi_aclk  {rise@0.000ns fall@5.000ns period=10.000ns})
  Destination:            activation_unit_instance/activation_data_reg[35]/D
                            (rising edge-triggered cell FDRE clocked by s_axi_aclk  {rise@0.000ns fall@5.000ns period=10.000ns})
  Path Group:             s_axi_aclk
  Path Type:              Setup (Max at Slow Process Corner)
  Requirement:            10.000ns  (s_axi_aclk rise@10.000ns - s_axi_aclk rise@0.000ns)
  Data Path Delay:        9.568ns  (logic 3.754ns (39.234%)  route 5.814ns (60.766%))
  Logic Levels:           12  (CARRY4=5 LUT2=1 LUT3=1 LUT5=2 LUT6=2 MUXF7=1)
  Clock Path Skew:        -0.066ns (DCD - SCD + CPR)
    Destination Clock Delay (DCD):    4.658ns = ( 14.658 - 10.000 ) 
    Source Clock Delay      (SCD):    5.183ns
    Clock Pessimism Removal (CPR):    0.458ns
  Clock Uncertainty:      0.035ns  ((TSJ^2 + TIJ^2)^1/2 + DJ) / 2 + PE
    Total System Jitter     (TSJ):    0.071ns
    Total Input Jitter      (TIJ):    0.000ns
    Discrete Jitter          (DJ):    0.000ns
    Phase Error              (PE):    0.000ns

    Location             Delay type                Incr(ns)  Path(ns)    Netlist Resource(s)
  -------------------------------------------------------------------    -------------------
                         (clock s_axi_aclk rise edge)
                                                      0.000     0.000 r  
    U14                                               0.000     0.000 r  s_axi_aclk (IN)
                         net (fo=0)                   0.000     0.000    s_axi_aclk
    U14                  IBUF (Prop_ibuf_I_O)         1.075     1.075 r  s_axi_aclk_IBUF_inst/O
                         net (fo=1, routed)           2.205     3.280    s_axi_aclk_IBUF
    BUFGCTRL_X0Y16       BUFG (Prop_bufg_I_O)         0.101     3.381 r  s_axi_aclk_IBUF_BUFG_inst/O
                         net (fo=759, routed)         1.802     5.183    dnn_scheduler_instance/s_axi_aclk_IBUF_BUFG
    SLICE_X99Y43         FDRE                                         r  dnn_scheduler_instance/activation_column_reg[1]_rep/C
  -------------------------------------------------------------------    -------------------
    SLICE_X99Y43         FDRE (Prop_fdre_C_Q)         0.456     5.639 r  dnn_scheduler_instance/activation_column_reg[1]_rep/Q
                         net (fo=87, routed)          1.448     7.087    systolic_controller_instance/systolic_array_2d_instance/ARRAY_ROWS[4].ARRAY_COLUMNS[3].pe_systolic_cell_instance/mac_pe_instance/activation_data[37]_i_19
    SLICE_X100Y33        LUT6 (Prop_lut6_I2_O)        0.124     7.211 r  systolic_controller_instance/systolic_array_2d_instance/ARRAY_ROWS[4].ARRAY_COLUMNS[3].pe_systolic_cell_instance/mac_pe_instance/activation_data[37]_i_25/O
                         net (fo=2, routed)           0.312     7.523    dnn_scheduler_instance/activation_data_reg[37]_i_14_1
    SLICE_X100Y34        LUT5 (Prop_lut5_I4_O)        0.124     7.647 r  dnn_scheduler_instance/activation_data[37]_i_18/O
                         net (fo=1, routed)           0.800     8.446    dnn_scheduler_instance/selected_accumulators[113]
    SLICE_X101Y34        CARRY4 (Prop_carry4_DI[2]_CO[3])
                                                      0.398     8.844 r  dnn_scheduler_instance/activation_data_reg[37]_i_14/CO[3]
                         net (fo=1, routed)           0.000     8.844    dnn_scheduler_instance/activation_data_reg[37]_i_14_n_0
    SLICE_X101Y35        CARRY4 (Prop_carry4_CI_CO[3])
                                                      0.114     8.958 r  dnn_scheduler_instance/activation_data_reg[38]_i_13/CO[3]
                         net (fo=1, routed)           0.000     8.958    dnn_scheduler_instance/activation_data_reg[38]_i_13_n_0
    SLICE_X101Y36        CARRY4 (Prop_carry4_CI_O[1])
                                                      0.334     9.292 r  dnn_scheduler_instance/activation_data_reg[38]_i_4/O[1]
                         net (fo=4, routed)           0.924    10.217    activation_unit_instance/saturated_q5_52[9]
    SLICE_X101Y39        LUT2 (Prop_lut2_I0_O)        0.303    10.520 r  activation_unit_instance/activation_data[38]_i_38/O
                         net (fo=1, routed)           0.000    10.520    activation_unit_instance/activation_data[38]_i_38_n_0
    SLICE_X101Y39        CARRY4 (Prop_carry4_S[1]_CO[3])
                                                      0.550    11.070 r  activation_unit_instance/activation_data_reg[38]_i_8/CO[3]
                         net (fo=1, routed)           0.000    11.070    activation_unit_instance/activation_data_reg[38]_i_8_n_0
    SLICE_X101Y40        CARRY4 (Prop_carry4_CI_CO[1])
                                                      0.157    11.227 f  activation_unit_instance/activation_data_reg[38]_i_3/CO[1]
                         net (fo=16, routed)          0.945    12.172    dnn_scheduler_instance/activation_data_reg[32][0]
    SLICE_X102Y39        LUT3 (Prop_lut3_I1_O)        0.355    12.527 r  dnn_scheduler_instance/activation_data[37]_i_10/O
                         net (fo=20, routed)          0.938    13.465    activation_unit_instance/sel[2]
    SLICE_X105Y38        LUT6 (Prop_lut6_I3_O)        0.328    13.793 r  activation_unit_instance/p_0_out_inferred__3/activation_data[35]_i_6/O
                         net (fo=1, routed)           0.000    13.793    activation_unit_instance/p_0_out_inferred__3/activation_data[35]_i_6_n_0
    SLICE_X105Y38        MUXF7 (Prop_muxf7_I0_O)      0.212    14.005 r  activation_unit_instance/p_0_out_inferred__3/activation_data_reg[35]_i_3/O
                         net (fo=1, routed)           0.447    14.452    activation_unit_instance/p_0_out_inferred__3/activation_data_reg[35]_i_3_n_0
    SLICE_X103Y37        LUT5 (Prop_lut5_I3_O)        0.299    14.751 r  activation_unit_instance/p_0_out_inferred__3/activation_data[35]_i_1/O
                         net (fo=1, routed)           0.000    14.751    activation_unit_instance/p_0_out_inferred__3/activation_data[35]_i_1_n_0
    SLICE_X103Y37        FDRE                                         r  activation_unit_instance/activation_data_reg[35]/D
  -------------------------------------------------------------------    -------------------

                         (clock s_axi_aclk rise edge)
                                                     10.000    10.000 r  
    U14                                               0.000    10.000 r  s_axi_aclk (IN)
                         net (fo=0)                   0.000    10.000    s_axi_aclk
    U14                  IBUF (Prop_ibuf_I_O)         0.940    10.940 r  s_axi_aclk_IBUF_inst/O
                         net (fo=1, routed)           2.006    12.946    s_axi_aclk_IBUF
    BUFGCTRL_X0Y16       BUFG (Prop_bufg_I_O)         0.091    13.037 r  s_axi_aclk_IBUF_BUFG_inst/O
                         net (fo=759, routed)         1.621    14.658    activation_unit_instance/s_axi_aclk_IBUF_BUFG
    SLICE_X103Y37        FDRE                                         r  activation_unit_instance/activation_data_reg[35]/C
                         clock pessimism              0.458    15.117    
                         clock uncertainty           -0.035    15.081    
    SLICE_X103Y37        FDRE (Setup_fdre_C_D)        0.032    15.113    activation_unit_instance/activation_data_reg[35]
  -------------------------------------------------------------------
                         required time                         15.113    
                         arrival time                         -14.751    
  -------------------------------------------------------------------
                         slack                                  0.362    

Slack (MET) :             0.383ns  (required time - arrival time)
  Source:                 systolic_controller_instance/systolic_array_2d_instance/ARRAY_ROWS[1].ARRAY_COLUMNS[2].pe_systolic_cell_instance/mac_pe_instance/acc_sum_reg/CLK
                            (rising edge-triggered cell DSP48E1 clocked by s_axi_aclk  {rise@0.000ns fall@5.000ns period=10.000ns})
  Destination:            activation_unit_instance/activation_data_reg[11]/D
                            (rising edge-triggered cell FDRE clocked by s_axi_aclk  {rise@0.000ns fall@5.000ns period=10.000ns})
  Path Group:             s_axi_aclk
  Path Type:              Setup (Max at Slow Process Corner)
  Requirement:            10.000ns  (s_axi_aclk rise@10.000ns - s_axi_aclk rise@0.000ns)
  Data Path Delay:        9.410ns  (logic 3.589ns (38.141%)  route 5.821ns (61.859%))
  Logic Levels:           13  (CARRY4=6 LUT2=1 LUT3=1 LUT4=1 LUT5=1 LUT6=2 MUXF7=1)
  Clock Path Skew:        -0.251ns (DCD - SCD + CPR)
    Destination Clock Delay (DCD):    4.659ns = ( 14.659 - 10.000 ) 
    Source Clock Delay      (SCD):    5.254ns
    Clock Pessimism Removal (CPR):    0.344ns
  Clock Uncertainty:      0.035ns  ((TSJ^2 + TIJ^2)^1/2 + DJ) / 2 + PE
    Total System Jitter     (TSJ):    0.071ns
    Total Input Jitter      (TIJ):    0.000ns
    Discrete Jitter          (DJ):    0.000ns
    Phase Error              (PE):    0.000ns

    Location             Delay type                Incr(ns)  Path(ns)    Netlist Resource(s)
  -------------------------------------------------------------------    -------------------
                         (clock s_axi_aclk rise edge)
                                                      0.000     0.000 r  
    U14                                               0.000     0.000 r  s_axi_aclk (IN)
                         net (fo=0)                   0.000     0.000    s_axi_aclk
    U14                  IBUF (Prop_ibuf_I_O)         1.075     1.075 r  s_axi_aclk_IBUF_inst/O
                         net (fo=1, routed)           2.205     3.280    s_axi_aclk_IBUF
    BUFGCTRL_X0Y16       BUFG (Prop_bufg_I_O)         0.101     3.381 r  s_axi_aclk_IBUF_BUFG_inst/O
                         net (fo=759, routed)         1.874     5.254    systolic_controller_instance/systolic_array_2d_instance/ARRAY_ROWS[1].ARRAY_COLUMNS[2].pe_systolic_cell_instance/mac_pe_instance/s_axi_aclk_IBUF_BUFG
    DSP48_X3Y20          DSP48E1                                      r  systolic_controller_instance/systolic_array_2d_instance/ARRAY_ROWS[1].ARRAY_COLUMNS[2].pe_systolic_cell_instance/mac_pe_instance/acc_sum_reg/CLK
  -------------------------------------------------------------------    -------------------
    DSP48_X3Y20          DSP48E1 (Prop_dsp48e1_CLK_P[10])
                                                      0.434     5.688 r  systolic_controller_instance/systolic_array_2d_instance/ARRAY_ROWS[1].ARRAY_COLUMNS[2].pe_systolic_cell_instance/mac_pe_instance/acc_sum_reg/P[10]
                         net (fo=2, routed)           1.549     7.238    systolic_controller_instance/systolic_array_2d_instance/ARRAY_ROWS[1].ARRAY_COLUMNS[3].pe_systolic_cell_instance/mac_pe_instance/activation_data[14]_i_63_0[62]
    SLICE_X99Y49         LUT6 (Prop_lut6_I1_O)        0.124     7.362 r  systolic_controller_instance/systolic_array_2d_instance/ARRAY_ROWS[1].ARRAY_COLUMNS[3].pe_systolic_cell_instance/mac_pe_instance/activation_data[13]_i_25/O
                         net (fo=2, routed)           0.785     8.146    systolic_controller_instance/systolic_array_2d_instance/ARRAY_ROWS[2].ARRAY_COLUMNS[2].pe_systolic_cell_instance/mac_pe_instance/activation_data_reg[13]_i_14_4
    SLICE_X97Y47         LUT4 (Prop_lut4_I2_O)        0.124     8.270 r  systolic_controller_instance/systolic_array_2d_instance/ARRAY_ROWS[2].ARRAY_COLUMNS[2].pe_systolic_cell_instance/mac_pe_instance/activation_data[13]_i_20/O
                         net (fo=1, routed)           0.000     8.270    systolic_controller_instance/systolic_array_2d_instance/ARRAY_ROWS[2].ARRAY_COLUMNS[2].pe_systolic_cell_instance/mac_pe_instance/activation_data[13]_i_20_n_0
    SLICE_X97Y47         CARRY4 (Prop_carry4_S[3]_CO[3])
                                                      0.401     8.671 r  systolic_controller_instance/systolic_array_2d_instance/ARRAY_ROWS[2].ARRAY_COLUMNS[2].pe_systolic_cell_instance/mac_pe_instance/activation_data_reg[13]_i_14/CO[3]
                         net (fo=1, routed)           0.000     8.671    systolic_controller_instance/systolic_array_2d_instance/ARRAY_ROWS[2].ARRAY_COLUMNS[2].pe_systolic_cell_instance/mac_pe_instance/activation_data_reg[13]_i_14_n_0
    SLICE_X97Y48         CARRY4 (Prop_carry4_CI_CO[3])
                                                      0.114     8.785 r  systolic_controller_instance/systolic_array_2d_instance/ARRAY_ROWS[2].ARRAY_COLUMNS[2].pe_systolic_cell_instance/mac_pe_instance/activation_data_reg[14]_i_13/CO[3]
                         net (fo=1, routed)           0.000     8.785    systolic_controller_instance/systolic_array_2d_instance/ARRAY_ROWS[2].ARRAY_COLUMNS[2].pe_systolic_cell_instance/mac_pe_instance/activation_data_reg[14]_i_13_n_0
    SLICE_X97Y49         CARRY4 (Prop_carry4_CI_CO[3])
                                                      0.114     8.899 r  systolic_controller_instance/systolic_array_2d_instance/ARRAY_ROWS[2].ARRAY_COLUMNS[2].pe_systolic_cell_instance/mac_pe_instance/activation_data_reg[14]_i_4/CO[3]
                         net (fo=1, routed)           0.001     8.900    systolic_controller_instance/systolic_array_2d_instance/ARRAY_ROWS[2].ARRAY_COLUMNS[2].pe_systolic_cell_instance/mac_pe_instance/activation_data_reg[14]_i_4_n_0
    SLICE_X97Y50         CARRY4 (Prop_carry4_CI_O[1])
                                                      0.334     9.234 f  systolic_controller_instance/systolic_array_2d_instance/ARRAY_ROWS[2].ARRAY_COLUMNS[2].pe_systolic_cell_instance/mac_pe_instance/activation_data_reg[14]_i_39/O[1]
                         net (fo=4, routed)           1.007    10.241    activation_unit_instance/activation_data_reg[14]_i_5_0[1]
    SLICE_X96Y48         LUT2 (Prop_lut2_I0_O)        0.303    10.544 r  activation_unit_instance/activation_data[14]_i_27/O
                         net (fo=1, routed)           0.000    10.544    systolic_controller_instance/systolic_array_2d_instance/ARRAY_ROWS[1].ARRAY_COLUMNS[3].pe_systolic_cell_instance/mac_pe_instance/activation_data_reg[14]_i_2_1[2]
    SLICE_X96Y48         CARRY4 (Prop_carry4_S[2]_CO[3])
                                                      0.380    10.924 r  systolic_controller_instance/systolic_array_2d_instance/ARRAY_ROWS[1].ARRAY_COLUMNS[3].pe_systolic_cell_instance/mac_pe_instance/activation_data_reg[14]_i_5/CO[3]
                         net (fo=1, routed)           0.000    10.924    systolic_controller_instance/systolic_array_2d_instance/ARRAY_ROWS[1].ARRAY_COLUMNS[3].pe_systolic_cell_instance/mac_pe_instance/activation_data_reg[14]_i_5_n_0
    SLICE_X96Y49         CARRY4 (Prop_carry4_CI_CO[0])
                                                      0.254    11.178 r  systolic_controller_instance/systolic_array_2d_instance/ARRAY_ROWS[1].ARRAY_COLUMNS[3].pe_systolic_cell_instance/mac_pe_instance/activation_data_reg[14]_i_2/CO[0]
                         net (fo=16, routed)          0.805    11.983    systolic_controller_instance/systolic_array_2d_instance/ARRAY_ROWS[1].ARRAY_COLUMNS[3].pe_systolic_cell_instance/mac_pe_instance/CO[0]
    SLICE_X91Y44         LUT3 (Prop_lut3_I0_O)        0.367    12.350 r  systolic_controller_instance/systolic_array_2d_instance/ARRAY_ROWS[1].ARRAY_COLUMNS[3].pe_systolic_cell_instance/mac_pe_instance/activation_data[13]_i_8/O
                         net (fo=21, routed)          1.218    13.568    activation_unit_instance/activation_data_reg[12]_7
    SLICE_X95Y46         LUT6 (Prop_lut6_I2_O)        0.124    13.692 r  activation_unit_instance/p_0_out_inferred__0/activation_data[11]_i_5/O
                         net (fo=1, routed)           0.000    13.692    activation_unit_instance/p_0_out_inferred__0/activation_data[11]_i_5_n_0
    SLICE_X95Y46         MUXF7 (Prop_muxf7_I1_O)      0.217    13.909 r  activation_unit_instance/p_0_out_inferred__0/activation_data_reg[11]_i_2/O
                         net (fo=1, routed)           0.456    14.365    activation_unit_instance/p_0_out_inferred__0/activation_data_reg[11]_i_2_n_0
    SLICE_X92Y46         LUT5 (Prop_lut5_I0_O)        0.299    14.664 r  activation_unit_instance/p_0_out_inferred__0/activation_data[11]_i_1/O
                         net (fo=1, routed)           0.000    14.664    activation_unit_instance/p_0_out_inferred__0/activation_data[11]_i_1_n_0
    SLICE_X92Y46         FDRE                                         r  activation_unit_instance/activation_data_reg[11]/D
  -------------------------------------------------------------------    -------------------

                         (clock s_axi_aclk rise edge)
                                                     10.000    10.000 r  
    U14                                               0.000    10.000 r  s_axi_aclk (IN)
                         net (fo=0)                   0.000    10.000    s_axi_aclk
    U14                  IBUF (Prop_ibuf_I_O)         0.940    10.940 r  s_axi_aclk_IBUF_inst/O
                         net (fo=1, routed)           2.006    12.946    s_axi_aclk_IBUF
    BUFGCTRL_X0Y16       BUFG (Prop_bufg_I_O)         0.091    13.037 r  s_axi_aclk_IBUF_BUFG_inst/O
                         net (fo=759, routed)         1.622    14.659    activation_unit_instance/s_axi_aclk_IBUF_BUFG
    SLICE_X92Y46         FDRE                                         r  activation_unit_instance/activation_data_reg[11]/C
                         clock pessimism              0.344    15.003    
                         clock uncertainty           -0.035    14.968    
    SLICE_X92Y46         FDRE (Setup_fdre_C_D)        0.079    15.047    activation_unit_instance/activation_data_reg[11]
  -------------------------------------------------------------------
                         required time                         15.047    
                         arrival time                         -14.664    
  -------------------------------------------------------------------
                         slack                                  0.383    

Slack (MET) :             0.389ns  (required time - arrival time)
  Source:                 dnn_scheduler_instance/activation_column_reg[1]_rep/C
                            (rising edge-triggered cell FDRE clocked by s_axi_aclk  {rise@0.000ns fall@5.000ns period=10.000ns})
  Destination:            activation_unit_instance/activation_data_reg[33]/D
                            (rising edge-triggered cell FDRE clocked by s_axi_aclk  {rise@0.000ns fall@5.000ns period=10.000ns})
  Path Group:             s_axi_aclk
  Path Type:              Setup (Max at Slow Process Corner)
  Requirement:            10.000ns  (s_axi_aclk rise@10.000ns - s_axi_aclk rise@0.000ns)
  Data Path Delay:        9.624ns  (logic 3.581ns (37.208%)  route 6.043ns (62.792%))
  Logic Levels:           12  (CARRY4=5 LUT2=1 LUT3=1 LUT5=1 LUT6=3 MUXF7=1)
  Clock Path Skew:        -0.064ns (DCD - SCD + CPR)
    Destination Clock Delay (DCD):    4.660ns = ( 14.660 - 10.000 ) 
    Source Clock Delay      (SCD):    5.183ns
    Clock Pessimism Removal (CPR):    0.458ns
  Clock Uncertainty:      0.035ns  ((TSJ^2 + TIJ^2)^1/2 + DJ) / 2 + PE
    Total System Jitter     (TSJ):    0.071ns
    Total Input Jitter      (TIJ):    0.000ns
    Discrete Jitter          (DJ):    0.000ns
    Phase Error              (PE):    0.000ns

    Location             Delay type                Incr(ns)  Path(ns)    Netlist Resource(s)
  -------------------------------------------------------------------    -------------------
                         (clock s_axi_aclk rise edge)
                                                      0.000     0.000 r  
    U14                                               0.000     0.000 r  s_axi_aclk (IN)
                         net (fo=0)                   0.000     0.000    s_axi_aclk
    U14                  IBUF (Prop_ibuf_I_O)         1.075     1.075 r  s_axi_aclk_IBUF_inst/O
                         net (fo=1, routed)           2.205     3.280    s_axi_aclk_IBUF
    BUFGCTRL_X0Y16       BUFG (Prop_bufg_I_O)         0.101     3.381 r  s_axi_aclk_IBUF_BUFG_inst/O
                         net (fo=759, routed)         1.802     5.183    dnn_scheduler_instance/s_axi_aclk_IBUF_BUFG
    SLICE_X99Y43         FDRE                                         r  dnn_scheduler_instance/activation_column_reg[1]_rep/C
  -------------------------------------------------------------------    -------------------
    SLICE_X99Y43         FDRE (Prop_fdre_C_Q)         0.456     5.639 r  dnn_scheduler_instance/activation_column_reg[1]_rep/Q
                         net (fo=87, routed)          1.448     7.087    systolic_controller_instance/systolic_array_2d_instance/ARRAY_ROWS[4].ARRAY_COLUMNS[3].pe_systolic_cell_instance/mac_pe_instance/activation_data[37]_i_19
    SLICE_X100Y33        LUT6 (Prop_lut6_I2_O)        0.124     7.211 r  systolic_controller_instance/systolic_array_2d_instance/ARRAY_ROWS[4].ARRAY_COLUMNS[3].pe_systolic_cell_instance/mac_pe_instance/activation_data[37]_i_25/O
                         net (fo=2, routed)           0.312     7.523    dnn_scheduler_instance/activation_data_reg[37]_i_14_1
    SLICE_X100Y34        LUT5 (Prop_lut5_I4_O)        0.124     7.647 r  dnn_scheduler_instance/activation_data[37]_i_18/O
                         net (fo=1, routed)           0.800     8.446    dnn_scheduler_instance/selected_accumulators[113]
    SLICE_X101Y34        CARRY4 (Prop_carry4_DI[2]_CO[3])
                                                      0.398     8.844 r  dnn_scheduler_instance/activation_data_reg[37]_i_14/CO[3]
                         net (fo=1, routed)           0.000     8.844    dnn_scheduler_instance/activation_data_reg[37]_i_14_n_0
    SLICE_X101Y35        CARRY4 (Prop_carry4_CI_CO[3])
                                                      0.114     8.958 r  dnn_scheduler_instance/activation_data_reg[38]_i_13/CO[3]
                         net (fo=1, routed)           0.000     8.958    dnn_scheduler_instance/activation_data_reg[38]_i_13_n_0
    SLICE_X101Y36        CARRY4 (Prop_carry4_CI_O[1])
                                                      0.334     9.292 r  dnn_scheduler_instance/activation_data_reg[38]_i_4/O[1]
                         net (fo=4, routed)           0.924    10.217    activation_unit_instance/saturated_q5_52[9]
    SLICE_X101Y39        LUT2 (Prop_lut2_I0_O)        0.303    10.520 r  activation_unit_instance/activation_data[38]_i_38/O
                         net (fo=1, routed)           0.000    10.520    activation_unit_instance/activation_data[38]_i_38_n_0
    SLICE_X101Y39        CARRY4 (Prop_carry4_S[1]_CO[3])
                                                      0.550    11.070 r  activation_unit_instance/activation_data_reg[38]_i_8/CO[3]
                         net (fo=1, routed)           0.000    11.070    activation_unit_instance/activation_data_reg[38]_i_8_n_0
    SLICE_X101Y40        CARRY4 (Prop_carry4_CI_CO[1])
                                                      0.157    11.227 f  activation_unit_instance/activation_data_reg[38]_i_3/CO[1]
                         net (fo=16, routed)          0.945    12.172    dnn_scheduler_instance/activation_data_reg[32][0]
    SLICE_X102Y39        LUT3 (Prop_lut3_I1_O)        0.355    12.527 r  dnn_scheduler_instance/activation_data[37]_i_10/O
                         net (fo=20, routed)          1.189    13.715    activation_unit_instance/sel[2]
    SLICE_X105Y38        LUT6 (Prop_lut6_I1_O)        0.328    14.043 r  activation_unit_instance/p_0_out_inferred__3/activation_data[33]_i_8/O
                         net (fo=1, routed)           0.425    14.469    activation_unit_instance/p_0_out_inferred__3/activation_data[33]_i_8_n_0
    SLICE_X104Y38        LUT6 (Prop_lut6_I3_O)        0.124    14.593 r  activation_unit_instance/p_0_out_inferred__3/activation_data[33]_i_3/O
                         net (fo=1, routed)           0.000    14.593    activation_unit_instance/p_0_out_inferred__3/activation_data[33]_i_3_n_0
    SLICE_X104Y38        MUXF7 (Prop_muxf7_I1_O)      0.214    14.807 r  activation_unit_instance/p_0_out_inferred__3/activation_data_reg[33]_i_1/O
                         net (fo=1, routed)           0.000    14.807    activation_unit_instance/p_0_out_inferred__3/activation_data_reg[33]_i_1_n_0
    SLICE_X104Y38        FDRE                                         r  activation_unit_instance/activation_data_reg[33]/D
  -------------------------------------------------------------------    -------------------

                         (clock s_axi_aclk rise edge)
                                                     10.000    10.000 r  
    U14                                               0.000    10.000 r  s_axi_aclk (IN)
                         net (fo=0)                   0.000    10.000    s_axi_aclk
    U14                  IBUF (Prop_ibuf_I_O)         0.940    10.940 r  s_axi_aclk_IBUF_inst/O
                         net (fo=1, routed)           2.006    12.946    s_axi_aclk_IBUF
    BUFGCTRL_X0Y16       BUFG (Prop_bufg_I_O)         0.091    13.037 r  s_axi_aclk_IBUF_BUFG_inst/O
                         net (fo=759, routed)         1.623    14.660    activation_unit_instance/s_axi_aclk_IBUF_BUFG
    SLICE_X104Y38        FDRE                                         r  activation_unit_instance/activation_data_reg[33]/C
                         clock pessimism              0.458    15.119    
                         clock uncertainty           -0.035    15.083    
    SLICE_X104Y38        FDRE (Setup_fdre_C_D)        0.113    15.196    activation_unit_instance/activation_data_reg[33]
  -------------------------------------------------------------------
                         required time                         15.196    
                         arrival time                         -14.807    
  -------------------------------------------------------------------
                         slack                                  0.389    

Slack (MET) :             0.405ns  (required time - arrival time)
  Source:                 dnn_scheduler_instance/activation_column_reg[1]_rep/C
                            (rising edge-triggered cell FDRE clocked by s_axi_aclk  {rise@0.000ns fall@5.000ns period=10.000ns})
  Destination:            activation_unit_instance/activation_data_reg[17]/D
                            (rising edge-triggered cell FDRE clocked by s_axi_aclk  {rise@0.000ns fall@5.000ns period=10.000ns})
  Path Group:             s_axi_aclk
  Path Type:              Setup (Max at Slow Process Corner)
  Requirement:            10.000ns  (s_axi_aclk rise@10.000ns - s_axi_aclk rise@0.000ns)
  Data Path Delay:        9.498ns  (logic 3.514ns (36.999%)  route 5.984ns (63.001%))
  Logic Levels:           13  (CARRY4=5 LUT2=1 LUT3=1 LUT4=1 LUT5=1 LUT6=3 MUXF7=1)
  Clock Path Skew:        -0.126ns (DCD - SCD + CPR)
    Destination Clock Delay (DCD):    4.598ns = ( 14.598 - 10.000 ) 
    Source Clock Delay      (SCD):    5.183ns
    Clock Pessimism Removal (CPR):    0.458ns
  Clock Uncertainty:      0.035ns  ((TSJ^2 + TIJ^2)^1/2 + DJ) / 2 + PE
    Total System Jitter     (TSJ):    0.071ns
    Total Input Jitter      (TIJ):    0.000ns
    Discrete Jitter          (DJ):    0.000ns
    Phase Error              (PE):    0.000ns

    Location             Delay type                Incr(ns)  Path(ns)    Netlist Resource(s)
  -------------------------------------------------------------------    -------------------
                         (clock s_axi_aclk rise edge)
                                                      0.000     0.000 r  
    U14                                               0.000     0.000 r  s_axi_aclk (IN)
                         net (fo=0)                   0.000     0.000    s_axi_aclk
    U14                  IBUF (Prop_ibuf_I_O)         1.075     1.075 r  s_axi_aclk_IBUF_inst/O
                         net (fo=1, routed)           2.205     3.280    s_axi_aclk_IBUF
    BUFGCTRL_X0Y16       BUFG (Prop_bufg_I_O)         0.101     3.381 r  s_axi_aclk_IBUF_BUFG_inst/O
                         net (fo=759, routed)         1.802     5.183    dnn_scheduler_instance/s_axi_aclk_IBUF_BUFG
    SLICE_X99Y43         FDRE                                         r  dnn_scheduler_instance/activation_column_reg[1]_rep/C
  -------------------------------------------------------------------    -------------------
    SLICE_X99Y43         FDRE (Prop_fdre_C_Q)         0.456     5.639 r  dnn_scheduler_instance/activation_column_reg[1]_rep/Q
                         net (fo=87, routed)          1.140     6.778    bias_sram_instance/activation_data[38]_i_76
    SLICE_X100Y40        LUT6 (Prop_lut6_I2_O)        0.124     6.902 r  bias_sram_instance/activation_data[38]_i_95/O
                         net (fo=1, routed)           0.287     7.189    dnn_scheduler_instance/activation_data[6]_i_47
    SLICE_X99Y40         LUT5 (Prop_lut5_I4_O)        0.124     7.313 r  dnn_scheduler_instance/activation_data[38]_i_78/O
                         net (fo=5, routed)           0.923     8.236    systolic_controller_instance/systolic_array_2d_instance/ARRAY_ROWS[3].ARRAY_COLUMNS[2].pe_systolic_cell_instance/mac_pe_instance/activation_data_reg[22]_i_13_4
    SLICE_X93Y41         LUT4 (Prop_lut4_I3_O)        0.124     8.360 r  systolic_controller_instance/systolic_array_2d_instance/ARRAY_ROWS[3].ARRAY_COLUMNS[2].pe_systolic_cell_instance/mac_pe_instance/activation_data[22]_i_47/O
                         net (fo=1, routed)           0.000     8.360    systolic_controller_instance/systolic_array_2d_instance/ARRAY_ROWS[3].ARRAY_COLUMNS[2].pe_systolic_cell_instance/mac_pe_instance/activation_data[22]_i_47_n_0
    SLICE_X93Y41         CARRY4 (Prop_carry4_S[0]_CO[3])
                                                      0.532     8.892 r  systolic_controller_instance/systolic_array_2d_instance/ARRAY_ROWS[3].ARRAY_COLUMNS[2].pe_systolic_cell_instance/mac_pe_instance/activation_data_reg[22]_i_13/CO[3]
                         net (fo=1, routed)           0.000     8.892    systolic_controller_instance/systolic_array_2d_instance/ARRAY_ROWS[3].ARRAY_COLUMNS[2].pe_systolic_cell_instance/mac_pe_instance/activation_data_reg[22]_i_13_n_0
    SLICE_X93Y42         CARRY4 (Prop_carry4_CI_CO[3])
                                                      0.114     9.006 r  systolic_controller_instance/systolic_array_2d_instance/ARRAY_ROWS[3].ARRAY_COLUMNS[2].pe_systolic_cell_instance/mac_pe_instance/activation_data_reg[22]_i_4/CO[3]
                         net (fo=1, routed)           0.000     9.006    systolic_controller_instance/systolic_array_2d_instance/ARRAY_ROWS[3].ARRAY_COLUMNS[2].pe_systolic_cell_instance/mac_pe_instance/activation_data_reg[22]_i_4_n_0
    SLICE_X93Y43         CARRY4 (Prop_carry4_CI_CO[3])
                                                      0.114     9.120 r  systolic_controller_instance/systolic_array_2d_instance/ARRAY_ROWS[3].ARRAY_COLUMNS[2].pe_systolic_cell_instance/mac_pe_instance/activation_data_reg[22]_i_39/CO[3]
                         net (fo=1, routed)           0.000     9.120    systolic_controller_instance/systolic_array_2d_instance/ARRAY_ROWS[3].ARRAY_COLUMNS[2].pe_systolic_cell_instance/mac_pe_instance/activation_data_reg[22]_i_39_n_0
    SLICE_X93Y44         CARRY4 (Prop_carry4_CI_O[1])
                                                      0.334     9.454 r  systolic_controller_instance/systolic_array_2d_instance/ARRAY_ROWS[3].ARRAY_COLUMNS[2].pe_systolic_cell_instance/mac_pe_instance/activation_data_reg[22]_i_30/O[1]
                         net (fo=4, routed)           0.831    10.285    activation_unit_instance/activation_data_reg[22]_i_3_0[1]
    SLICE_X92Y43         LUT2 (Prop_lut2_I0_O)        0.303    10.588 r  activation_unit_instance/activation_data[22]_i_11/O
                         net (fo=1, routed)           0.000    10.588    activation_unit_instance/activation_data[22]_i_11_n_0
    SLICE_X92Y43         CARRY4 (Prop_carry4_S[1]_CO[1])
                                                      0.492    11.080 f  activation_unit_instance/activation_data_reg[22]_i_3/CO[1]
                         net (fo=16, routed)          0.793    11.873    systolic_controller_instance/systolic_array_2d_instance/ARRAY_ROWS[2].ARRAY_COLUMNS[3].pe_systolic_cell_instance/mac_pe_instance/activation_data_reg[20][0]
    SLICE_X91Y41         LUT3 (Prop_lut3_I1_O)        0.332    12.205 r  systolic_controller_instance/systolic_array_2d_instance/ARRAY_ROWS[2].ARRAY_COLUMNS[3].pe_systolic_cell_instance/mac_pe_instance/activation_data[21]_i_10/O
                         net (fo=20, routed)          1.314    13.519    activation_unit_instance/activation_data_reg[20]_5
    SLICE_X88Y42         LUT6 (Prop_lut6_I1_O)        0.124    13.643 r  activation_unit_instance/p_0_out_inferred__1/activation_data[17]_i_8/O
                         net (fo=1, routed)           0.696    14.339    activation_unit_instance/p_0_out_inferred__1/activation_data[17]_i_8_n_0
    SLICE_X88Y40         LUT6 (Prop_lut6_I3_O)        0.124    14.463 r  activation_unit_instance/p_0_out_inferred__1/activation_data[17]_i_3/O
                         net (fo=1, routed)           0.000    14.463    activation_unit_instance/p_0_out_inferred__1/activation_data[17]_i_3_n_0
    SLICE_X88Y40         MUXF7 (Prop_muxf7_I1_O)      0.217    14.680 r  activation_unit_instance/p_0_out_inferred__1/activation_data_reg[17]_i_1/O
                         net (fo=1, routed)           0.000    14.680    activation_unit_instance/p_0_out_inferred__1/activation_data_reg[17]_i_1_n_0
    SLICE_X88Y40         FDRE                                         r  activation_unit_instance/activation_data_reg[17]/D
  -------------------------------------------------------------------    -------------------

                         (clock s_axi_aclk rise edge)
                                                     10.000    10.000 r  
    U14                                               0.000    10.000 r  s_axi_aclk (IN)
                         net (fo=0)                   0.000    10.000    s_axi_aclk
    U14                  IBUF (Prop_ibuf_I_O)         0.940    10.940 r  s_axi_aclk_IBUF_inst/O
                         net (fo=1, routed)           2.006    12.946    s_axi_aclk_IBUF
    BUFGCTRL_X0Y16       BUFG (Prop_bufg_I_O)         0.091    13.037 r  s_axi_aclk_IBUF_BUFG_inst/O
                         net (fo=759, routed)         1.561    14.598    activation_unit_instance/s_axi_aclk_IBUF_BUFG
    SLICE_X88Y40         FDRE                                         r  activation_unit_instance/activation_data_reg[17]/C
                         clock pessimism              0.458    15.057    
                         clock uncertainty           -0.035    15.021    
    SLICE_X88Y40         FDRE (Setup_fdre_C_D)        0.064    15.085    activation_unit_instance/activation_data_reg[17]
  -------------------------------------------------------------------
                         required time                         15.085    
                         arrival time                         -14.680    
  -------------------------------------------------------------------
                         slack                                  0.405    

Slack (MET) :             0.415ns  (required time - arrival time)
  Source:                 dnn_scheduler_instance/activation_column_reg[1]_rep/C
                            (rising edge-triggered cell FDRE clocked by s_axi_aclk  {rise@0.000ns fall@5.000ns period=10.000ns})
  Destination:            activation_unit_instance/activation_data_reg[27]/D
                            (rising edge-triggered cell FDRE clocked by s_axi_aclk  {rise@0.000ns fall@5.000ns period=10.000ns})
  Path Group:             s_axi_aclk
  Path Type:              Setup (Max at Slow Process Corner)
  Requirement:            10.000ns  (s_axi_aclk rise@10.000ns - s_axi_aclk rise@0.000ns)
  Data Path Delay:        9.515ns  (logic 3.784ns (39.768%)  route 5.731ns (60.232%))
  Logic Levels:           13  (CARRY4=5 LUT2=1 LUT3=1 LUT4=1 LUT5=2 LUT6=2 MUXF7=1)
  Clock Path Skew:        -0.066ns (DCD - SCD + CPR)
    Destination Clock Delay (DCD):    4.658ns = ( 14.658 - 10.000 ) 
    Source Clock Delay      (SCD):    5.183ns
    Clock Pessimism Removal (CPR):    0.458ns
  Clock Uncertainty:      0.035ns  ((TSJ^2 + TIJ^2)^1/2 + DJ) / 2 + PE
    Total System Jitter     (TSJ):    0.071ns
    Total Input Jitter      (TIJ):    0.000ns
    Discrete Jitter          (DJ):    0.000ns
    Phase Error              (PE):    0.000ns

    Location             Delay type                Incr(ns)  Path(ns)    Netlist Resource(s)
  -------------------------------------------------------------------    -------------------
                         (clock s_axi_aclk rise edge)
                                                      0.000     0.000 r  
    U14                                               0.000     0.000 r  s_axi_aclk (IN)
                         net (fo=0)                   0.000     0.000    s_axi_aclk
    U14                  IBUF (Prop_ibuf_I_O)         1.075     1.075 r  s_axi_aclk_IBUF_inst/O
                         net (fo=1, routed)           2.205     3.280    s_axi_aclk_IBUF
    BUFGCTRL_X0Y16       BUFG (Prop_bufg_I_O)         0.101     3.381 r  s_axi_aclk_IBUF_BUFG_inst/O
                         net (fo=759, routed)         1.802     5.183    dnn_scheduler_instance/s_axi_aclk_IBUF_BUFG
    SLICE_X99Y43         FDRE                                         r  dnn_scheduler_instance/activation_column_reg[1]_rep/C
  -------------------------------------------------------------------    -------------------
    SLICE_X99Y43         FDRE (Prop_fdre_C_Q)         0.456     5.639 r  dnn_scheduler_instance/activation_column_reg[1]_rep/Q
                         net (fo=87, routed)          1.140     6.778    bias_sram_instance/activation_data[38]_i_76
    SLICE_X100Y40        LUT6 (Prop_lut6_I2_O)        0.124     6.902 r  bias_sram_instance/activation_data[38]_i_95/O
                         net (fo=1, routed)           0.287     7.189    dnn_scheduler_instance/activation_data[6]_i_47
    SLICE_X99Y40         LUT5 (Prop_lut5_I4_O)        0.124     7.313 r  dnn_scheduler_instance/activation_data[38]_i_78/O
                         net (fo=5, routed)           1.051     8.365    systolic_controller_instance/systolic_array_2d_instance/ARRAY_ROWS[4].ARRAY_COLUMNS[2].pe_systolic_cell_instance/mac_pe_instance/activation_data_reg[30]_i_13_4
    SLICE_X97Y32         LUT4 (Prop_lut4_I3_O)        0.124     8.489 r  systolic_controller_instance/systolic_array_2d_instance/ARRAY_ROWS[4].ARRAY_COLUMNS[2].pe_systolic_cell_instance/mac_pe_instance/activation_data[30]_i_47/O
                         net (fo=1, routed)           0.000     8.489    systolic_controller_instance/systolic_array_2d_instance/ARRAY_ROWS[4].ARRAY_COLUMNS[2].pe_systolic_cell_instance/mac_pe_instance/activation_data[30]_i_47_n_0
    SLICE_X97Y32         CARRY4 (Prop_carry4_S[0]_CO[3])
                                                      0.532     9.021 r  systolic_controller_instance/systolic_array_2d_instance/ARRAY_ROWS[4].ARRAY_COLUMNS[2].pe_systolic_cell_instance/mac_pe_instance/activation_data_reg[30]_i_13/CO[3]
                         net (fo=1, routed)           0.000     9.021    systolic_controller_instance/systolic_array_2d_instance/ARRAY_ROWS[4].ARRAY_COLUMNS[2].pe_systolic_cell_instance/mac_pe_instance/activation_data_reg[30]_i_13_n_0
    SLICE_X97Y33         CARRY4 (Prop_carry4_CI_CO[3])
                                                      0.114     9.135 r  systolic_controller_instance/systolic_array_2d_instance/ARRAY_ROWS[4].ARRAY_COLUMNS[2].pe_systolic_cell_instance/mac_pe_instance/activation_data_reg[30]_i_4/CO[3]
                         net (fo=1, routed)           0.000     9.135    systolic_controller_instance/systolic_array_2d_instance/ARRAY_ROWS[4].ARRAY_COLUMNS[2].pe_systolic_cell_instance/mac_pe_instance/activation_data_reg[30]_i_4_n_0
    SLICE_X97Y34         CARRY4 (Prop_carry4_CI_O[0])
                                                      0.222     9.357 f  systolic_controller_instance/systolic_array_2d_instance/ARRAY_ROWS[4].ARRAY_COLUMNS[2].pe_systolic_cell_instance/mac_pe_instance/activation_data_reg[30]_i_39/O[0]
                         net (fo=4, routed)           0.989    10.345    activation_unit_instance/activation_data_reg[30]_i_5_0[0]
    SLICE_X96Y37         LUT2 (Prop_lut2_I1_O)        0.299    10.644 r  activation_unit_instance/activation_data[30]_i_28/O
                         net (fo=1, routed)           0.000    10.644    systolic_controller_instance/systolic_array_2d_instance/ARRAY_ROWS[3].ARRAY_COLUMNS[3].pe_systolic_cell_instance/mac_pe_instance/activation_data_reg[30]_i_2_1[1]
    SLICE_X96Y37         CARRY4 (Prop_carry4_S[1]_CO[3])
                                                      0.533    11.177 r  systolic_controller_instance/systolic_array_2d_instance/ARRAY_ROWS[3].ARRAY_COLUMNS[3].pe_systolic_cell_instance/mac_pe_instance/activation_data_reg[30]_i_5/CO[3]
                         net (fo=1, routed)           0.000    11.177    systolic_controller_instance/systolic_array_2d_instance/ARRAY_ROWS[3].ARRAY_COLUMNS[3].pe_systolic_cell_instance/mac_pe_instance/activation_data_reg[30]_i_5_n_0
    SLICE_X96Y38         CARRY4 (Prop_carry4_CI_CO[0])
                                                      0.254    11.431 r  systolic_controller_instance/systolic_array_2d_instance/ARRAY_ROWS[3].ARRAY_COLUMNS[3].pe_systolic_cell_instance/mac_pe_instance/activation_data_reg[30]_i_2/CO[0]
                         net (fo=16, routed)          0.519    11.951    systolic_controller_instance/systolic_array_2d_instance/ARRAY_ROWS[3].ARRAY_COLUMNS[3].pe_systolic_cell_instance/mac_pe_instance/CO[0]
    SLICE_X94Y37         LUT3 (Prop_lut3_I0_O)        0.367    12.318 r  systolic_controller_instance/systolic_array_2d_instance/ARRAY_ROWS[3].ARRAY_COLUMNS[3].pe_systolic_cell_instance/mac_pe_instance/activation_data[29]_i_8/O
                         net (fo=21, routed)          1.313    13.631    activation_unit_instance/activation_data_reg[28]_7
    SLICE_X96Y40         LUT6 (Prop_lut6_I2_O)        0.124    13.755 r  activation_unit_instance/p_0_out_inferred__2/activation_data[27]_i_5/O
                         net (fo=1, routed)           0.000    13.755    activation_unit_instance/p_0_out_inferred__2/activation_data[27]_i_5_n_0
    SLICE_X96Y40         MUXF7 (Prop_muxf7_I1_O)      0.214    13.969 r  activation_unit_instance/p_0_out_inferred__2/activation_data_reg[27]_i_2/O
                         net (fo=1, routed)           0.432    14.401    activation_unit_instance/p_0_out_inferred__2/activation_data_reg[27]_i_2_n_0
    SLICE_X95Y38         LUT5 (Prop_lut5_I0_O)        0.297    14.698 r  activation_unit_instance/p_0_out_inferred__2/activation_data[27]_i_1/O
                         net (fo=1, routed)           0.000    14.698    activation_unit_instance/p_0_out_inferred__2/activation_data[27]_i_1_n_0
    SLICE_X95Y38         FDRE                                         r  activation_unit_instance/activation_data_reg[27]/D
  -------------------------------------------------------------------    -------------------

                         (clock s_axi_aclk rise edge)
                                                     10.000    10.000 r  
    U14                                               0.000    10.000 r  s_axi_aclk (IN)
                         net (fo=0)                   0.000    10.000    s_axi_aclk
    U14                  IBUF (Prop_ibuf_I_O)         0.940    10.940 r  s_axi_aclk_IBUF_inst/O
                         net (fo=1, routed)           2.006    12.946    s_axi_aclk_IBUF
    BUFGCTRL_X0Y16       BUFG (Prop_bufg_I_O)         0.091    13.037 r  s_axi_aclk_IBUF_BUFG_inst/O
                         net (fo=759, routed)         1.621    14.658    activation_unit_instance/s_axi_aclk_IBUF_BUFG
    SLICE_X95Y38         FDRE                                         r  activation_unit_instance/activation_data_reg[27]/C
                         clock pessimism              0.458    15.117    
                         clock uncertainty           -0.035    15.081    
    SLICE_X95Y38         FDRE (Setup_fdre_C_D)        0.032    15.113    activation_unit_instance/activation_data_reg[27]
  -------------------------------------------------------------------
                         required time                         15.113    
                         arrival time                         -14.698    
  -------------------------------------------------------------------
                         slack                                  0.415    

Slack (MET) :             0.431ns  (required time - arrival time)
  Source:                 systolic_controller_instance/systolic_array_2d_instance/ARRAY_ROWS[1].ARRAY_COLUMNS[2].pe_systolic_cell_instance/mac_pe_instance/acc_sum_reg/CLK
                            (rising edge-triggered cell DSP48E1 clocked by s_axi_aclk  {rise@0.000ns fall@5.000ns period=10.000ns})
  Destination:            activation_unit_instance/activation_data_reg[9]/D
                            (rising edge-triggered cell FDRE clocked by s_axi_aclk  {rise@0.000ns fall@5.000ns period=10.000ns})
  Path Group:             s_axi_aclk
  Path Type:              Setup (Max at Slow Process Corner)
  Requirement:            10.000ns  (s_axi_aclk rise@10.000ns - s_axi_aclk rise@0.000ns)
  Data Path Delay:        9.346ns  (logic 3.570ns (38.197%)  route 5.776ns (61.803%))
  Logic Levels:           13  (CARRY4=6 LUT2=1 LUT3=1 LUT4=1 LUT6=3 MUXF7=1)
  Clock Path Skew:        -0.251ns (DCD - SCD + CPR)
    Destination Clock Delay (DCD):    4.659ns = ( 14.659 - 10.000 ) 
    Source Clock Delay      (SCD):    5.254ns
    Clock Pessimism Removal (CPR):    0.344ns
  Clock Uncertainty:      0.035ns  ((TSJ^2 + TIJ^2)^1/2 + DJ) / 2 + PE
    Total System Jitter     (TSJ):    0.071ns
    Total Input Jitter      (TIJ):    0.000ns
    Discrete Jitter          (DJ):    0.000ns
    Phase Error              (PE):    0.000ns

    Location             Delay type                Incr(ns)  Path(ns)    Netlist Resource(s)
  -------------------------------------------------------------------    -------------------
                         (clock s_axi_aclk rise edge)
                                                      0.000     0.000 r  
    U14                                               0.000     0.000 r  s_axi_aclk (IN)
                         net (fo=0)                   0.000     0.000    s_axi_aclk
    U14                  IBUF (Prop_ibuf_I_O)         1.075     1.075 r  s_axi_aclk_IBUF_inst/O
                         net (fo=1, routed)           2.205     3.280    s_axi_aclk_IBUF
    BUFGCTRL_X0Y16       BUFG (Prop_bufg_I_O)         0.101     3.381 r  s_axi_aclk_IBUF_BUFG_inst/O
                         net (fo=759, routed)         1.874     5.254    systolic_controller_instance/systolic_array_2d_instance/ARRAY_ROWS[1].ARRAY_COLUMNS[2].pe_systolic_cell_instance/mac_pe_instance/s_axi_aclk_IBUF_BUFG
    DSP48_X3Y20          DSP48E1                                      r  systolic_controller_instance/systolic_array_2d_instance/ARRAY_ROWS[1].ARRAY_COLUMNS[2].pe_systolic_cell_instance/mac_pe_instance/acc_sum_reg/CLK
  -------------------------------------------------------------------    -------------------
    DSP48_X3Y20          DSP48E1 (Prop_dsp48e1_CLK_P[10])
                                                      0.434     5.688 r  systolic_controller_instance/systolic_array_2d_instance/ARRAY_ROWS[1].ARRAY_COLUMNS[2].pe_systolic_cell_instance/mac_pe_instance/acc_sum_reg/P[10]
                         net (fo=2, routed)           1.549     7.238    systolic_controller_instance/systolic_array_2d_instance/ARRAY_ROWS[1].ARRAY_COLUMNS[3].pe_systolic_cell_instance/mac_pe_instance/activation_data[14]_i_63_0[62]
    SLICE_X99Y49         LUT6 (Prop_lut6_I1_O)        0.124     7.362 r  systolic_controller_instance/systolic_array_2d_instance/ARRAY_ROWS[1].ARRAY_COLUMNS[3].pe_systolic_cell_instance/mac_pe_instance/activation_data[13]_i_25/O
                         net (fo=2, routed)           0.785     8.146    systolic_controller_instance/systolic_array_2d_instance/ARRAY_ROWS[2].ARRAY_COLUMNS[2].pe_systolic_cell_instance/mac_pe_instance/activation_data_reg[13]_i_14_4
    SLICE_X97Y47         LUT4 (Prop_lut4_I2_O)        0.124     8.270 r  systolic_controller_instance/systolic_array_2d_instance/ARRAY_ROWS[2].ARRAY_COLUMNS[2].pe_systolic_cell_instance/mac_pe_instance/activation_data[13]_i_20/O
                         net (fo=1, routed)           0.000     8.270    systolic_controller_instance/systolic_array_2d_instance/ARRAY_ROWS[2].ARRAY_COLUMNS[2].pe_systolic_cell_instance/mac_pe_instance/activation_data[13]_i_20_n_0
    SLICE_X97Y47         CARRY4 (Prop_carry4_S[3]_CO[3])
                                                      0.401     8.671 r  systolic_controller_instance/systolic_array_2d_instance/ARRAY_ROWS[2].ARRAY_COLUMNS[2].pe_systolic_cell_instance/mac_pe_instance/activation_data_reg[13]_i_14/CO[3]
                         net (fo=1, routed)           0.000     8.671    systolic_controller_instance/systolic_array_2d_instance/ARRAY_ROWS[2].ARRAY_COLUMNS[2].pe_systolic_cell_instance/mac_pe_instance/activation_data_reg[13]_i_14_n_0
    SLICE_X97Y48         CARRY4 (Prop_carry4_CI_CO[3])
                                                      0.114     8.785 r  systolic_controller_instance/systolic_array_2d_instance/ARRAY_ROWS[2].ARRAY_COLUMNS[2].pe_systolic_cell_instance/mac_pe_instance/activation_data_reg[14]_i_13/CO[3]
                         net (fo=1, routed)           0.000     8.785    systolic_controller_instance/systolic_array_2d_instance/ARRAY_ROWS[2].ARRAY_COLUMNS[2].pe_systolic_cell_instance/mac_pe_instance/activation_data_reg[14]_i_13_n_0
    SLICE_X97Y49         CARRY4 (Prop_carry4_CI_CO[3])
                                                      0.114     8.899 r  systolic_controller_instance/systolic_array_2d_instance/ARRAY_ROWS[2].ARRAY_COLUMNS[2].pe_systolic_cell_instance/mac_pe_instance/activation_data_reg[14]_i_4/CO[3]
                         net (fo=1, routed)           0.001     8.900    systolic_controller_instance/systolic_array_2d_instance/ARRAY_ROWS[2].ARRAY_COLUMNS[2].pe_systolic_cell_instance/mac_pe_instance/activation_data_reg[14]_i_4_n_0
    SLICE_X97Y50         CARRY4 (Prop_carry4_CI_CO[3])
                                                      0.114     9.014 r  systolic_controller_instance/systolic_array_2d_instance/ARRAY_ROWS[2].ARRAY_COLUMNS[2].pe_systolic_cell_instance/mac_pe_instance/activation_data_reg[14]_i_39/CO[3]
                         net (fo=1, routed)           0.000     9.014    systolic_controller_instance/systolic_array_2d_instance/ARRAY_ROWS[2].ARRAY_COLUMNS[2].pe_systolic_cell_instance/mac_pe_instance/activation_data_reg[14]_i_39_n_0
    SLICE_X97Y51         CARRY4 (Prop_carry4_CI_O[1])
                                                      0.334     9.348 r  systolic_controller_instance/systolic_array_2d_instance/ARRAY_ROWS[2].ARRAY_COLUMNS[2].pe_systolic_cell_instance/mac_pe_instance/activation_data_reg[14]_i_30/O[1]
                         net (fo=4, routed)           1.017    10.365    activation_unit_instance/activation_data_reg[14]_i_3_0[1]
    SLICE_X95Y48         LUT2 (Prop_lut2_I0_O)        0.303    10.668 r  activation_unit_instance/activation_data[14]_i_11/O
                         net (fo=1, routed)           0.000    10.668    activation_unit_instance/activation_data[14]_i_11_n_0
    SLICE_X95Y48         CARRY4 (Prop_carry4_S[1]_CO[1])
                                                      0.491    11.159 f  activation_unit_instance/activation_data_reg[14]_i_3/CO[1]
                         net (fo=16, routed)          0.737    11.896    systolic_controller_instance/systolic_array_2d_instance/ARRAY_ROWS[1].ARRAY_COLUMNS[3].pe_systolic_cell_instance/mac_pe_instance/activation_data_reg[12][0]
    SLICE_X94Y48         LUT3 (Prop_lut3_I1_O)        0.353    12.249 r  systolic_controller_instance/systolic_array_2d_instance/ARRAY_ROWS[1].ARRAY_COLUMNS[3].pe_systolic_cell_instance/mac_pe_instance/activation_data[13]_i_11/O
                         net (fo=20, routed)          1.115    13.363    activation_unit_instance/activation_data_reg[12]_4
    SLICE_X90Y44         LUT6 (Prop_lut6_I3_O)        0.328    13.691 r  activation_unit_instance/p_0_out_inferred__0/activation_data[9]_i_6/O
                         net (fo=1, routed)           0.573    14.264    activation_unit_instance/p_0_out_inferred__0/activation_data[9]_i_6_n_0
    SLICE_X91Y44         LUT6 (Prop_lut6_I4_O)        0.124    14.388 r  activation_unit_instance/p_0_out_inferred__0/activation_data[9]_i_2/O
                         net (fo=1, routed)           0.000    14.388    activation_unit_instance/p_0_out_inferred__0/activation_data[9]_i_2_n_0
    SLICE_X91Y44         MUXF7 (Prop_muxf7_I0_O)      0.212    14.600 r  activation_unit_instance/p_0_out_inferred__0/activation_data_reg[9]_i_1/O
                         net (fo=1, routed)           0.000    14.600    activation_unit_instance/p_0_out_inferred__0/activation_data_reg[9]_i_1_n_0
    SLICE_X91Y44         FDRE                                         r  activation_unit_instance/activation_data_reg[9]/D
  -------------------------------------------------------------------    -------------------

                         (clock s_axi_aclk rise edge)
                                                     10.000    10.000 r  
    U14                                               0.000    10.000 r  s_axi_aclk (IN)
                         net (fo=0)                   0.000    10.000    s_axi_aclk
    U14                  IBUF (Prop_ibuf_I_O)         0.940    10.940 r  s_axi_aclk_IBUF_inst/O
                         net (fo=1, routed)           2.006    12.946    s_axi_aclk_IBUF
    BUFGCTRL_X0Y16       BUFG (Prop_bufg_I_O)         0.091    13.037 r  s_axi_aclk_IBUF_BUFG_inst/O
                         net (fo=759, routed)         1.622    14.659    activation_unit_instance/s_axi_aclk_IBUF_BUFG
    SLICE_X91Y44         FDRE                                         r  activation_unit_instance/activation_data_reg[9]/C
                         clock pessimism              0.344    15.003    
                         clock uncertainty           -0.035    14.968    
    SLICE_X91Y44         FDRE (Setup_fdre_C_D)        0.064    15.032    activation_unit_instance/activation_data_reg[9]
  -------------------------------------------------------------------
                         required time                         15.032    
                         arrival time                         -14.600    
  -------------------------------------------------------------------
                         slack                                  0.431    

Slack (MET) :             0.432ns  (required time - arrival time)
  Source:                 systolic_controller_instance/systolic_array_2d_instance/ARRAY_ROWS[1].ARRAY_COLUMNS[2].pe_systolic_cell_instance/mac_pe_instance/acc_sum_reg/CLK
                            (rising edge-triggered cell DSP48E1 clocked by s_axi_aclk  {rise@0.000ns fall@5.000ns period=10.000ns})
  Destination:            activation_unit_instance/activation_data_reg[10]/D
                            (rising edge-triggered cell FDRE clocked by s_axi_aclk  {rise@0.000ns fall@5.000ns period=10.000ns})
  Path Group:             s_axi_aclk
  Path Type:              Setup (Max at Slow Process Corner)
  Requirement:            10.000ns  (s_axi_aclk rise@10.000ns - s_axi_aclk rise@0.000ns)
  Data Path Delay:        9.312ns  (logic 3.517ns (37.768%)  route 5.795ns (62.232%))
  Logic Levels:           13  (CARRY4=6 LUT2=1 LUT3=1 LUT4=1 LUT5=1 LUT6=2 MUXF7=1)
  Clock Path Skew:        -0.251ns (DCD - SCD + CPR)
    Destination Clock Delay (DCD):    4.659ns = ( 14.659 - 10.000 ) 
    Source Clock Delay      (SCD):    5.254ns
    Clock Pessimism Removal (CPR):    0.344ns
  Clock Uncertainty:      0.035ns  ((TSJ^2 + TIJ^2)^1/2 + DJ) / 2 + PE
    Total System Jitter     (TSJ):    0.071ns
    Total Input Jitter      (TIJ):    0.000ns
    Discrete Jitter          (DJ):    0.000ns
    Phase Error              (PE):    0.000ns

    Location             Delay type                Incr(ns)  Path(ns)    Netlist Resource(s)
  -------------------------------------------------------------------    -------------------
                         (clock s_axi_aclk rise edge)
                                                      0.000     0.000 r  
    U14                                               0.000     0.000 r  s_axi_aclk (IN)
                         net (fo=0)                   0.000     0.000    s_axi_aclk
    U14                  IBUF (Prop_ibuf_I_O)         1.075     1.075 r  s_axi_aclk_IBUF_inst/O
                         net (fo=1, routed)           2.205     3.280    s_axi_aclk_IBUF
    BUFGCTRL_X0Y16       BUFG (Prop_bufg_I_O)         0.101     3.381 r  s_axi_aclk_IBUF_BUFG_inst/O
                         net (fo=759, routed)         1.874     5.254    systolic_controller_instance/systolic_array_2d_instance/ARRAY_ROWS[1].ARRAY_COLUMNS[2].pe_systolic_cell_instance/mac_pe_instance/s_axi_aclk_IBUF_BUFG
    DSP48_X3Y20          DSP48E1                                      r  systolic_controller_instance/systolic_array_2d_instance/ARRAY_ROWS[1].ARRAY_COLUMNS[2].pe_systolic_cell_instance/mac_pe_instance/acc_sum_reg/CLK
  -------------------------------------------------------------------    -------------------
    DSP48_X3Y20          DSP48E1 (Prop_dsp48e1_CLK_P[10])
                                                      0.434     5.688 r  systolic_controller_instance/systolic_array_2d_instance/ARRAY_ROWS[1].ARRAY_COLUMNS[2].pe_systolic_cell_instance/mac_pe_instance/acc_sum_reg/P[10]
                         net (fo=2, routed)           1.549     7.238    systolic_controller_instance/systolic_array_2d_instance/ARRAY_ROWS[1].ARRAY_COLUMNS[3].pe_systolic_cell_instance/mac_pe_instance/activation_data[14]_i_63_0[62]
    SLICE_X99Y49         LUT6 (Prop_lut6_I1_O)        0.124     7.362 r  systolic_controller_instance/systolic_array_2d_instance/ARRAY_ROWS[1].ARRAY_COLUMNS[3].pe_systolic_cell_instance/mac_pe_instance/activation_data[13]_i_25/O
                         net (fo=2, routed)           0.785     8.146    systolic_controller_instance/systolic_array_2d_instance/ARRAY_ROWS[2].ARRAY_COLUMNS[2].pe_systolic_cell_instance/mac_pe_instance/activation_data_reg[13]_i_14_4
    SLICE_X97Y47         LUT4 (Prop_lut4_I2_O)        0.124     8.270 r  systolic_controller_instance/systolic_array_2d_instance/ARRAY_ROWS[2].ARRAY_COLUMNS[2].pe_systolic_cell_instance/mac_pe_instance/activation_data[13]_i_20/O
                         net (fo=1, routed)           0.000     8.270    systolic_controller_instance/systolic_array_2d_instance/ARRAY_ROWS[2].ARRAY_COLUMNS[2].pe_systolic_cell_instance/mac_pe_instance/activation_data[13]_i_20_n_0
    SLICE_X97Y47         CARRY4 (Prop_carry4_S[3]_CO[3])
                                                      0.401     8.671 r  systolic_controller_instance/systolic_array_2d_instance/ARRAY_ROWS[2].ARRAY_COLUMNS[2].pe_systolic_cell_instance/mac_pe_instance/activation_data_reg[13]_i_14/CO[3]
                         net (fo=1, routed)           0.000     8.671    systolic_controller_instance/systolic_array_2d_instance/ARRAY_ROWS[2].ARRAY_COLUMNS[2].pe_systolic_cell_instance/mac_pe_instance/activation_data_reg[13]_i_14_n_0
    SLICE_X97Y48         CARRY4 (Prop_carry4_CI_CO[3])
                                                      0.114     8.785 r  systolic_controller_instance/systolic_array_2d_instance/ARRAY_ROWS[2].ARRAY_COLUMNS[2].pe_systolic_cell_instance/mac_pe_instance/activation_data_reg[14]_i_13/CO[3]
                         net (fo=1, routed)           0.000     8.785    systolic_controller_instance/systolic_array_2d_instance/ARRAY_ROWS[2].ARRAY_COLUMNS[2].pe_systolic_cell_instance/mac_pe_instance/activation_data_reg[14]_i_13_n_0
    SLICE_X97Y49         CARRY4 (Prop_carry4_CI_CO[3])
                                                      0.114     8.899 r  systolic_controller_instance/systolic_array_2d_instance/ARRAY_ROWS[2].ARRAY_COLUMNS[2].pe_systolic_cell_instance/mac_pe_instance/activation_data_reg[14]_i_4/CO[3]
                         net (fo=1, routed)           0.001     8.900    systolic_controller_instance/systolic_array_2d_instance/ARRAY_ROWS[2].ARRAY_COLUMNS[2].pe_systolic_cell_instance/mac_pe_instance/activation_data_reg[14]_i_4_n_0
    SLICE_X97Y50         CARRY4 (Prop_carry4_CI_CO[3])
                                                      0.114     9.014 r  systolic_controller_instance/systolic_array_2d_instance/ARRAY_ROWS[2].ARRAY_COLUMNS[2].pe_systolic_cell_instance/mac_pe_instance/activation_data_reg[14]_i_39/CO[3]
                         net (fo=1, routed)           0.000     9.014    systolic_controller_instance/systolic_array_2d_instance/ARRAY_ROWS[2].ARRAY_COLUMNS[2].pe_systolic_cell_instance/mac_pe_instance/activation_data_reg[14]_i_39_n_0
    SLICE_X97Y51         CARRY4 (Prop_carry4_CI_O[1])
                                                      0.334     9.348 r  systolic_controller_instance/systolic_array_2d_instance/ARRAY_ROWS[2].ARRAY_COLUMNS[2].pe_systolic_cell_instance/mac_pe_instance/activation_data_reg[14]_i_30/O[1]
                         net (fo=4, routed)           1.017    10.365    activation_unit_instance/activation_data_reg[14]_i_3_0[1]
    SLICE_X95Y48         LUT2 (Prop_lut2_I0_O)        0.303    10.668 r  activation_unit_instance/activation_data[14]_i_11/O
                         net (fo=1, routed)           0.000    10.668    activation_unit_instance/activation_data[14]_i_11_n_0
    SLICE_X95Y48         CARRY4 (Prop_carry4_S[1]_CO[1])
                                                      0.491    11.159 f  activation_unit_instance/activation_data_reg[14]_i_3/CO[1]
                         net (fo=16, routed)          0.737    11.896    systolic_controller_instance/systolic_array_2d_instance/ARRAY_ROWS[1].ARRAY_COLUMNS[3].pe_systolic_cell_instance/mac_pe_instance/activation_data_reg[12][0]
    SLICE_X94Y48         LUT3 (Prop_lut3_I1_O)        0.329    12.225 r  systolic_controller_instance/systolic_array_2d_instance/ARRAY_ROWS[1].ARRAY_COLUMNS[3].pe_systolic_cell_instance/mac_pe_instance/activation_data[13]_i_10/O
                         net (fo=20, routed)          1.273    13.498    activation_unit_instance/activation_data_reg[12]_5
    SLICE_X91Y45         LUT6 (Prop_lut6_I2_O)        0.124    13.622 r  activation_unit_instance/p_0_out_inferred__0/activation_data[10]_i_4/O
                         net (fo=1, routed)           0.000    13.622    activation_unit_instance/p_0_out_inferred__0/activation_data[10]_i_4_n_0
    SLICE_X91Y45         MUXF7 (Prop_muxf7_I0_O)      0.212    13.834 r  activation_unit_instance/p_0_out_inferred__0/activation_data_reg[10]_i_2/O
                         net (fo=1, routed)           0.433    14.267    activation_unit_instance/p_0_out_inferred__0/activation_data_reg[10]_i_2_n_0
    SLICE_X91Y45         LUT5 (Prop_lut5_I0_O)        0.299    14.566 r  activation_unit_instance/p_0_out_inferred__0/activation_data[10]_i_1/O
                         net (fo=1, routed)           0.000    14.566    activation_unit_instance/p_0_out_inferred__0/activation_data[10]_i_1_n_0
    SLICE_X91Y45         FDRE                                         r  activation_unit_instance/activation_data_reg[10]/D
  -------------------------------------------------------------------    -------------------

                         (clock s_axi_aclk rise edge)
                                                     10.000    10.000 r  
    U14                                               0.000    10.000 r  s_axi_aclk (IN)
                         net (fo=0)                   0.000    10.000    s_axi_aclk
    U14                  IBUF (Prop_ibuf_I_O)         0.940    10.940 r  s_axi_aclk_IBUF_inst/O
                         net (fo=1, routed)           2.006    12.946    s_axi_aclk_IBUF
    BUFGCTRL_X0Y16       BUFG (Prop_bufg_I_O)         0.091    13.037 r  s_axi_aclk_IBUF_BUFG_inst/O
                         net (fo=759, routed)         1.622    14.659    activation_unit_instance/s_axi_aclk_IBUF_BUFG
    SLICE_X91Y45         FDRE                                         r  activation_unit_instance/activation_data_reg[10]/C
                         clock pessimism              0.344    15.003    
                         clock uncertainty           -0.035    14.968    
    SLICE_X91Y45         FDRE (Setup_fdre_C_D)        0.031    14.999    activation_unit_instance/activation_data_reg[10]
  -------------------------------------------------------------------
                         required time                         14.999    
                         arrival time                         -14.566    
  -------------------------------------------------------------------
                         slack                                  0.432    

Slack (MET) :             0.449ns  (required time - arrival time)
  Source:                 systolic_controller_instance/systolic_array_2d_instance/ARRAY_ROWS[1].ARRAY_COLUMNS[1].pe_systolic_cell_instance/mac_pe_instance/acc_sum_reg/CLK
                            (rising edge-triggered cell DSP48E1 clocked by s_axi_aclk  {rise@0.000ns fall@5.000ns period=10.000ns})
  Destination:            activation_unit_instance/activation_data_reg[2]/D
                            (rising edge-triggered cell FDRE clocked by s_axi_aclk  {rise@0.000ns fall@5.000ns period=10.000ns})
  Path Group:             s_axi_aclk
  Path Type:              Setup (Max at Slow Process Corner)
  Requirement:            10.000ns  (s_axi_aclk rise@10.000ns - s_axi_aclk rise@0.000ns)
  Data Path Delay:        9.345ns  (logic 3.754ns (40.173%)  route 5.591ns (59.827%))
  Logic Levels:           13  (CARRY4=6 LUT2=1 LUT3=1 LUT4=1 LUT5=1 LUT6=2 MUXF7=1)
  Clock Path Skew:        -0.250ns (DCD - SCD + CPR)
    Destination Clock Delay (DCD):    4.662ns = ( 14.662 - 10.000 ) 
    Source Clock Delay      (SCD):    5.256ns
    Clock Pessimism Removal (CPR):    0.344ns
  Clock Uncertainty:      0.035ns  ((TSJ^2 + TIJ^2)^1/2 + DJ) / 2 + PE
    Total System Jitter     (TSJ):    0.071ns
    Total Input Jitter      (TIJ):    0.000ns
    Discrete Jitter          (DJ):    0.000ns
    Phase Error              (PE):    0.000ns

    Location             Delay type                Incr(ns)  Path(ns)    Netlist Resource(s)
  -------------------------------------------------------------------    -------------------
                         (clock s_axi_aclk rise edge)
                                                      0.000     0.000 r  
    U14                                               0.000     0.000 r  s_axi_aclk (IN)
                         net (fo=0)                   0.000     0.000    s_axi_aclk
    U14                  IBUF (Prop_ibuf_I_O)         1.075     1.075 r  s_axi_aclk_IBUF_inst/O
                         net (fo=1, routed)           2.205     3.280    s_axi_aclk_IBUF
    BUFGCTRL_X0Y16       BUFG (Prop_bufg_I_O)         0.101     3.381 r  s_axi_aclk_IBUF_BUFG_inst/O
                         net (fo=759, routed)         1.876     5.256    systolic_controller_instance/systolic_array_2d_instance/ARRAY_ROWS[1].ARRAY_COLUMNS[1].pe_systolic_cell_instance/mac_pe_instance/s_axi_aclk_IBUF_BUFG
    DSP48_X4Y20          DSP48E1                                      r  systolic_controller_instance/systolic_array_2d_instance/ARRAY_ROWS[1].ARRAY_COLUMNS[1].pe_systolic_cell_instance/mac_pe_instance/acc_sum_reg/CLK
  -------------------------------------------------------------------    -------------------
    DSP48_X4Y20          DSP48E1 (Prop_dsp48e1_CLK_P[8])
                                                      0.434     5.690 r  systolic_controller_instance/systolic_array_2d_instance/ARRAY_ROWS[1].ARRAY_COLUMNS[1].pe_systolic_cell_instance/mac_pe_instance/acc_sum_reg/P[8]
                         net (fo=2, routed)           1.621     7.311    systolic_controller_instance/systolic_array_2d_instance/ARRAY_ROWS[1].ARRAY_COLUMNS[2].pe_systolic_cell_instance/mac_pe_instance/partial_sums[60]
    SLICE_X96Y43         LUT6 (Prop_lut6_I1_O)        0.124     7.435 r  systolic_controller_instance/systolic_array_2d_instance/ARRAY_ROWS[1].ARRAY_COLUMNS[2].pe_systolic_cell_instance/mac_pe_instance/activation_data[5]_i_28/O
                         net (fo=2, routed)           0.797     8.232    systolic_controller_instance/systolic_array_2d_instance/ARRAY_ROWS[1].ARRAY_COLUMNS[2].pe_systolic_cell_instance/mac_pe_instance/activation_data[5]_i_28_n_0
    SLICE_X97Y42         LUT4 (Prop_lut4_I0_O)        0.124     8.356 r  systolic_controller_instance/systolic_array_2d_instance/ARRAY_ROWS[1].ARRAY_COLUMNS[2].pe_systolic_cell_instance/mac_pe_instance/activation_data[5]_i_22/O
                         net (fo=1, routed)           0.000     8.356    systolic_controller_instance/systolic_array_2d_instance/ARRAY_ROWS[1].ARRAY_COLUMNS[2].pe_systolic_cell_instance/mac_pe_instance/activation_data[5]_i_22_n_0
    SLICE_X97Y42         CARRY4 (Prop_carry4_S[1]_CO[3])
                                                      0.550     8.906 r  systolic_controller_instance/systolic_array_2d_instance/ARRAY_ROWS[1].ARRAY_COLUMNS[2].pe_systolic_cell_instance/mac_pe_instance/activation_data_reg[5]_i_14/CO[3]
                         net (fo=1, routed)           0.000     8.906    systolic_controller_instance/systolic_array_2d_instance/ARRAY_ROWS[1].ARRAY_COLUMNS[2].pe_systolic_cell_instance/mac_pe_instance/activation_data_reg[5]_i_14_n_0
    SLICE_X97Y43         CARRY4 (Prop_carry4_CI_CO[3])
                                                      0.114     9.020 r  systolic_controller_instance/systolic_array_2d_instance/ARRAY_ROWS[1].ARRAY_COLUMNS[2].pe_systolic_cell_instance/mac_pe_instance/activation_data_reg[6]_i_13/CO[3]
                         net (fo=1, routed)           0.000     9.020    systolic_controller_instance/systolic_array_2d_instance/ARRAY_ROWS[1].ARRAY_COLUMNS[2].pe_systolic_cell_instance/mac_pe_instance/activation_data_reg[6]_i_13_n_0
    SLICE_X97Y44         CARRY4 (Prop_carry4_CI_CO[3])
                                                      0.114     9.134 r  systolic_controller_instance/systolic_array_2d_instance/ARRAY_ROWS[1].ARRAY_COLUMNS[2].pe_systolic_cell_instance/mac_pe_instance/activation_data_reg[6]_i_4/CO[3]
                         net (fo=1, routed)           0.000     9.134    systolic_controller_instance/systolic_array_2d_instance/ARRAY_ROWS[1].ARRAY_COLUMNS[2].pe_systolic_cell_instance/mac_pe_instance/activation_data_reg[6]_i_4_n_0
    SLICE_X97Y45         CARRY4 (Prop_carry4_CI_O[3])
                                                      0.313     9.447 f  systolic_controller_instance/systolic_array_2d_instance/ARRAY_ROWS[1].ARRAY_COLUMNS[2].pe_systolic_cell_instance/mac_pe_instance/activation_data_reg[6]_i_39/O[3]
                         net (fo=4, routed)           0.939    10.386    activation_unit_instance/activation_data_reg[6]_i_5[3]
    SLICE_X97Y40         LUT2 (Prop_lut2_I0_O)        0.306    10.692 r  activation_unit_instance/activation_data[6]_i_26/O
                         net (fo=1, routed)           0.000    10.692    systolic_controller_instance/systolic_array_2d_instance/ARRAY_ROWS[0].ARRAY_COLUMNS[3].pe_systolic_cell_instance/mac_pe_instance/activation_data_reg[6]_i_2_1[3]
    SLICE_X97Y40         CARRY4 (Prop_carry4_S[3]_CO[3])
                                                      0.401    11.093 r  systolic_controller_instance/systolic_array_2d_instance/ARRAY_ROWS[0].ARRAY_COLUMNS[3].pe_systolic_cell_instance/mac_pe_instance/activation_data_reg[6]_i_5/CO[3]
                         net (fo=1, routed)           0.000    11.093    systolic_controller_instance/systolic_array_2d_instance/ARRAY_ROWS[0].ARRAY_COLUMNS[3].pe_systolic_cell_instance/mac_pe_instance/activation_data_reg[6]_i_5_n_0
    SLICE_X97Y41         CARRY4 (Prop_carry4_CI_CO[0])
                                                      0.271    11.364 r  systolic_controller_instance/systolic_array_2d_instance/ARRAY_ROWS[0].ARRAY_COLUMNS[3].pe_systolic_cell_instance/mac_pe_instance/activation_data_reg[6]_i_2/CO[0]
                         net (fo=16, routed)          0.689    12.053    systolic_controller_instance/systolic_array_2d_instance/ARRAY_ROWS[0].ARRAY_COLUMNS[3].pe_systolic_cell_instance/mac_pe_instance/CO[0]
    SLICE_X96Y43         LUT3 (Prop_lut3_I0_O)        0.373    12.426 r  systolic_controller_instance/systolic_array_2d_instance/ARRAY_ROWS[0].ARRAY_COLUMNS[3].pe_systolic_cell_instance/mac_pe_instance/activation_data[5]_i_13/O
                         net (fo=21, routed)          1.105    13.531    activation_unit_instance/activation_data_reg[4]_8
    SLICE_X100Y46        LUT6 (Prop_lut6_I0_O)        0.124    13.655 r  activation_unit_instance/activation_data[2]_i_4/O
                         net (fo=1, routed)           0.000    13.655    activation_unit_instance/activation_data[2]_i_4_n_0
    SLICE_X100Y46        MUXF7 (Prop_muxf7_I0_O)      0.209    13.864 r  activation_unit_instance/activation_data_reg[2]_i_2/O
                         net (fo=1, routed)           0.440    14.304    activation_unit_instance/activation_data_reg[2]_i_2_n_0
    SLICE_X100Y45        LUT5 (Prop_lut5_I0_O)        0.297    14.601 r  activation_unit_instance/activation_data[2]_i_1/O
                         net (fo=1, routed)           0.000    14.601    activation_unit_instance/p_0_out[2]
    SLICE_X100Y45        FDRE                                         r  activation_unit_instance/activation_data_reg[2]/D
  -------------------------------------------------------------------    -------------------

                         (clock s_axi_aclk rise edge)
                                                     10.000    10.000 r  
    U14                                               0.000    10.000 r  s_axi_aclk (IN)
                         net (fo=0)                   0.000    10.000    s_axi_aclk
    U14                  IBUF (Prop_ibuf_I_O)         0.940    10.940 r  s_axi_aclk_IBUF_inst/O
                         net (fo=1, routed)           2.006    12.946    s_axi_aclk_IBUF
    BUFGCTRL_X0Y16       BUFG (Prop_bufg_I_O)         0.091    13.037 r  s_axi_aclk_IBUF_BUFG_inst/O
                         net (fo=759, routed)         1.625    14.662    activation_unit_instance/s_axi_aclk_IBUF_BUFG
    SLICE_X100Y45        FDRE                                         r  activation_unit_instance/activation_data_reg[2]/C
                         clock pessimism              0.344    15.006    
                         clock uncertainty           -0.035    14.971    
    SLICE_X100Y45        FDRE (Setup_fdre_C_D)        0.079    15.050    activation_unit_instance/activation_data_reg[2]
  -------------------------------------------------------------------
                         required time                         15.050    
                         arrival time                         -14.601    
  -------------------------------------------------------------------
                         slack                                  0.449    

Slack (MET) :             0.460ns  (required time - arrival time)
  Source:                 dnn_scheduler_instance/activation_column_reg[1]_rep/C
                            (rising edge-triggered cell FDRE clocked by s_axi_aclk  {rise@0.000ns fall@5.000ns period=10.000ns})
  Destination:            activation_unit_instance/activation_data_reg[24]/D
                            (rising edge-triggered cell FDRE clocked by s_axi_aclk  {rise@0.000ns fall@5.000ns period=10.000ns})
  Path Group:             s_axi_aclk
  Path Type:              Setup (Max at Slow Process Corner)
  Requirement:            10.000ns  (s_axi_aclk rise@10.000ns - s_axi_aclk rise@0.000ns)
  Data Path Delay:        9.589ns  (logic 3.495ns (36.448%)  route 6.094ns (63.552%))
  Logic Levels:           12  (CARRY4=4 LUT2=1 LUT3=1 LUT4=1 LUT5=1 LUT6=3 MUXF7=1)
  Clock Path Skew:        -0.029ns (DCD - SCD + CPR)
    Destination Clock Delay (DCD):    4.658ns = ( 14.658 - 10.000 ) 
    Source Clock Delay      (SCD):    5.183ns
    Clock Pessimism Removal (CPR):    0.495ns
  Clock Uncertainty:      0.035ns  ((TSJ^2 + TIJ^2)^1/2 + DJ) / 2 + PE
    Total System Jitter     (TSJ):    0.071ns
    Total Input Jitter      (TIJ):    0.000ns
    Discrete Jitter          (DJ):    0.000ns
    Phase Error              (PE):    0.000ns

    Location             Delay type                Incr(ns)  Path(ns)    Netlist Resource(s)
  -------------------------------------------------------------------    -------------------
                         (clock s_axi_aclk rise edge)
                                                      0.000     0.000 r  
    U14                                               0.000     0.000 r  s_axi_aclk (IN)
                         net (fo=0)                   0.000     0.000    s_axi_aclk
    U14                  IBUF (Prop_ibuf_I_O)         1.075     1.075 r  s_axi_aclk_IBUF_inst/O
                         net (fo=1, routed)           2.205     3.280    s_axi_aclk_IBUF
    BUFGCTRL_X0Y16       BUFG (Prop_bufg_I_O)         0.101     3.381 r  s_axi_aclk_IBUF_BUFG_inst/O
                         net (fo=759, routed)         1.802     5.183    dnn_scheduler_instance/s_axi_aclk_IBUF_BUFG
    SLICE_X99Y43         FDRE                                         r  dnn_scheduler_instance/activation_column_reg[1]_rep/C
  -------------------------------------------------------------------    -------------------
    SLICE_X99Y43         FDRE (Prop_fdre_C_Q)         0.456     5.639 r  dnn_scheduler_instance/activation_column_reg[1]_rep/Q
                         net (fo=87, routed)          1.140     6.778    bias_sram_instance/activation_data[38]_i_76
    SLICE_X100Y40        LUT6 (Prop_lut6_I2_O)        0.124     6.902 r  bias_sram_instance/activation_data[38]_i_95/O
                         net (fo=1, routed)           0.287     7.189    dnn_scheduler_instance/activation_data[6]_i_47
    SLICE_X99Y40         LUT5 (Prop_lut5_I4_O)        0.124     7.313 r  dnn_scheduler_instance/activation_data[38]_i_78/O
                         net (fo=5, routed)           1.051     8.365    systolic_controller_instance/systolic_array_2d_instance/ARRAY_ROWS[4].ARRAY_COLUMNS[2].pe_systolic_cell_instance/mac_pe_instance/activation_data_reg[30]_i_13_4
    SLICE_X97Y32         LUT4 (Prop_lut4_I3_O)        0.124     8.489 r  systolic_controller_instance/systolic_array_2d_instance/ARRAY_ROWS[4].ARRAY_COLUMNS[2].pe_systolic_cell_instance/mac_pe_instance/activation_data[30]_i_47/O
                         net (fo=1, routed)           0.000     8.489    systolic_controller_instance/systolic_array_2d_instance/ARRAY_ROWS[4].ARRAY_COLUMNS[2].pe_systolic_cell_instance/mac_pe_instance/activation_data[30]_i_47_n_0
    SLICE_X97Y32         CARRY4 (Prop_carry4_S[0]_CO[3])
                                                      0.532     9.021 r  systolic_controller_instance/systolic_array_2d_instance/ARRAY_ROWS[4].ARRAY_COLUMNS[2].pe_systolic_cell_instance/mac_pe_instance/activation_data_reg[30]_i_13/CO[3]
                         net (fo=1, routed)           0.000     9.021    systolic_controller_instance/systolic_array_2d_instance/ARRAY_ROWS[4].ARRAY_COLUMNS[2].pe_systolic_cell_instance/mac_pe_instance/activation_data_reg[30]_i_13_n_0
    SLICE_X97Y33         CARRY4 (Prop_carry4_CI_O[1])
                                                      0.334     9.355 r  systolic_controller_instance/systolic_array_2d_instance/ARRAY_ROWS[4].ARRAY_COLUMNS[2].pe_systolic_cell_instance/mac_pe_instance/activation_data_reg[30]_i_4/O[1]
                         net (fo=4, routed)           0.918    10.273    activation_unit_instance/activation_data_reg[30]_i_5[1]
    SLICE_X97Y36         LUT2 (Prop_lut2_I0_O)        0.303    10.576 r  activation_unit_instance/activation_data[30]_i_37/O
                         net (fo=1, routed)           0.000    10.576    activation_unit_instance/activation_data[30]_i_37_n_0
    SLICE_X97Y36         CARRY4 (Prop_carry4_S[1]_CO[3])
                                                      0.550    11.126 r  activation_unit_instance/activation_data_reg[30]_i_8/CO[3]
                         net (fo=1, routed)           0.000    11.126    activation_unit_instance/activation_data_reg[30]_i_8_n_0
    SLICE_X97Y37         CARRY4 (Prop_carry4_CI_CO[1])
                                                      0.157    11.283 f  activation_unit_instance/activation_data_reg[30]_i_3/CO[1]
                         net (fo=16, routed)          0.942    12.226    systolic_controller_instance/systolic_array_2d_instance/ARRAY_ROWS[3].ARRAY_COLUMNS[3].pe_systolic_cell_instance/mac_pe_instance/activation_data_reg[28][0]
    SLICE_X96Y39         LUT3 (Prop_lut3_I1_O)        0.329    12.555 r  systolic_controller_instance/systolic_array_2d_instance/ARRAY_ROWS[3].ARRAY_COLUMNS[3].pe_systolic_cell_instance/mac_pe_instance/activation_data[29]_i_13/O
                         net (fo=21, routed)          1.092    13.647    activation_unit_instance/activation_data_reg[28]_8
    SLICE_X99Y37         LUT6 (Prop_lut6_I0_O)        0.124    13.771 r  activation_unit_instance/p_0_out_inferred__2/activation_data[24]_i_8/O
                         net (fo=1, routed)           0.663    14.434    activation_unit_instance/p_0_out_inferred__2/activation_data[24]_i_8_n_0
    SLICE_X98Y37         LUT6 (Prop_lut6_I3_O)        0.124    14.558 r  activation_unit_instance/p_0_out_inferred__2/activation_data[24]_i_3/O
                         net (fo=1, routed)           0.000    14.558    activation_unit_instance/p_0_out_inferred__2/activation_data[24]_i_3_n_0
    SLICE_X98Y37         MUXF7 (Prop_muxf7_I1_O)      0.214    14.772 r  activation_unit_instance/p_0_out_inferred__2/activation_data_reg[24]_i_1/O
                         net (fo=1, routed)           0.000    14.772    activation_unit_instance/p_0_out_inferred__2/activation_data_reg[24]_i_1_n_0
    SLICE_X98Y37         FDRE                                         r  activation_unit_instance/activation_data_reg[24]/D
  -------------------------------------------------------------------    -------------------

                         (clock s_axi_aclk rise edge)
                                                     10.000    10.000 r  
    U14                                               0.000    10.000 r  s_axi_aclk (IN)
                         net (fo=0)                   0.000    10.000    s_axi_aclk
    U14                  IBUF (Prop_ibuf_I_O)         0.940    10.940 r  s_axi_aclk_IBUF_inst/O
                         net (fo=1, routed)           2.006    12.946    s_axi_aclk_IBUF
    BUFGCTRL_X0Y16       BUFG (Prop_bufg_I_O)         0.091    13.037 r  s_axi_aclk_IBUF_BUFG_inst/O
                         net (fo=759, routed)         1.621    14.658    activation_unit_instance/s_axi_aclk_IBUF_BUFG
    SLICE_X98Y37         FDRE                                         r  activation_unit_instance/activation_data_reg[24]/C
                         clock pessimism              0.495    15.154    
                         clock uncertainty           -0.035    15.118    
    SLICE_X98Y37         FDRE (Setup_fdre_C_D)        0.113    15.231    activation_unit_instance/activation_data_reg[24]
  -------------------------------------------------------------------
                         required time                         15.231    
                         arrival time                         -14.772    
  -------------------------------------------------------------------
                         slack                                  0.460    

Slack (MET) :             0.475ns  (required time - arrival time)
  Source:                 dnn_scheduler_instance/activation_column_reg[1]_rep/C
                            (rising edge-triggered cell FDRE clocked by s_axi_aclk  {rise@0.000ns fall@5.000ns period=10.000ns})
  Destination:            activation_unit_instance/activation_data_reg[18]/D
                            (rising edge-triggered cell FDRE clocked by s_axi_aclk  {rise@0.000ns fall@5.000ns period=10.000ns})
  Path Group:             s_axi_aclk
  Path Type:              Setup (Max at Slow Process Corner)
  Requirement:            10.000ns  (s_axi_aclk rise@10.000ns - s_axi_aclk rise@0.000ns)
  Data Path Delay:        9.395ns  (logic 3.684ns (39.212%)  route 5.711ns (60.788%))
  Logic Levels:           13  (CARRY4=5 LUT2=1 LUT3=1 LUT4=1 LUT5=2 LUT6=2 MUXF7=1)
  Clock Path Skew:        -0.126ns (DCD - SCD + CPR)
    Destination Clock Delay (DCD):    4.598ns = ( 14.598 - 10.000 ) 
    Source Clock Delay      (SCD):    5.183ns
    Clock Pessimism Removal (CPR):    0.458ns
  Clock Uncertainty:      0.035ns  ((TSJ^2 + TIJ^2)^1/2 + DJ) / 2 + PE
    Total System Jitter     (TSJ):    0.071ns
    Total Input Jitter      (TIJ):    0.000ns
    Discrete Jitter          (DJ):    0.000ns
    Phase Error              (PE):    0.000ns

    Location             Delay type                Incr(ns)  Path(ns)    Netlist Resource(s)
  -------------------------------------------------------------------    -------------------
                         (clock s_axi_aclk rise edge)
                                                      0.000     0.000 r  
    U14                                               0.000     0.000 r  s_axi_aclk (IN)
                         net (fo=0)                   0.000     0.000    s_axi_aclk
    U14                  IBUF (Prop_ibuf_I_O)         1.075     1.075 r  s_axi_aclk_IBUF_inst/O
                         net (fo=1, routed)           2.205     3.280    s_axi_aclk_IBUF
    BUFGCTRL_X0Y16       BUFG (Prop_bufg_I_O)         0.101     3.381 r  s_axi_aclk_IBUF_BUFG_inst/O
                         net (fo=759, routed)         1.802     5.183    dnn_scheduler_instance/s_axi_aclk_IBUF_BUFG
    SLICE_X99Y43         FDRE                                         r  dnn_scheduler_instance/activation_column_reg[1]_rep/C
  -------------------------------------------------------------------    -------------------
    SLICE_X99Y43         FDRE (Prop_fdre_C_Q)         0.456     5.639 r  dnn_scheduler_instance/activation_column_reg[1]_rep/Q
                         net (fo=87, routed)          1.140     6.778    bias_sram_instance/activation_data[38]_i_76
    SLICE_X100Y40        LUT6 (Prop_lut6_I2_O)        0.124     6.902 r  bias_sram_instance/activation_data[38]_i_95/O
                         net (fo=1, routed)           0.287     7.189    dnn_scheduler_instance/activation_data[6]_i_47
    SLICE_X99Y40         LUT5 (Prop_lut5_I4_O)        0.124     7.313 r  dnn_scheduler_instance/activation_data[38]_i_78/O
                         net (fo=5, routed)           0.923     8.236    systolic_controller_instance/systolic_array_2d_instance/ARRAY_ROWS[3].ARRAY_COLUMNS[2].pe_systolic_cell_instance/mac_pe_instance/activation_data_reg[22]_i_13_4
    SLICE_X93Y41         LUT4 (Prop_lut4_I3_O)        0.124     8.360 r  systolic_controller_instance/systolic_array_2d_instance/ARRAY_ROWS[3].ARRAY_COLUMNS[2].pe_systolic_cell_instance/mac_pe_instance/activation_data[22]_i_47/O
                         net (fo=1, routed)           0.000     8.360    systolic_controller_instance/systolic_array_2d_instance/ARRAY_ROWS[3].ARRAY_COLUMNS[2].pe_systolic_cell_instance/mac_pe_instance/activation_data[22]_i_47_n_0
    SLICE_X93Y41         CARRY4 (Prop_carry4_S[0]_CO[3])
                                                      0.532     8.892 r  systolic_controller_instance/systolic_array_2d_instance/ARRAY_ROWS[3].ARRAY_COLUMNS[2].pe_systolic_cell_instance/mac_pe_instance/activation_data_reg[22]_i_13/CO[3]
                         net (fo=1, routed)           0.000     8.892    systolic_controller_instance/systolic_array_2d_instance/ARRAY_ROWS[3].ARRAY_COLUMNS[2].pe_systolic_cell_instance/mac_pe_instance/activation_data_reg[22]_i_13_n_0
    SLICE_X93Y42         CARRY4 (Prop_carry4_CI_CO[3])
                                                      0.114     9.006 r  systolic_controller_instance/systolic_array_2d_instance/ARRAY_ROWS[3].ARRAY_COLUMNS[2].pe_systolic_cell_instance/mac_pe_instance/activation_data_reg[22]_i_4/CO[3]
                         net (fo=1, routed)           0.000     9.006    systolic_controller_instance/systolic_array_2d_instance/ARRAY_ROWS[3].ARRAY_COLUMNS[2].pe_systolic_cell_instance/mac_pe_instance/activation_data_reg[22]_i_4_n_0
    SLICE_X93Y43         CARRY4 (Prop_carry4_CI_CO[3])
                                                      0.114     9.120 r  systolic_controller_instance/systolic_array_2d_instance/ARRAY_ROWS[3].ARRAY_COLUMNS[2].pe_systolic_cell_instance/mac_pe_instance/activation_data_reg[22]_i_39/CO[3]
                         net (fo=1, routed)           0.000     9.120    systolic_controller_instance/systolic_array_2d_instance/ARRAY_ROWS[3].ARRAY_COLUMNS[2].pe_systolic_cell_instance/mac_pe_instance/activation_data_reg[22]_i_39_n_0
    SLICE_X93Y44         CARRY4 (Prop_carry4_CI_O[1])
                                                      0.334     9.454 r  systolic_controller_instance/systolic_array_2d_instance/ARRAY_ROWS[3].ARRAY_COLUMNS[2].pe_systolic_cell_instance/mac_pe_instance/activation_data_reg[22]_i_30/O[1]
                         net (fo=4, routed)           0.831    10.285    activation_unit_instance/activation_data_reg[22]_i_3_0[1]
    SLICE_X92Y43         LUT2 (Prop_lut2_I0_O)        0.303    10.588 r  activation_unit_instance/activation_data[22]_i_11/O
                         net (fo=1, routed)           0.000    10.588    activation_unit_instance/activation_data[22]_i_11_n_0
    SLICE_X92Y43         CARRY4 (Prop_carry4_S[1]_CO[1])
                                                      0.492    11.080 f  activation_unit_instance/activation_data_reg[22]_i_3/CO[1]
                         net (fo=16, routed)          0.803    11.883    systolic_controller_instance/systolic_array_2d_instance/ARRAY_ROWS[2].ARRAY_COLUMNS[3].pe_systolic_cell_instance/mac_pe_instance/activation_data_reg[20][0]
    SLICE_X90Y41         LUT3 (Prop_lut3_I1_O)        0.332    12.215 r  systolic_controller_instance/systolic_array_2d_instance/ARRAY_ROWS[2].ARRAY_COLUMNS[3].pe_systolic_cell_instance/mac_pe_instance/activation_data[21]_i_13/O
                         net (fo=21, routed)          1.295    13.509    activation_unit_instance/activation_data_reg[20]_8
    SLICE_X89Y40         LUT6 (Prop_lut6_I0_O)        0.124    13.633 r  activation_unit_instance/p_0_out_inferred__1/activation_data[18]_i_4/O
                         net (fo=1, routed)           0.000    13.633    activation_unit_instance/p_0_out_inferred__1/activation_data[18]_i_4_n_0
    SLICE_X89Y40         MUXF7 (Prop_muxf7_I0_O)      0.212    13.845 r  activation_unit_instance/p_0_out_inferred__1/activation_data_reg[18]_i_2/O
                         net (fo=1, routed)           0.433    14.279    activation_unit_instance/p_0_out_inferred__1/activation_data_reg[18]_i_2_n_0
    SLICE_X89Y40         LUT5 (Prop_lut5_I0_O)        0.299    14.578 r  activation_unit_instance/p_0_out_inferred__1/activation_data[18]_i_1/O
                         net (fo=1, routed)           0.000    14.578    activation_unit_instance/p_0_out_inferred__1/activation_data[18]_i_1_n_0
    SLICE_X89Y40         FDRE                                         r  activation_unit_instance/activation_data_reg[18]/D
  -------------------------------------------------------------------    -------------------

                         (clock s_axi_aclk rise edge)
                                                     10.000    10.000 r  
    U14                                               0.000    10.000 r  s_axi_aclk (IN)
                         net (fo=0)                   0.000    10.000    s_axi_aclk
    U14                  IBUF (Prop_ibuf_I_O)         0.940    10.940 r  s_axi_aclk_IBUF_inst/O
                         net (fo=1, routed)           2.006    12.946    s_axi_aclk_IBUF
    BUFGCTRL_X0Y16       BUFG (Prop_bufg_I_O)         0.091    13.037 r  s_axi_aclk_IBUF_BUFG_inst/O
                         net (fo=759, routed)         1.561    14.598    activation_unit_instance/s_axi_aclk_IBUF_BUFG
    SLICE_X89Y40         FDRE                                         r  activation_unit_instance/activation_data_reg[18]/C
                         clock pessimism              0.458    15.057    
                         clock uncertainty           -0.035    15.021    
    SLICE_X89Y40         FDRE (Setup_fdre_C_D)        0.031    15.052    activation_unit_instance/activation_data_reg[18]
  -------------------------------------------------------------------
                         required time                         15.052    
                         arrival time                         -14.578    
  -------------------------------------------------------------------
                         slack                                  0.475    

Slack (MET) :             0.510ns  (required time - arrival time)
  Source:                 dnn_scheduler_instance/activation_column_reg[1]_rep/C
                            (rising edge-triggered cell FDRE clocked by s_axi_aclk  {rise@0.000ns fall@5.000ns period=10.000ns})
  Destination:            activation_unit_instance/activation_data_reg[25]/D
                            (rising edge-triggered cell FDRE clocked by s_axi_aclk  {rise@0.000ns fall@5.000ns period=10.000ns})
  Path Group:             s_axi_aclk
  Path Type:              Setup (Max at Slow Process Corner)
  Requirement:            10.000ns  (s_axi_aclk rise@10.000ns - s_axi_aclk rise@0.000ns)
  Data Path Delay:        9.538ns  (logic 3.490ns (36.592%)  route 6.048ns (63.408%))
  Logic Levels:           12  (CARRY4=4 LUT2=1 LUT3=1 LUT4=1 LUT5=1 LUT6=3 MUXF7=1)
  Clock Path Skew:        -0.030ns (DCD - SCD + CPR)
    Destination Clock Delay (DCD):    4.657ns = ( 14.657 - 10.000 ) 
    Source Clock Delay      (SCD):    5.183ns
    Clock Pessimism Removal (CPR):    0.495ns
  Clock Uncertainty:      0.035ns  ((TSJ^2 + TIJ^2)^1/2 + DJ) / 2 + PE
    Total System Jitter     (TSJ):    0.071ns
    Total Input Jitter      (TIJ):    0.000ns
    Discrete Jitter          (DJ):    0.000ns
    Phase Error              (PE):    0.000ns

    Location             Delay type                Incr(ns)  Path(ns)    Netlist Resource(s)
  -------------------------------------------------------------------    -------------------
                         (clock s_axi_aclk rise edge)
                                                      0.000     0.000 r  
    U14                                               0.000     0.000 r  s_axi_aclk (IN)
                         net (fo=0)                   0.000     0.000    s_axi_aclk
    U14                  IBUF (Prop_ibuf_I_O)         1.075     1.075 r  s_axi_aclk_IBUF_inst/O
                         net (fo=1, routed)           2.205     3.280    s_axi_aclk_IBUF
    BUFGCTRL_X0Y16       BUFG (Prop_bufg_I_O)         0.101     3.381 r  s_axi_aclk_IBUF_BUFG_inst/O
                         net (fo=759, routed)         1.802     5.183    dnn_scheduler_instance/s_axi_aclk_IBUF_BUFG
    SLICE_X99Y43         FDRE                                         r  dnn_scheduler_instance/activation_column_reg[1]_rep/C
  -------------------------------------------------------------------    -------------------
    SLICE_X99Y43         FDRE (Prop_fdre_C_Q)         0.456     5.639 r  dnn_scheduler_instance/activation_column_reg[1]_rep/Q
                         net (fo=87, routed)          1.140     6.778    bias_sram_instance/activation_data[38]_i_76
    SLICE_X100Y40        LUT6 (Prop_lut6_I2_O)        0.124     6.902 r  bias_sram_instance/activation_data[38]_i_95/O
                         net (fo=1, routed)           0.287     7.189    dnn_scheduler_instance/activation_data[6]_i_47
    SLICE_X99Y40         LUT5 (Prop_lut5_I4_O)        0.124     7.313 r  dnn_scheduler_instance/activation_data[38]_i_78/O
                         net (fo=5, routed)           1.051     8.365    systolic_controller_instance/systolic_array_2d_instance/ARRAY_ROWS[4].ARRAY_COLUMNS[2].pe_systolic_cell_instance/mac_pe_instance/activation_data_reg[30]_i_13_4
    SLICE_X97Y32         LUT4 (Prop_lut4_I3_O)        0.124     8.489 r  systolic_controller_instance/systolic_array_2d_instance/ARRAY_ROWS[4].ARRAY_COLUMNS[2].pe_systolic_cell_instance/mac_pe_instance/activation_data[30]_i_47/O
                         net (fo=1, routed)           0.000     8.489    systolic_controller_instance/systolic_array_2d_instance/ARRAY_ROWS[4].ARRAY_COLUMNS[2].pe_systolic_cell_instance/mac_pe_instance/activation_data[30]_i_47_n_0
    SLICE_X97Y32         CARRY4 (Prop_carry4_S[0]_CO[3])
                                                      0.532     9.021 r  systolic_controller_instance/systolic_array_2d_instance/ARRAY_ROWS[4].ARRAY_COLUMNS[2].pe_systolic_cell_instance/mac_pe_instance/activation_data_reg[30]_i_13/CO[3]
                         net (fo=1, routed)           0.000     9.021    systolic_controller_instance/systolic_array_2d_instance/ARRAY_ROWS[4].ARRAY_COLUMNS[2].pe_systolic_cell_instance/mac_pe_instance/activation_data_reg[30]_i_13_n_0
    SLICE_X97Y33         CARRY4 (Prop_carry4_CI_O[1])
                                                      0.334     9.355 r  systolic_controller_instance/systolic_array_2d_instance/ARRAY_ROWS[4].ARRAY_COLUMNS[2].pe_systolic_cell_instance/mac_pe_instance/activation_data_reg[30]_i_4/O[1]
                         net (fo=4, routed)           0.918    10.273    activation_unit_instance/activation_data_reg[30]_i_5[1]
    SLICE_X97Y36         LUT2 (Prop_lut2_I0_O)        0.303    10.576 r  activation_unit_instance/activation_data[30]_i_37/O
                         net (fo=1, routed)           0.000    10.576    activation_unit_instance/activation_data[30]_i_37_n_0
    SLICE_X97Y36         CARRY4 (Prop_carry4_S[1]_CO[3])
                                                      0.550    11.126 r  activation_unit_instance/activation_data_reg[30]_i_8/CO[3]
                         net (fo=1, routed)           0.000    11.126    activation_unit_instance/activation_data_reg[30]_i_8_n_0
    SLICE_X97Y37         CARRY4 (Prop_carry4_CI_CO[1])
                                                      0.157    11.283 f  activation_unit_instance/activation_data_reg[30]_i_3/CO[1]
                         net (fo=16, routed)          0.942    12.226    systolic_controller_instance/systolic_array_2d_instance/ARRAY_ROWS[3].ARRAY_COLUMNS[3].pe_systolic_cell_instance/mac_pe_instance/activation_data_reg[28][0]
    SLICE_X96Y39         LUT3 (Prop_lut3_I1_O)        0.329    12.555 r  systolic_controller_instance/systolic_array_2d_instance/ARRAY_ROWS[3].ARRAY_COLUMNS[3].pe_systolic_cell_instance/mac_pe_instance/activation_data[29]_i_13/O
                         net (fo=21, routed)          1.070    13.624    activation_unit_instance/activation_data_reg[28]_8
    SLICE_X98Y38         LUT6 (Prop_lut6_I0_O)        0.124    13.748 r  activation_unit_instance/p_0_out_inferred__2/activation_data[25]_i_4/O
                         net (fo=1, routed)           0.639    14.387    activation_unit_instance/p_0_out_inferred__2/activation_data[25]_i_4_n_0
    SLICE_X98Y36         LUT6 (Prop_lut6_I0_O)        0.124    14.511 r  activation_unit_instance/p_0_out_inferred__2/activation_data[25]_i_2/O
                         net (fo=1, routed)           0.000    14.511    activation_unit_instance/p_0_out_inferred__2/activation_data[25]_i_2_n_0
    SLICE_X98Y36         MUXF7 (Prop_muxf7_I0_O)      0.209    14.720 r  activation_unit_instance/p_0_out_inferred__2/activation_data_reg[25]_i_1/O
                         net (fo=1, routed)           0.000    14.720    activation_unit_instance/p_0_out_inferred__2/activation_data_reg[25]_i_1_n_0
    SLICE_X98Y36         FDRE                                         r  activation_unit_instance/activation_data_reg[25]/D
  -------------------------------------------------------------------    -------------------

                         (clock s_axi_aclk rise edge)
                                                     10.000    10.000 r  
    U14                                               0.000    10.000 r  s_axi_aclk (IN)
                         net (fo=0)                   0.000    10.000    s_axi_aclk
    U14                  IBUF (Prop_ibuf_I_O)         0.940    10.940 r  s_axi_aclk_IBUF_inst/O
                         net (fo=1, routed)           2.006    12.946    s_axi_aclk_IBUF
    BUFGCTRL_X0Y16       BUFG (Prop_bufg_I_O)         0.091    13.037 r  s_axi_aclk_IBUF_BUFG_inst/O
                         net (fo=759, routed)         1.620    14.657    activation_unit_instance/s_axi_aclk_IBUF_BUFG
    SLICE_X98Y36         FDRE                                         r  activation_unit_instance/activation_data_reg[25]/C
                         clock pessimism              0.495    15.153    
                         clock uncertainty           -0.035    15.117    
    SLICE_X98Y36         FDRE (Setup_fdre_C_D)        0.113    15.230    activation_unit_instance/activation_data_reg[25]
  -------------------------------------------------------------------
                         required time                         15.230    
                         arrival time                         -14.720    
  -------------------------------------------------------------------
                         slack                                  0.510    

Slack (MET) :             0.582ns  (required time - arrival time)
  Source:                 dnn_scheduler_instance/activation_column_reg[1]_rep/C
                            (rising edge-triggered cell FDRE clocked by s_axi_aclk  {rise@0.000ns fall@5.000ns period=10.000ns})
  Destination:            activation_unit_instance/activation_data_reg[28]/D
                            (rising edge-triggered cell FDRE clocked by s_axi_aclk  {rise@0.000ns fall@5.000ns period=10.000ns})
  Path Group:             s_axi_aclk
  Path Type:              Setup (Max at Slow Process Corner)
  Requirement:            10.000ns  (s_axi_aclk rise@10.000ns - s_axi_aclk rise@0.000ns)
  Data Path Delay:        9.346ns  (logic 3.281ns (35.105%)  route 6.065ns (64.895%))
  Logic Levels:           11  (CARRY4=4 LUT2=1 LUT3=1 LUT4=1 LUT5=1 LUT6=3)
  Clock Path Skew:        -0.065ns (DCD - SCD + CPR)
    Destination Clock Delay (DCD):    4.659ns = ( 14.659 - 10.000 ) 
    Source Clock Delay      (SCD):    5.183ns
    Clock Pessimism Removal (CPR):    0.458ns
  Clock Uncertainty:      0.035ns  ((TSJ^2 + TIJ^2)^1/2 + DJ) / 2 + PE
    Total System Jitter     (TSJ):    0.071ns
    Total Input Jitter      (TIJ):    0.000ns
    Discrete Jitter          (DJ):    0.000ns
    Phase Error              (PE):    0.000ns

    Location             Delay type                Incr(ns)  Path(ns)    Netlist Resource(s)
  -------------------------------------------------------------------    -------------------
                         (clock s_axi_aclk rise edge)
                                                      0.000     0.000 r  
    U14                                               0.000     0.000 r  s_axi_aclk (IN)
                         net (fo=0)                   0.000     0.000    s_axi_aclk
    U14                  IBUF (Prop_ibuf_I_O)         1.075     1.075 r  s_axi_aclk_IBUF_inst/O
                         net (fo=1, routed)           2.205     3.280    s_axi_aclk_IBUF
    BUFGCTRL_X0Y16       BUFG (Prop_bufg_I_O)         0.101     3.381 r  s_axi_aclk_IBUF_BUFG_inst/O
                         net (fo=759, routed)         1.802     5.183    dnn_scheduler_instance/s_axi_aclk_IBUF_BUFG
    SLICE_X99Y43         FDRE                                         r  dnn_scheduler_instance/activation_column_reg[1]_rep/C
  -------------------------------------------------------------------    -------------------
    SLICE_X99Y43         FDRE (Prop_fdre_C_Q)         0.456     5.639 r  dnn_scheduler_instance/activation_column_reg[1]_rep/Q
                         net (fo=87, routed)          1.140     6.778    bias_sram_instance/activation_data[38]_i_76
    SLICE_X100Y40        LUT6 (Prop_lut6_I2_O)        0.124     6.902 r  bias_sram_instance/activation_data[38]_i_95/O
                         net (fo=1, routed)           0.287     7.189    dnn_scheduler_instance/activation_data[6]_i_47
    SLICE_X99Y40         LUT5 (Prop_lut5_I4_O)        0.124     7.313 r  dnn_scheduler_instance/activation_data[38]_i_78/O
                         net (fo=5, routed)           1.051     8.365    systolic_controller_instance/systolic_array_2d_instance/ARRAY_ROWS[4].ARRAY_COLUMNS[2].pe_systolic_cell_instance/mac_pe_instance/activation_data_reg[30]_i_13_4
    SLICE_X97Y32         LUT4 (Prop_lut4_I3_O)        0.124     8.489 r  systolic_controller_instance/systolic_array_2d_instance/ARRAY_ROWS[4].ARRAY_COLUMNS[2].pe_systolic_cell_instance/mac_pe_instance/activation_data[30]_i_47/O
                         net (fo=1, routed)           0.000     8.489    systolic_controller_instance/systolic_array_2d_instance/ARRAY_ROWS[4].ARRAY_COLUMNS[2].pe_systolic_cell_instance/mac_pe_instance/activation_data[30]_i_47_n_0
    SLICE_X97Y32         CARRY4 (Prop_carry4_S[0]_CO[3])
                                                      0.532     9.021 r  systolic_controller_instance/systolic_array_2d_instance/ARRAY_ROWS[4].ARRAY_COLUMNS[2].pe_systolic_cell_instance/mac_pe_instance/activation_data_reg[30]_i_13/CO[3]
                         net (fo=1, routed)           0.000     9.021    systolic_controller_instance/systolic_array_2d_instance/ARRAY_ROWS[4].ARRAY_COLUMNS[2].pe_systolic_cell_instance/mac_pe_instance/activation_data_reg[30]_i_13_n_0
    SLICE_X97Y33         CARRY4 (Prop_carry4_CI_O[1])
                                                      0.334     9.355 r  systolic_controller_instance/systolic_array_2d_instance/ARRAY_ROWS[4].ARRAY_COLUMNS[2].pe_systolic_cell_instance/mac_pe_instance/activation_data_reg[30]_i_4/O[1]
                         net (fo=4, routed)           0.918    10.273    activation_unit_instance/activation_data_reg[30]_i_5[1]
    SLICE_X97Y36         LUT2 (Prop_lut2_I0_O)        0.303    10.576 r  activation_unit_instance/activation_data[30]_i_37/O
                         net (fo=1, routed)           0.000    10.576    activation_unit_instance/activation_data[30]_i_37_n_0
    SLICE_X97Y36         CARRY4 (Prop_carry4_S[1]_CO[3])
                                                      0.550    11.126 r  activation_unit_instance/activation_data_reg[30]_i_8/CO[3]
                         net (fo=1, routed)           0.000    11.126    activation_unit_instance/activation_data_reg[30]_i_8_n_0
    SLICE_X97Y37         CARRY4 (Prop_carry4_CI_CO[1])
                                                      0.157    11.283 f  activation_unit_instance/activation_data_reg[30]_i_3/CO[1]
                         net (fo=16, routed)          0.942    12.226    systolic_controller_instance/systolic_array_2d_instance/ARRAY_ROWS[3].ARRAY_COLUMNS[3].pe_systolic_cell_instance/mac_pe_instance/activation_data_reg[28][0]
    SLICE_X96Y39         LUT3 (Prop_lut3_I1_O)        0.329    12.555 r  systolic_controller_instance/systolic_array_2d_instance/ARRAY_ROWS[3].ARRAY_COLUMNS[3].pe_systolic_cell_instance/mac_pe_instance/activation_data[29]_i_13/O
                         net (fo=21, routed)          1.129    13.683    activation_unit_instance/activation_data_reg[28]_8
    SLICE_X96Y39         LUT6 (Prop_lut6_I0_O)        0.124    13.807 r  activation_unit_instance/p_0_out_inferred__2/activation_data[28]_i_2/O
                         net (fo=1, routed)           0.597    14.405    activation_unit_instance/p_0_out_inferred__2/activation_data[28]_i_2_n_0
    SLICE_X95Y39         LUT6 (Prop_lut6_I0_O)        0.124    14.529 r  activation_unit_instance/p_0_out_inferred__2/activation_data[28]_i_1/O
                         net (fo=1, routed)           0.000    14.529    activation_unit_instance/p_0_out_inferred__2/activation_data[28]_i_1_n_0
    SLICE_X95Y39         FDRE                                         r  activation_unit_instance/activation_data_reg[28]/D
  -------------------------------------------------------------------    -------------------

                         (clock s_axi_aclk rise edge)
                                                     10.000    10.000 r  
    U14                                               0.000    10.000 r  s_axi_aclk (IN)
                         net (fo=0)                   0.000    10.000    s_axi_aclk
    U14                  IBUF (Prop_ibuf_I_O)         0.940    10.940 r  s_axi_aclk_IBUF_inst/O
                         net (fo=1, routed)           2.006    12.946    s_axi_aclk_IBUF
    BUFGCTRL_X0Y16       BUFG (Prop_bufg_I_O)         0.091    13.037 r  s_axi_aclk_IBUF_BUFG_inst/O
                         net (fo=759, routed)         1.622    14.659    activation_unit_instance/s_axi_aclk_IBUF_BUFG
    SLICE_X95Y39         FDRE                                         r  activation_unit_instance/activation_data_reg[28]/C
                         clock pessimism              0.458    15.118    
                         clock uncertainty           -0.035    15.082    
    SLICE_X95Y39         FDRE (Setup_fdre_C_D)        0.029    15.111    activation_unit_instance/activation_data_reg[28]
  -------------------------------------------------------------------
                         required time                         15.111    
                         arrival time                         -14.529    
  -------------------------------------------------------------------
                         slack                                  0.582    

Slack (MET) :             0.586ns  (required time - arrival time)
  Source:                 dnn_scheduler_instance/activation_column_reg[1]_rep/C
                            (rising edge-triggered cell FDRE clocked by s_axi_aclk  {rise@0.000ns fall@5.000ns period=10.000ns})
  Destination:            activation_unit_instance/activation_data_reg[16]/D
                            (rising edge-triggered cell FDRE clocked by s_axi_aclk  {rise@0.000ns fall@5.000ns period=10.000ns})
  Path Group:             s_axi_aclk
  Path Type:              Setup (Max at Slow Process Corner)
  Requirement:            10.000ns  (s_axi_aclk rise@10.000ns - s_axi_aclk rise@0.000ns)
  Data Path Delay:        9.318ns  (logic 3.509ns (37.660%)  route 5.809ns (62.340%))
  Logic Levels:           13  (CARRY4=5 LUT2=1 LUT3=1 LUT4=1 LUT5=1 LUT6=3 MUXF7=1)
  Clock Path Skew:        -0.125ns (DCD - SCD + CPR)
    Destination Clock Delay (DCD):    4.599ns = ( 14.599 - 10.000 ) 
    Source Clock Delay      (SCD):    5.183ns
    Clock Pessimism Removal (CPR):    0.458ns
  Clock Uncertainty:      0.035ns  ((TSJ^2 + TIJ^2)^1/2 + DJ) / 2 + PE
    Total System Jitter     (TSJ):    0.071ns
    Total Input Jitter      (TIJ):    0.000ns
    Discrete Jitter          (DJ):    0.000ns
    Phase Error              (PE):    0.000ns

    Location             Delay type                Incr(ns)  Path(ns)    Netlist Resource(s)
  -------------------------------------------------------------------    -------------------
                         (clock s_axi_aclk rise edge)
                                                      0.000     0.000 r  
    U14                                               0.000     0.000 r  s_axi_aclk (IN)
                         net (fo=0)                   0.000     0.000    s_axi_aclk
    U14                  IBUF (Prop_ibuf_I_O)         1.075     1.075 r  s_axi_aclk_IBUF_inst/O
                         net (fo=1, routed)           2.205     3.280    s_axi_aclk_IBUF
    BUFGCTRL_X0Y16       BUFG (Prop_bufg_I_O)         0.101     3.381 r  s_axi_aclk_IBUF_BUFG_inst/O
                         net (fo=759, routed)         1.802     5.183    dnn_scheduler_instance/s_axi_aclk_IBUF_BUFG
    SLICE_X99Y43         FDRE                                         r  dnn_scheduler_instance/activation_column_reg[1]_rep/C
  -------------------------------------------------------------------    -------------------
    SLICE_X99Y43         FDRE (Prop_fdre_C_Q)         0.456     5.639 r  dnn_scheduler_instance/activation_column_reg[1]_rep/Q
                         net (fo=87, routed)          1.140     6.778    bias_sram_instance/activation_data[38]_i_76
    SLICE_X100Y40        LUT6 (Prop_lut6_I2_O)        0.124     6.902 r  bias_sram_instance/activation_data[38]_i_95/O
                         net (fo=1, routed)           0.287     7.189    dnn_scheduler_instance/activation_data[6]_i_47
    SLICE_X99Y40         LUT5 (Prop_lut5_I4_O)        0.124     7.313 r  dnn_scheduler_instance/activation_data[38]_i_78/O
                         net (fo=5, routed)           0.923     8.236    systolic_controller_instance/systolic_array_2d_instance/ARRAY_ROWS[3].ARRAY_COLUMNS[2].pe_systolic_cell_instance/mac_pe_instance/activation_data_reg[22]_i_13_4
    SLICE_X93Y41         LUT4 (Prop_lut4_I3_O)        0.124     8.360 r  systolic_controller_instance/systolic_array_2d_instance/ARRAY_ROWS[3].ARRAY_COLUMNS[2].pe_systolic_cell_instance/mac_pe_instance/activation_data[22]_i_47/O
                         net (fo=1, routed)           0.000     8.360    systolic_controller_instance/systolic_array_2d_instance/ARRAY_ROWS[3].ARRAY_COLUMNS[2].pe_systolic_cell_instance/mac_pe_instance/activation_data[22]_i_47_n_0
    SLICE_X93Y41         CARRY4 (Prop_carry4_S[0]_CO[3])
                                                      0.532     8.892 r  systolic_controller_instance/systolic_array_2d_instance/ARRAY_ROWS[3].ARRAY_COLUMNS[2].pe_systolic_cell_instance/mac_pe_instance/activation_data_reg[22]_i_13/CO[3]
                         net (fo=1, routed)           0.000     8.892    systolic_controller_instance/systolic_array_2d_instance/ARRAY_ROWS[3].ARRAY_COLUMNS[2].pe_systolic_cell_instance/mac_pe_instance/activation_data_reg[22]_i_13_n_0
    SLICE_X93Y42         CARRY4 (Prop_carry4_CI_CO[3])
                                                      0.114     9.006 r  systolic_controller_instance/systolic_array_2d_instance/ARRAY_ROWS[3].ARRAY_COLUMNS[2].pe_systolic_cell_instance/mac_pe_instance/activation_data_reg[22]_i_4/CO[3]
                         net (fo=1, routed)           0.000     9.006    systolic_controller_instance/systolic_array_2d_instance/ARRAY_ROWS[3].ARRAY_COLUMNS[2].pe_systolic_cell_instance/mac_pe_instance/activation_data_reg[22]_i_4_n_0
    SLICE_X93Y43         CARRY4 (Prop_carry4_CI_CO[3])
                                                      0.114     9.120 r  systolic_controller_instance/systolic_array_2d_instance/ARRAY_ROWS[3].ARRAY_COLUMNS[2].pe_systolic_cell_instance/mac_pe_instance/activation_data_reg[22]_i_39/CO[3]
                         net (fo=1, routed)           0.000     9.120    systolic_controller_instance/systolic_array_2d_instance/ARRAY_ROWS[3].ARRAY_COLUMNS[2].pe_systolic_cell_instance/mac_pe_instance/activation_data_reg[22]_i_39_n_0
    SLICE_X93Y44         CARRY4 (Prop_carry4_CI_O[1])
                                                      0.334     9.454 r  systolic_controller_instance/systolic_array_2d_instance/ARRAY_ROWS[3].ARRAY_COLUMNS[2].pe_systolic_cell_instance/mac_pe_instance/activation_data_reg[22]_i_30/O[1]
                         net (fo=4, routed)           0.831    10.285    activation_unit_instance/activation_data_reg[22]_i_3_0[1]
    SLICE_X92Y43         LUT2 (Prop_lut2_I0_O)        0.303    10.588 r  activation_unit_instance/activation_data[22]_i_11/O
                         net (fo=1, routed)           0.000    10.588    activation_unit_instance/activation_data[22]_i_11_n_0
    SLICE_X92Y43         CARRY4 (Prop_carry4_S[1]_CO[1])
                                                      0.492    11.080 f  activation_unit_instance/activation_data_reg[22]_i_3/CO[1]
                         net (fo=16, routed)          0.803    11.883    systolic_controller_instance/systolic_array_2d_instance/ARRAY_ROWS[2].ARRAY_COLUMNS[3].pe_systolic_cell_instance/mac_pe_instance/activation_data_reg[20][0]
    SLICE_X90Y41         LUT3 (Prop_lut3_I1_O)        0.332    12.215 r  systolic_controller_instance/systolic_array_2d_instance/ARRAY_ROWS[2].ARRAY_COLUMNS[3].pe_systolic_cell_instance/mac_pe_instance/activation_data[21]_i_13/O
                         net (fo=21, routed)          1.338    13.552    activation_unit_instance/activation_data_reg[20]_8
    SLICE_X88Y41         LUT6 (Prop_lut6_I0_O)        0.124    13.676 r  activation_unit_instance/p_0_out_inferred__1/activation_data[16]_i_5/O
                         net (fo=1, routed)           0.488    14.164    activation_unit_instance/p_0_out_inferred__1/activation_data[16]_i_5_n_0
    SLICE_X88Y41         LUT6 (Prop_lut6_I2_O)        0.124    14.288 r  activation_unit_instance/p_0_out_inferred__1/activation_data[16]_i_2/O
                         net (fo=1, routed)           0.000    14.288    activation_unit_instance/p_0_out_inferred__1/activation_data[16]_i_2_n_0
    SLICE_X88Y41         MUXF7 (Prop_muxf7_I0_O)      0.212    14.500 r  activation_unit_instance/p_0_out_inferred__1/activation_data_reg[16]_i_1/O
                         net (fo=1, routed)           0.000    14.500    activation_unit_instance/p_0_out_inferred__1/activation_data_reg[16]_i_1_n_0
    SLICE_X88Y41         FDRE                                         r  activation_unit_instance/activation_data_reg[16]/D
  -------------------------------------------------------------------    -------------------

                         (clock s_axi_aclk rise edge)
                                                     10.000    10.000 r  
    U14                                               0.000    10.000 r  s_axi_aclk (IN)
                         net (fo=0)                   0.000    10.000    s_axi_aclk
    U14                  IBUF (Prop_ibuf_I_O)         0.940    10.940 r  s_axi_aclk_IBUF_inst/O
                         net (fo=1, routed)           2.006    12.946    s_axi_aclk_IBUF
    BUFGCTRL_X0Y16       BUFG (Prop_bufg_I_O)         0.091    13.037 r  s_axi_aclk_IBUF_BUFG_inst/O
                         net (fo=759, routed)         1.562    14.599    activation_unit_instance/s_axi_aclk_IBUF_BUFG
    SLICE_X88Y41         FDRE                                         r  activation_unit_instance/activation_data_reg[16]/C
                         clock pessimism              0.458    15.058    
                         clock uncertainty           -0.035    15.022    
    SLICE_X88Y41         FDRE (Setup_fdre_C_D)        0.064    15.086    activation_unit_instance/activation_data_reg[16]
  -------------------------------------------------------------------
                         required time                         15.086    
                         arrival time                         -14.500    
  -------------------------------------------------------------------
                         slack                                  0.586    




