COMMAND ["cmd.exe", "/d", "/c", "C:/Xilinx/Vivado/2022.1/bin/vivado.bat", "-mode", "batch", "-source", "C:\\Users\\iuhj0\\Eddie\\rag_db_project\\rag\\automation\\vivado_flow.tcl", "-tclargs", "synthesis", "C:\\Users\\iuhj0\\Eddie\\rag_db_project\\artifacts\\synthesis\\optimized_accelerator\\run_004"]

****** Vivado v2022.1 (64-bit)
  **** SW Build 3526262 on Mon Apr 18 15:48:16 MDT 2022
  **** IP Build 3524634 on Mon Apr 18 20:55:01 MDT 2022
    ** Copyright 1986-2022 Xilinx, Inc. All Rights Reserved.

source {C:\Users\iuhj0\Eddie\rag_db_project\rag\automation\vivado_flow.tcl}
# proc reports {out} {
#     report_utilization -file "$out/utilization.rpt"
#     report_utilization -hierarchical -file "$out/utilization_hierarchical.rpt"
#     report_ram_utilization -file "$out/ram_utilization.rpt"
#     report_timing_summary -delay_type min_max -max_paths 20 -file "$out/timing_summary.rpt"
#     report_timing -delay_type max -max_paths 20 -file "$out/critical_paths.rpt"
#     report_high_fanout_nets -timing -max_nets 50 -file "$out/high_fanout_nets.rpt"
#     report_drc -file "$out/drc.rpt"
# }
# proc main {stage out} {
#     set work [pwd]
#     set flow "$work/.vivado_flow"
#     file mkdir $flow $out
#     set project "$flow/project/accelerator.xpr"
#     set_param general.maxThreads 4
#     if {$stage eq "compile"} {
#         if {[file exists $project]} { error "Fresh isolated project required" }
#         create_project accelerator "$flow/project" -part xc7z020clg400-1
#         add_files -norecurse [glob "$work/rtl/*.sv"]
#         set headers [glob -nocomplain "$work/rtl/*.svh"]
#         if {[llength $headers]} { add_files -norecurse $headers }
#         add_files -fileset sim_1 -norecurse "$work/tb/top_sim.sv"
#         set_property top zyNet [get_filesets sources_1]
#         set_property top top_sim [get_filesets sim_1]
#         set_property include_dirs [list "$work/rtl"] [get_filesets sources_1]
#         set_property include_dirs [list "$work/rtl"] [get_filesets sim_1]
#         set_property used_in_synthesis false [get_files *top_sim.sv]
#         set_property target_simulator XSim [current_project]
#         set_property xsim.simulate.runtime 0ns [get_filesets sim_1]
#         update_compile_order -fileset sources_1
#         update_compile_order -fileset sim_1
#         launch_simulation -step compile
#         close_project
#     } elseif {$stage eq "simulation"} {
#         open_project $project
#         launch_simulation -noclean_dir
#         restart
#         set observed [get_objects -r /top_sim/device_under_test/*]
#         if {![llength $observed]} { error "DUT scope missing" }
#         open_saif "$flow/activity.saif"
#         log_saif $observed
#         run all
#         close_saif
#         close_sim
#         close_project
#         file copy -force "$flow/activity.saif" "$out/activity.saif"
#     } elseif {$stage eq "synthesis"} {
#         create_project -in_memory -part xc7z020clg400-1
#         set_property include_dirs [list "$work/rtl"] [current_fileset]
#         read_verilog -sv [glob "$work/rtl/*.sv"]
#         # Board/I/O constraints are used only when present in approved source.
#         foreach xdc [glob -nocomplain "$work/constraints/*.xdc"] { read_xdc $xdc }
#         synth_design -top zyNet -part xc7z020clg400-1
#         if {![llength [get_clocks -quiet -of_objects [get_ports s_axi_aclk]]]} {
#             create_clock -name s_axi_aclk -period 10.000 [get_ports s_axi_aclk]
#         }
#         reports $out
#         report_power -file "$out/power.rpt"
#         write_checkpoint "$flow/post_synthesis.dcp"
#         file copy "$flow/post_synthesis.dcp" "$out/post_synthesis.dcp"
#     } elseif {$stage eq "implementation"} {
#         open_checkpoint "$flow/post_synthesis.dcp"
#         opt_design
#         place_design
#         phys_opt_design
#         route_design
#         reports $out
#         report_route_status -file "$out/route_status.rpt"
#         report_clocks -file "$out/clocks.rpt"
#         write_checkpoint "$flow/post_route.dcp"
#         file copy "$flow/post_route.dcp" "$out/post_route.dcp"
#         # Timing/DRC failures are findings, not hidden by successful route execution.
#     } elseif {$stage eq "power"} {
#         open_checkpoint "$flow/post_route.dcp"
#         reset_switching_activity [get_nets -hierarchical]
#         if {[llength [get_ports]]} { reset_switching_activity [get_ports] }
#         read_saif -strip_path top_sim/device_under_test -out_file "$out/saif_mapping.rpt" "$flow/activity.saif"
#         report_power -name power_saif -file "$out/power_post_route.rpt"
#         report_switching_activity -signal_rate -static_probability -file "$out/switching_activity.rpt" [get_nets -hierarchical]
#     } else { error "Unsupported stage: $stage" }
# }
# if {[catch {main [lindex $argv 0] [file normalize [lindex $argv 1]]} problem]} {
#     puts stderr "AUTOMATION_STAGE_FAILED: $problem"
#     exit 1
# }
create_project: Time (s): cpu = 00:00:04 ; elapsed = 00:00:05 . Memory (MB): peak = 1285.625 ; gain = 0.000
Command: synth_design -top zyNet -part xc7z020clg400-1
Starting synth_design
Attempting to get a license for feature 'Synthesis' and/or device 'xc7z020'
INFO: [Common 17-349] Got license for feature 'Synthesis' and/or device 'xc7z020'
INFO: [Synth 8-7079] Multithreading enabled for synth_design using a maximum of 4 processes.
INFO: [Synth 8-7078] Launching helper process for spawning children vivado processes
INFO: [Synth 8-7075] Helper process launched with PID 32476
---------------------------------------------------------------------------------
Starting Synthesize : Time (s): cpu = 00:00:09 ; elapsed = 00:00:12 . Memory (MB): peak = 1285.625 ; gain = 0.000
---------------------------------------------------------------------------------
INFO: [Synth 8-6157] synthesizing module 'zyNet' [C:/Users/iuhj0/Eddie/rag_db_project/.automation_debug/optimized_accelerator/analysis_005/project/workspace/optimized_accelerator/rtl/zynet.sv:4]
INFO: [Synth 8-6157] synthesizing module 'unified_buffer' [C:/Users/iuhj0/Eddie/rag_db_project/.automation_debug/optimized_accelerator/analysis_005/project/workspace/optimized_accelerator/rtl/unified_buffer.sv:4]
INFO: [Synth 8-6155] done synthesizing module 'unified_buffer' (0#1) [C:/Users/iuhj0/Eddie/rag_db_project/.automation_debug/optimized_accelerator/analysis_005/project/workspace/optimized_accelerator/rtl/unified_buffer.sv:4]
INFO: [Synth 8-6157] synthesizing module 'weight_sram' [C:/Users/iuhj0/Eddie/rag_db_project/.automation_debug/optimized_accelerator/analysis_005/project/workspace/optimized_accelerator/rtl/weight_sram.sv:4]
INFO: [Synth 8-3876] $readmem data file 'memory/w_1_0.mif' is read successfully [C:/Users/iuhj0/Eddie/rag_db_project/.automation_debug/optimized_accelerator/analysis_005/project/workspace/optimized_accelerator/rtl/weight_sram.sv:27]
INFO: [Synth 8-3876] $readmem data file 'memory/w_1_5.mif' is read successfully [C:/Users/iuhj0/Eddie/rag_db_project/.automation_debug/optimized_accelerator/analysis_005/project/workspace/optimized_accelerator/rtl/weight_sram.sv:28]
INFO: [Synth 8-3876] $readmem data file 'memory/w_1_10.mif' is read successfully [C:/Users/iuhj0/Eddie/rag_db_project/.automation_debug/optimized_accelerator/analysis_005/project/workspace/optimized_accelerator/rtl/weight_sram.sv:29]
INFO: [Synth 8-3876] $readmem data file 'memory/w_1_15.mif' is read successfully [C:/Users/iuhj0/Eddie/rag_db_project/.automation_debug/optimized_accelerator/analysis_005/project/workspace/optimized_accelerator/rtl/weight_sram.sv:30]
INFO: [Synth 8-3876] $readmem data file 'memory/w_1_20.mif' is read successfully [C:/Users/iuhj0/Eddie/rag_db_project/.automation_debug/optimized_accelerator/analysis_005/project/workspace/optimized_accelerator/rtl/weight_sram.sv:31]
INFO: [Synth 8-3876] $readmem data file 'memory/w_1_25.mif' is read successfully [C:/Users/iuhj0/Eddie/rag_db_project/.automation_debug/optimized_accelerator/analysis_005/project/workspace/optimized_accelerator/rtl/weight_sram.sv:32]
INFO: [Synth 8-3876] $readmem data file 'memory/w_2_0.mif' is read successfully [C:/Users/iuhj0/Eddie/rag_db_project/.automation_debug/optimized_accelerator/analysis_005/project/workspace/optimized_accelerator/rtl/weight_sram.sv:33]
INFO: [Synth 8-3876] $readmem data file 'memory/w_2_5.mif' is read successfully [C:/Users/iuhj0/Eddie/rag_db_project/.automation_debug/optimized_accelerator/analysis_005/project/workspace/optimized_accelerator/rtl/weight_sram.sv:34]
INFO: [Synth 8-3876] $readmem data file 'memory/w_2_10.mif' is read successfully [C:/Users/iuhj0/Eddie/rag_db_project/.automation_debug/optimized_accelerator/analysis_005/project/workspace/optimized_accelerator/rtl/weight_sram.sv:35]
INFO: [Synth 8-3876] $readmem data file 'memory/w_2_15.mif' is read successfully [C:/Users/iuhj0/Eddie/rag_db_project/.automation_debug/optimized_accelerator/analysis_005/project/workspace/optimized_accelerator/rtl/weight_sram.sv:36]
INFO: [Synth 8-3876] $readmem data file 'memory/w_3_0.mif' is read successfully [C:/Users/iuhj0/Eddie/rag_db_project/.automation_debug/optimized_accelerator/analysis_005/project/workspace/optimized_accelerator/rtl/weight_sram.sv:37]
INFO: [Synth 8-3876] $readmem data file 'memory/w_3_5.mif' is read successfully [C:/Users/iuhj0/Eddie/rag_db_project/.automation_debug/optimized_accelerator/analysis_005/project/workspace/optimized_accelerator/rtl/weight_sram.sv:38]
INFO: [Synth 8-3876] $readmem data file 'memory/w_1_1.mif' is read successfully [C:/Users/iuhj0/Eddie/rag_db_project/.automation_debug/optimized_accelerator/analysis_005/project/workspace/optimized_accelerator/rtl/weight_sram.sv:41]
INFO: [Synth 8-3876] $readmem data file 'memory/w_1_6.mif' is read successfully [C:/Users/iuhj0/Eddie/rag_db_project/.automation_debug/optimized_accelerator/analysis_005/project/workspace/optimized_accelerator/rtl/weight_sram.sv:42]
INFO: [Synth 8-3876] $readmem data file 'memory/w_1_11.mif' is read successfully [C:/Users/iuhj0/Eddie/rag_db_project/.automation_debug/optimized_accelerator/analysis_005/project/workspace/optimized_accelerator/rtl/weight_sram.sv:43]
INFO: [Synth 8-3876] $readmem data file 'memory/w_1_16.mif' is read successfully [C:/Users/iuhj0/Eddie/rag_db_project/.automation_debug/optimized_accelerator/analysis_005/project/workspace/optimized_accelerator/rtl/weight_sram.sv:44]
INFO: [Synth 8-3876] $readmem data file 'memory/w_1_21.mif' is read successfully [C:/Users/iuhj0/Eddie/rag_db_project/.automation_debug/optimized_accelerator/analysis_005/project/workspace/optimized_accelerator/rtl/weight_sram.sv:45]
INFO: [Synth 8-3876] $readmem data file 'memory/w_1_26.mif' is read successfully [C:/Users/iuhj0/Eddie/rag_db_project/.automation_debug/optimized_accelerator/analysis_005/project/workspace/optimized_accelerator/rtl/weight_sram.sv:46]
INFO: [Synth 8-3876] $readmem data file 'memory/w_2_1.mif' is read successfully [C:/Users/iuhj0/Eddie/rag_db_project/.automation_debug/optimized_accelerator/analysis_005/project/workspace/optimized_accelerator/rtl/weight_sram.sv:47]
INFO: [Synth 8-3876] $readmem data file 'memory/w_2_6.mif' is read successfully [C:/Users/iuhj0/Eddie/rag_db_project/.automation_debug/optimized_accelerator/analysis_005/project/workspace/optimized_accelerator/rtl/weight_sram.sv:48]
INFO: [Synth 8-3876] $readmem data file 'memory/w_2_11.mif' is read successfully [C:/Users/iuhj0/Eddie/rag_db_project/.automation_debug/optimized_accelerator/analysis_005/project/workspace/optimized_accelerator/rtl/weight_sram.sv:49]
INFO: [Synth 8-3876] $readmem data file 'memory/w_2_16.mif' is read successfully [C:/Users/iuhj0/Eddie/rag_db_project/.automation_debug/optimized_accelerator/analysis_005/project/workspace/optimized_accelerator/rtl/weight_sram.sv:50]
INFO: [Synth 8-3876] $readmem data file 'memory/w_3_1.mif' is read successfully [C:/Users/iuhj0/Eddie/rag_db_project/.automation_debug/optimized_accelerator/analysis_005/project/workspace/optimized_accelerator/rtl/weight_sram.sv:51]
INFO: [Synth 8-3876] $readmem data file 'memory/w_3_6.mif' is read successfully [C:/Users/iuhj0/Eddie/rag_db_project/.automation_debug/optimized_accelerator/analysis_005/project/workspace/optimized_accelerator/rtl/weight_sram.sv:52]
INFO: [Synth 8-3876] $readmem data file 'memory/w_1_2.mif' is read successfully [C:/Users/iuhj0/Eddie/rag_db_project/.automation_debug/optimized_accelerator/analysis_005/project/workspace/optimized_accelerator/rtl/weight_sram.sv:55]
INFO: [Synth 8-3876] $readmem data file 'memory/w_1_7.mif' is read successfully [C:/Users/iuhj0/Eddie/rag_db_project/.automation_debug/optimized_accelerator/analysis_005/project/workspace/optimized_accelerator/rtl/weight_sram.sv:56]
INFO: [Synth 8-3876] $readmem data file 'memory/w_1_12.mif' is read successfully [C:/Users/iuhj0/Eddie/rag_db_project/.automation_debug/optimized_accelerator/analysis_005/project/workspace/optimized_accelerator/rtl/weight_sram.sv:57]
INFO: [Synth 8-3876] $readmem data file 'memory/w_1_17.mif' is read successfully [C:/Users/iuhj0/Eddie/rag_db_project/.automation_debug/optimized_accelerator/analysis_005/project/workspace/optimized_accelerator/rtl/weight_sram.sv:58]
INFO: [Synth 8-3876] $readmem data file 'memory/w_1_22.mif' is read successfully [C:/Users/iuhj0/Eddie/rag_db_project/.automation_debug/optimized_accelerator/analysis_005/project/workspace/optimized_accelerator/rtl/weight_sram.sv:59]
INFO: [Synth 8-3876] $readmem data file 'memory/w_1_27.mif' is read successfully [C:/Users/iuhj0/Eddie/rag_db_project/.automation_debug/optimized_accelerator/analysis_005/project/workspace/optimized_accelerator/rtl/weight_sram.sv:60]
INFO: [Synth 8-3876] $readmem data file 'memory/w_2_2.mif' is read successfully [C:/Users/iuhj0/Eddie/rag_db_project/.automation_debug/optimized_accelerator/analysis_005/project/workspace/optimized_accelerator/rtl/weight_sram.sv:61]
INFO: [Synth 8-3876] $readmem data file 'memory/w_2_7.mif' is read successfully [C:/Users/iuhj0/Eddie/rag_db_project/.automation_debug/optimized_accelerator/analysis_005/project/workspace/optimized_accelerator/rtl/weight_sram.sv:62]
INFO: [Synth 8-3876] $readmem data file 'memory/w_2_12.mif' is read successfully [C:/Users/iuhj0/Eddie/rag_db_project/.automation_debug/optimized_accelerator/analysis_005/project/workspace/optimized_accelerator/rtl/weight_sram.sv:63]
INFO: [Synth 8-3876] $readmem data file 'memory/w_2_17.mif' is read successfully [C:/Users/iuhj0/Eddie/rag_db_project/.automation_debug/optimized_accelerator/analysis_005/project/workspace/optimized_accelerator/rtl/weight_sram.sv:64]
INFO: [Synth 8-3876] $readmem data file 'memory/w_3_2.mif' is read successfully [C:/Users/iuhj0/Eddie/rag_db_project/.automation_debug/optimized_accelerator/analysis_005/project/workspace/optimized_accelerator/rtl/weight_sram.sv:65]
INFO: [Synth 8-3876] $readmem data file 'memory/w_3_7.mif' is read successfully [C:/Users/iuhj0/Eddie/rag_db_project/.automation_debug/optimized_accelerator/analysis_005/project/workspace/optimized_accelerator/rtl/weight_sram.sv:66]
INFO: [Synth 8-3876] $readmem data file 'memory/w_1_3.mif' is read successfully [C:/Users/iuhj0/Eddie/rag_db_project/.automation_debug/optimized_accelerator/analysis_005/project/workspace/optimized_accelerator/rtl/weight_sram.sv:69]
INFO: [Synth 8-3876] $readmem data file 'memory/w_1_8.mif' is read successfully [C:/Users/iuhj0/Eddie/rag_db_project/.automation_debug/optimized_accelerator/analysis_005/project/workspace/optimized_accelerator/rtl/weight_sram.sv:70]
INFO: [Synth 8-3876] $readmem data file 'memory/w_1_13.mif' is read successfully [C:/Users/iuhj0/Eddie/rag_db_project/.automation_debug/optimized_accelerator/analysis_005/project/workspace/optimized_accelerator/rtl/weight_sram.sv:71]
INFO: [Synth 8-3876] $readmem data file 'memory/w_1_18.mif' is read successfully [C:/Users/iuhj0/Eddie/rag_db_project/.automation_debug/optimized_accelerator/analysis_005/project/workspace/optimized_accelerator/rtl/weight_sram.sv:72]
INFO: [Synth 8-3876] $readmem data file 'memory/w_1_23.mif' is read successfully [C:/Users/iuhj0/Eddie/rag_db_project/.automation_debug/optimized_accelerator/analysis_005/project/workspace/optimized_accelerator/rtl/weight_sram.sv:73]
INFO: [Synth 8-3876] $readmem data file 'memory/w_1_28.mif' is read successfully [C:/Users/iuhj0/Eddie/rag_db_project/.automation_debug/optimized_accelerator/analysis_005/project/workspace/optimized_accelerator/rtl/weight_sram.sv:74]
INFO: [Synth 8-3876] $readmem data file 'memory/w_2_3.mif' is read successfully [C:/Users/iuhj0/Eddie/rag_db_project/.automation_debug/optimized_accelerator/analysis_005/project/workspace/optimized_accelerator/rtl/weight_sram.sv:75]
INFO: [Synth 8-3876] $readmem data file 'memory/w_2_8.mif' is read successfully [C:/Users/iuhj0/Eddie/rag_db_project/.automation_debug/optimized_accelerator/analysis_005/project/workspace/optimized_accelerator/rtl/weight_sram.sv:76]
INFO: [Synth 8-3876] $readmem data file 'memory/w_2_13.mif' is read successfully [C:/Users/iuhj0/Eddie/rag_db_project/.automation_debug/optimized_accelerator/analysis_005/project/workspace/optimized_accelerator/rtl/weight_sram.sv:77]
INFO: [Synth 8-3876] $readmem data file 'memory/w_2_18.mif' is read successfully [C:/Users/iuhj0/Eddie/rag_db_project/.automation_debug/optimized_accelerator/analysis_005/project/workspace/optimized_accelerator/rtl/weight_sram.sv:78]
INFO: [Synth 8-3876] $readmem data file 'memory/w_3_3.mif' is read successfully [C:/Users/iuhj0/Eddie/rag_db_project/.automation_debug/optimized_accelerator/analysis_005/project/workspace/optimized_accelerator/rtl/weight_sram.sv:79]
INFO: [Synth 8-3876] $readmem data file 'memory/w_3_8.mif' is read successfully [C:/Users/iuhj0/Eddie/rag_db_project/.automation_debug/optimized_accelerator/analysis_005/project/workspace/optimized_accelerator/rtl/weight_sram.sv:80]
INFO: [Synth 8-3876] $readmem data file 'memory/w_1_4.mif' is read successfully [C:/Users/iuhj0/Eddie/rag_db_project/.automation_debug/optimized_accelerator/analysis_005/project/workspace/optimized_accelerator/rtl/weight_sram.sv:83]
INFO: [Synth 8-3876] $readmem data file 'memory/w_1_9.mif' is read successfully [C:/Users/iuhj0/Eddie/rag_db_project/.automation_debug/optimized_accelerator/analysis_005/project/workspace/optimized_accelerator/rtl/weight_sram.sv:84]
INFO: [Synth 8-3876] $readmem data file 'memory/w_1_14.mif' is read successfully [C:/Users/iuhj0/Eddie/rag_db_project/.automation_debug/optimized_accelerator/analysis_005/project/workspace/optimized_accelerator/rtl/weight_sram.sv:85]
INFO: [Synth 8-3876] $readmem data file 'memory/w_1_19.mif' is read successfully [C:/Users/iuhj0/Eddie/rag_db_project/.automation_debug/optimized_accelerator/analysis_005/project/workspace/optimized_accelerator/rtl/weight_sram.sv:86]
INFO: [Synth 8-3876] $readmem data file 'memory/w_1_24.mif' is read successfully [C:/Users/iuhj0/Eddie/rag_db_project/.automation_debug/optimized_accelerator/analysis_005/project/workspace/optimized_accelerator/rtl/weight_sram.sv:87]
INFO: [Synth 8-3876] $readmem data file 'memory/w_1_29.mif' is read successfully [C:/Users/iuhj0/Eddie/rag_db_project/.automation_debug/optimized_accelerator/analysis_005/project/workspace/optimized_accelerator/rtl/weight_sram.sv:88]
INFO: [Synth 8-3876] $readmem data file 'memory/w_2_4.mif' is read successfully [C:/Users/iuhj0/Eddie/rag_db_project/.automation_debug/optimized_accelerator/analysis_005/project/workspace/optimized_accelerator/rtl/weight_sram.sv:89]
INFO: [Synth 8-3876] $readmem data file 'memory/w_2_9.mif' is read successfully [C:/Users/iuhj0/Eddie/rag_db_project/.automation_debug/optimized_accelerator/analysis_005/project/workspace/optimized_accelerator/rtl/weight_sram.sv:90]
INFO: [Synth 8-3876] $readmem data file 'memory/w_2_14.mif' is read successfully [C:/Users/iuhj0/Eddie/rag_db_project/.automation_debug/optimized_accelerator/analysis_005/project/workspace/optimized_accelerator/rtl/weight_sram.sv:91]
INFO: [Synth 8-3876] $readmem data file 'memory/w_2_19.mif' is read successfully [C:/Users/iuhj0/Eddie/rag_db_project/.automation_debug/optimized_accelerator/analysis_005/project/workspace/optimized_accelerator/rtl/weight_sram.sv:92]
INFO: [Synth 8-3876] $readmem data file 'memory/w_3_4.mif' is read successfully [C:/Users/iuhj0/Eddie/rag_db_project/.automation_debug/optimized_accelerator/analysis_005/project/workspace/optimized_accelerator/rtl/weight_sram.sv:93]
INFO: [Synth 8-3876] $readmem data file 'memory/w_3_9.mif' is read successfully [C:/Users/iuhj0/Eddie/rag_db_project/.automation_debug/optimized_accelerator/analysis_005/project/workspace/optimized_accelerator/rtl/weight_sram.sv:94]
INFO: [Synth 8-6155] done synthesizing module 'weight_sram' (0#1) [C:/Users/iuhj0/Eddie/rag_db_project/.automation_debug/optimized_accelerator/analysis_005/project/workspace/optimized_accelerator/rtl/weight_sram.sv:4]
INFO: [Synth 8-6157] synthesizing module 'systolic_controller' [C:/Users/iuhj0/Eddie/rag_db_project/.automation_debug/optimized_accelerator/analysis_005/project/workspace/optimized_accelerator/rtl/systolic_controller.sv:4]
INFO: [Synth 8-6157] synthesizing module 'systolic_array_2d' [C:/Users/iuhj0/Eddie/rag_db_project/.automation_debug/optimized_accelerator/analysis_005/project/workspace/optimized_accelerator/rtl/systolic_array_2d.sv:3]
	Parameter DATA_W bound to: 8 - type: integer 
	Parameter ACC_W bound to: 26 - type: integer 
	Parameter ROWS bound to: 5 - type: integer 
	Parameter COLS bound to: 5 - type: integer 
INFO: [Synth 8-6157] synthesizing module 'pe_systolic_cell' [C:/Users/iuhj0/Eddie/rag_db_project/.automation_debug/optimized_accelerator/analysis_005/project/workspace/optimized_accelerator/rtl/pe_systolic_cell.sv:3]
	Parameter DATA_W bound to: 8 - type: integer 
	Parameter ACC_W bound to: 26 - type: integer 
INFO: [Synth 8-6157] synthesizing module 'mac_pe' [C:/Users/iuhj0/Eddie/rag_db_project/.automation_debug/optimized_accelerator/analysis_005/project/workspace/optimized_accelerator/rtl/mac_pe.sv:3]
	Parameter DATA_W bound to: 8 - type: integer 
	Parameter ACC_W bound to: 26 - type: integer 
INFO: [Synth 8-6155] done synthesizing module 'mac_pe' (0#1) [C:/Users/iuhj0/Eddie/rag_db_project/.automation_debug/optimized_accelerator/analysis_005/project/workspace/optimized_accelerator/rtl/mac_pe.sv:3]
INFO: [Synth 8-6155] done synthesizing module 'pe_systolic_cell' (0#1) [C:/Users/iuhj0/Eddie/rag_db_project/.automation_debug/optimized_accelerator/analysis_005/project/workspace/optimized_accelerator/rtl/pe_systolic_cell.sv:3]
INFO: [Synth 8-6155] done synthesizing module 'systolic_array_2d' (0#1) [C:/Users/iuhj0/Eddie/rag_db_project/.automation_debug/optimized_accelerator/analysis_005/project/workspace/optimized_accelerator/rtl/systolic_array_2d.sv:3]
INFO: [Synth 8-6155] done synthesizing module 'systolic_controller' (0#1) [C:/Users/iuhj0/Eddie/rag_db_project/.automation_debug/optimized_accelerator/analysis_005/project/workspace/optimized_accelerator/rtl/systolic_controller.sv:4]
INFO: [Synth 8-6157] synthesizing module 'bias_sram' [C:/Users/iuhj0/Eddie/rag_db_project/.automation_debug/optimized_accelerator/analysis_005/project/workspace/optimized_accelerator/rtl/bias_sram.sv:3]
INFO: [Synth 8-3876] $readmem data file 'memory/b_1_0.mif' is read successfully [C:/Users/iuhj0/Eddie/rag_db_project/.automation_debug/optimized_accelerator/analysis_005/project/workspace/optimized_accelerator/rtl/bias_sram.sv:16]
INFO: [Synth 8-3876] $readmem data file 'memory/b_1_1.mif' is read successfully [C:/Users/iuhj0/Eddie/rag_db_project/.automation_debug/optimized_accelerator/analysis_005/project/workspace/optimized_accelerator/rtl/bias_sram.sv:16]
INFO: [Synth 8-3876] $readmem data file 'memory/b_1_2.mif' is read successfully [C:/Users/iuhj0/Eddie/rag_db_project/.automation_debug/optimized_accelerator/analysis_005/project/workspace/optimized_accelerator/rtl/bias_sram.sv:17]
INFO: [Synth 8-3876] $readmem data file 'memory/b_1_3.mif' is read successfully [C:/Users/iuhj0/Eddie/rag_db_project/.automation_debug/optimized_accelerator/analysis_005/project/workspace/optimized_accelerator/rtl/bias_sram.sv:17]
INFO: [Synth 8-3876] $readmem data file 'memory/b_1_4.mif' is read successfully [C:/Users/iuhj0/Eddie/rag_db_project/.automation_debug/optimized_accelerator/analysis_005/project/workspace/optimized_accelerator/rtl/bias_sram.sv:18]
INFO: [Synth 8-3876] $readmem data file 'memory/b_1_5.mif' is read successfully [C:/Users/iuhj0/Eddie/rag_db_project/.automation_debug/optimized_accelerator/analysis_005/project/workspace/optimized_accelerator/rtl/bias_sram.sv:18]
INFO: [Synth 8-3876] $readmem data file 'memory/b_1_6.mif' is read successfully [C:/Users/iuhj0/Eddie/rag_db_project/.automation_debug/optimized_accelerator/analysis_005/project/workspace/optimized_accelerator/rtl/bias_sram.sv:19]
INFO: [Synth 8-3876] $readmem data file 'memory/b_1_7.mif' is read successfully [C:/Users/iuhj0/Eddie/rag_db_project/.automation_debug/optimized_accelerator/analysis_005/project/workspace/optimized_accelerator/rtl/bias_sram.sv:19]
INFO: [Synth 8-3876] $readmem data file 'memory/b_1_8.mif' is read successfully [C:/Users/iuhj0/Eddie/rag_db_project/.automation_debug/optimized_accelerator/analysis_005/project/workspace/optimized_accelerator/rtl/bias_sram.sv:20]
INFO: [Synth 8-3876] $readmem data file 'memory/b_1_9.mif' is read successfully [C:/Users/iuhj0/Eddie/rag_db_project/.automation_debug/optimized_accelerator/analysis_005/project/workspace/optimized_accelerator/rtl/bias_sram.sv:20]
INFO: [Synth 8-3876] $readmem data file 'memory/b_1_10.mif' is read successfully [C:/Users/iuhj0/Eddie/rag_db_project/.automation_debug/optimized_accelerator/analysis_005/project/workspace/optimized_accelerator/rtl/bias_sram.sv:21]
INFO: [Synth 8-3876] $readmem data file 'memory/b_1_11.mif' is read successfully [C:/Users/iuhj0/Eddie/rag_db_project/.automation_debug/optimized_accelerator/analysis_005/project/workspace/optimized_accelerator/rtl/bias_sram.sv:21]
INFO: [Synth 8-3876] $readmem data file 'memory/b_1_12.mif' is read successfully [C:/Users/iuhj0/Eddie/rag_db_project/.automation_debug/optimized_accelerator/analysis_005/project/workspace/optimized_accelerator/rtl/bias_sram.sv:22]
INFO: [Synth 8-3876] $readmem data file 'memory/b_1_13.mif' is read successfully [C:/Users/iuhj0/Eddie/rag_db_project/.automation_debug/optimized_accelerator/analysis_005/project/workspace/optimized_accelerator/rtl/bias_sram.sv:22]
INFO: [Synth 8-3876] $readmem data file 'memory/b_1_14.mif' is read successfully [C:/Users/iuhj0/Eddie/rag_db_project/.automation_debug/optimized_accelerator/analysis_005/project/workspace/optimized_accelerator/rtl/bias_sram.sv:23]
INFO: [Synth 8-3876] $readmem data file 'memory/b_1_15.mif' is read successfully [C:/Users/iuhj0/Eddie/rag_db_project/.automation_debug/optimized_accelerator/analysis_005/project/workspace/optimized_accelerator/rtl/bias_sram.sv:23]
INFO: [Synth 8-3876] $readmem data file 'memory/b_1_16.mif' is read successfully [C:/Users/iuhj0/Eddie/rag_db_project/.automation_debug/optimized_accelerator/analysis_005/project/workspace/optimized_accelerator/rtl/bias_sram.sv:24]
INFO: [Synth 8-3876] $readmem data file 'memory/b_1_17.mif' is read successfully [C:/Users/iuhj0/Eddie/rag_db_project/.automation_debug/optimized_accelerator/analysis_005/project/workspace/optimized_accelerator/rtl/bias_sram.sv:24]
INFO: [Synth 8-3876] $readmem data file 'memory/b_1_18.mif' is read successfully [C:/Users/iuhj0/Eddie/rag_db_project/.automation_debug/optimized_accelerator/analysis_005/project/workspace/optimized_accelerator/rtl/bias_sram.sv:25]
INFO: [Synth 8-3876] $readmem data file 'memory/b_1_19.mif' is read successfully [C:/Users/iuhj0/Eddie/rag_db_project/.automation_debug/optimized_accelerator/analysis_005/project/workspace/optimized_accelerator/rtl/bias_sram.sv:25]
INFO: [Synth 8-3876] $readmem data file 'memory/b_1_20.mif' is read successfully [C:/Users/iuhj0/Eddie/rag_db_project/.automation_debug/optimized_accelerator/analysis_005/project/workspace/optimized_accelerator/rtl/bias_sram.sv:26]
INFO: [Synth 8-3876] $readmem data file 'memory/b_1_21.mif' is read successfully [C:/Users/iuhj0/Eddie/rag_db_project/.automation_debug/optimized_accelerator/analysis_005/project/workspace/optimized_accelerator/rtl/bias_sram.sv:26]
INFO: [Synth 8-3876] $readmem data file 'memory/b_1_22.mif' is read successfully [C:/Users/iuhj0/Eddie/rag_db_project/.automation_debug/optimized_accelerator/analysis_005/project/workspace/optimized_accelerator/rtl/bias_sram.sv:27]
INFO: [Synth 8-3876] $readmem data file 'memory/b_1_23.mif' is read successfully [C:/Users/iuhj0/Eddie/rag_db_project/.automation_debug/optimized_accelerator/analysis_005/project/workspace/optimized_accelerator/rtl/bias_sram.sv:27]
INFO: [Synth 8-3876] $readmem data file 'memory/b_1_24.mif' is read successfully [C:/Users/iuhj0/Eddie/rag_db_project/.automation_debug/optimized_accelerator/analysis_005/project/workspace/optimized_accelerator/rtl/bias_sram.sv:28]
INFO: [Synth 8-3876] $readmem data file 'memory/b_1_25.mif' is read successfully [C:/Users/iuhj0/Eddie/rag_db_project/.automation_debug/optimized_accelerator/analysis_005/project/workspace/optimized_accelerator/rtl/bias_sram.sv:28]
INFO: [Synth 8-3876] $readmem data file 'memory/b_1_26.mif' is read successfully [C:/Users/iuhj0/Eddie/rag_db_project/.automation_debug/optimized_accelerator/analysis_005/project/workspace/optimized_accelerator/rtl/bias_sram.sv:29]
INFO: [Synth 8-3876] $readmem data file 'memory/b_1_27.mif' is read successfully [C:/Users/iuhj0/Eddie/rag_db_project/.automation_debug/optimized_accelerator/analysis_005/project/workspace/optimized_accelerator/rtl/bias_sram.sv:29]
INFO: [Synth 8-3876] $readmem data file 'memory/b_1_28.mif' is read successfully [C:/Users/iuhj0/Eddie/rag_db_project/.automation_debug/optimized_accelerator/analysis_005/project/workspace/optimized_accelerator/rtl/bias_sram.sv:30]
INFO: [Synth 8-3876] $readmem data file 'memory/b_1_29.mif' is read successfully [C:/Users/iuhj0/Eddie/rag_db_project/.automation_debug/optimized_accelerator/analysis_005/project/workspace/optimized_accelerator/rtl/bias_sram.sv:30]
INFO: [Synth 8-3876] $readmem data file 'memory/b_2_0.mif' is read successfully [C:/Users/iuhj0/Eddie/rag_db_project/.automation_debug/optimized_accelerator/analysis_005/project/workspace/optimized_accelerator/rtl/bias_sram.sv:31]
INFO: [Synth 8-3876] $readmem data file 'memory/b_2_1.mif' is read successfully [C:/Users/iuhj0/Eddie/rag_db_project/.automation_debug/optimized_accelerator/analysis_005/project/workspace/optimized_accelerator/rtl/bias_sram.sv:31]
INFO: [Synth 8-3876] $readmem data file 'memory/b_2_2.mif' is read successfully [C:/Users/iuhj0/Eddie/rag_db_project/.automation_debug/optimized_accelerator/analysis_005/project/workspace/optimized_accelerator/rtl/bias_sram.sv:32]
INFO: [Synth 8-3876] $readmem data file 'memory/b_2_3.mif' is read successfully [C:/Users/iuhj0/Eddie/rag_db_project/.automation_debug/optimized_accelerator/analysis_005/project/workspace/optimized_accelerator/rtl/bias_sram.sv:32]
INFO: [Synth 8-3876] $readmem data file 'memory/b_2_4.mif' is read successfully [C:/Users/iuhj0/Eddie/rag_db_project/.automation_debug/optimized_accelerator/analysis_005/project/workspace/optimized_accelerator/rtl/bias_sram.sv:33]
INFO: [Synth 8-3876] $readmem data file 'memory/b_2_5.mif' is read successfully [C:/Users/iuhj0/Eddie/rag_db_project/.automation_debug/optimized_accelerator/analysis_005/project/workspace/optimized_accelerator/rtl/bias_sram.sv:33]
INFO: [Synth 8-3876] $readmem data file 'memory/b_2_6.mif' is read successfully [C:/Users/iuhj0/Eddie/rag_db_project/.automation_debug/optimized_accelerator/analysis_005/project/workspace/optimized_accelerator/rtl/bias_sram.sv:34]
INFO: [Synth 8-3876] $readmem data file 'memory/b_2_7.mif' is read successfully [C:/Users/iuhj0/Eddie/rag_db_project/.automation_debug/optimized_accelerator/analysis_005/project/workspace/optimized_accelerator/rtl/bias_sram.sv:34]
INFO: [Synth 8-3876] $readmem data file 'memory/b_2_8.mif' is read successfully [C:/Users/iuhj0/Eddie/rag_db_project/.automation_debug/optimized_accelerator/analysis_005/project/workspace/optimized_accelerator/rtl/bias_sram.sv:35]
INFO: [Synth 8-3876] $readmem data file 'memory/b_2_9.mif' is read successfully [C:/Users/iuhj0/Eddie/rag_db_project/.automation_debug/optimized_accelerator/analysis_005/project/workspace/optimized_accelerator/rtl/bias_sram.sv:35]
INFO: [Common 17-14] Message 'Synth 8-3876' appears 100 times and further instances of the messages will be disabled. Use the Tcl command set_msg_config to change the current settings.
INFO: [Synth 8-6155] done synthesizing module 'bias_sram' (0#1) [C:/Users/iuhj0/Eddie/rag_db_project/.automation_debug/optimized_accelerator/analysis_005/project/workspace/optimized_accelerator/rtl/bias_sram.sv:3]
INFO: [Synth 8-6157] synthesizing module 'activation_unit' [C:/Users/iuhj0/Eddie/rag_db_project/.automation_debug/optimized_accelerator/analysis_005/project/workspace/optimized_accelerator/rtl/activation_unit.sv:4]
INFO: [Synth 8-6155] done synthesizing module 'activation_unit' (0#1) [C:/Users/iuhj0/Eddie/rag_db_project/.automation_debug/optimized_accelerator/analysis_005/project/workspace/optimized_accelerator/rtl/activation_unit.sv:4]
INFO: [Synth 8-6157] synthesizing module 'maxFinder' [C:/Users/iuhj0/Eddie/rag_db_project/.automation_debug/optimized_accelerator/analysis_005/project/workspace/optimized_accelerator/rtl/maxFinder.sv:3]
INFO: [Synth 8-6155] done synthesizing module 'maxFinder' (0#1) [C:/Users/iuhj0/Eddie/rag_db_project/.automation_debug/optimized_accelerator/analysis_005/project/workspace/optimized_accelerator/rtl/maxFinder.sv:3]
INFO: [Synth 8-6157] synthesizing module 'dnn_scheduler' [C:/Users/iuhj0/Eddie/rag_db_project/.automation_debug/optimized_accelerator/analysis_005/project/workspace/optimized_accelerator/rtl/dnn_scheduler.sv:3]
INFO: [Synth 8-6155] done synthesizing module 'dnn_scheduler' (0#1) [C:/Users/iuhj0/Eddie/rag_db_project/.automation_debug/optimized_accelerator/analysis_005/project/workspace/optimized_accelerator/rtl/dnn_scheduler.sv:3]
INFO: [Synth 8-6157] synthesizing module 'axi_lite_wrapper' [C:/Users/iuhj0/Eddie/rag_db_project/.automation_debug/optimized_accelerator/analysis_005/project/workspace/optimized_accelerator/rtl/axi_lite_wrapper.sv:3]
	Parameter C_S_AXI_DATA_WIDTH bound to: 32 - type: integer 
	Parameter C_S_AXI_ADDR_WIDTH bound to: 5 - type: integer 
INFO: [Synth 8-6155] done synthesizing module 'axi_lite_wrapper' (0#1) [C:/Users/iuhj0/Eddie/rag_db_project/.automation_debug/optimized_accelerator/analysis_005/project/workspace/optimized_accelerator/rtl/axi_lite_wrapper.sv:3]
INFO: [Synth 8-6155] done synthesizing module 'zyNet' (0#1) [C:/Users/iuhj0/Eddie/rag_db_project/.automation_debug/optimized_accelerator/analysis_005/project/workspace/optimized_accelerator/rtl/zynet.sv:4]
WARNING: [Synth 8-6014] Unused sequential element selected_read_address_reg was removed.  [C:/Users/iuhj0/Eddie/rag_db_project/.automation_debug/optimized_accelerator/analysis_005/project/workspace/optimized_accelerator/rtl/unified_buffer.sv:78]
WARNING: [Synth 8-6014] Unused sequential element neuron_index_reg was removed.  [C:/Users/iuhj0/Eddie/rag_db_project/.automation_debug/optimized_accelerator/analysis_005/project/workspace/optimized_accelerator/rtl/bias_sram.sv:50]
WARNING: [Synth 8-6014] Unused sequential element biased_accumulator_reg was removed.  [C:/Users/iuhj0/Eddie/rag_db_project/.automation_debug/optimized_accelerator/analysis_005/project/workspace/optimized_accelerator/rtl/activation_unit.sv:30]
WARNING: [Synth 8-6014] Unused sequential element saturated_q5_5_reg was removed.  [C:/Users/iuhj0/Eddie/rag_db_project/.automation_debug/optimized_accelerator/analysis_005/project/workspace/optimized_accelerator/rtl/activation_unit.sv:33]
WARNING: [Synth 8-6014] Unused sequential element clear_results_reg was removed.  [C:/Users/iuhj0/Eddie/rag_db_project/.automation_debug/optimized_accelerator/analysis_005/project/workspace/optimized_accelerator/rtl/dnn_scheduler.sv:63]
WARNING: [Synth 8-7129] Port S_AXI_AWADDR[4] in module axi_lite_wrapper is either unconnected or has no load
WARNING: [Synth 8-7129] Port S_AXI_AWADDR[3] in module axi_lite_wrapper is either unconnected or has no load
WARNING: [Synth 8-7129] Port S_AXI_AWADDR[2] in module axi_lite_wrapper is either unconnected or has no load
WARNING: [Synth 8-7129] Port S_AXI_AWADDR[1] in module axi_lite_wrapper is either unconnected or has no load
WARNING: [Synth 8-7129] Port S_AXI_AWADDR[0] in module axi_lite_wrapper is either unconnected or has no load
WARNING: [Synth 8-7129] Port S_AXI_AWPROT[2] in module axi_lite_wrapper is either unconnected or has no load
WARNING: [Synth 8-7129] Port S_AXI_AWPROT[1] in module axi_lite_wrapper is either unconnected or has no load
WARNING: [Synth 8-7129] Port S_AXI_AWPROT[0] in module axi_lite_wrapper is either unconnected or has no load
WARNING: [Synth 8-7129] Port S_AXI_WDATA[31] in module axi_lite_wrapper is either unconnected or has no load
WARNING: [Synth 8-7129] Port S_AXI_WDATA[30] in module axi_lite_wrapper is either unconnected or has no load
WARNING: [Synth 8-7129] Port S_AXI_WDATA[29] in module axi_lite_wrapper is either unconnected or has no load
WARNING: [Synth 8-7129] Port S_AXI_WDATA[28] in module axi_lite_wrapper is either unconnected or has no load
WARNING: [Synth 8-7129] Port S_AXI_WDATA[27] in module axi_lite_wrapper is either unconnected or has no load
WARNING: [Synth 8-7129] Port S_AXI_WDATA[26] in module axi_lite_wrapper is either unconnected or has no load
WARNING: [Synth 8-7129] Port S_AXI_WDATA[25] in module axi_lite_wrapper is either unconnected or has no load
WARNING: [Synth 8-7129] Port S_AXI_WDATA[24] in module axi_lite_wrapper is either unconnected or has no load
WARNING: [Synth 8-7129] Port S_AXI_WDATA[23] in module axi_lite_wrapper is either unconnected or has no load
WARNING: [Synth 8-7129] Port S_AXI_WDATA[22] in module axi_lite_wrapper is either unconnected or has no load
WARNING: [Synth 8-7129] Port S_AXI_WDATA[21] in module axi_lite_wrapper is either unconnected or has no load
WARNING: [Synth 8-7129] Port S_AXI_WDATA[20] in module axi_lite_wrapper is either unconnected or has no load
WARNING: [Synth 8-7129] Port S_AXI_WDATA[19] in module axi_lite_wrapper is either unconnected or has no load
WARNING: [Synth 8-7129] Port S_AXI_WDATA[18] in module axi_lite_wrapper is either unconnected or has no load
WARNING: [Synth 8-7129] Port S_AXI_WDATA[17] in module axi_lite_wrapper is either unconnected or has no load
WARNING: [Synth 8-7129] Port S_AXI_WDATA[16] in module axi_lite_wrapper is either unconnected or has no load
WARNING: [Synth 8-7129] Port S_AXI_WDATA[15] in module axi_lite_wrapper is either unconnected or has no load
WARNING: [Synth 8-7129] Port S_AXI_WDATA[14] in module axi_lite_wrapper is either unconnected or has no load
WARNING: [Synth 8-7129] Port S_AXI_WDATA[13] in module axi_lite_wrapper is either unconnected or has no load
WARNING: [Synth 8-7129] Port S_AXI_WDATA[12] in module axi_lite_wrapper is either unconnected or has no load
WARNING: [Synth 8-7129] Port S_AXI_WDATA[11] in module axi_lite_wrapper is either unconnected or has no load
WARNING: [Synth 8-7129] Port S_AXI_WDATA[10] in module axi_lite_wrapper is either unconnected or has no load
WARNING: [Synth 8-7129] Port S_AXI_WDATA[9] in module axi_lite_wrapper is either unconnected or has no load
WARNING: [Synth 8-7129] Port S_AXI_WDATA[8] in module axi_lite_wrapper is either unconnected or has no load
WARNING: [Synth 8-7129] Port S_AXI_WDATA[7] in module axi_lite_wrapper is either unconnected or has no load
WARNING: [Synth 8-7129] Port S_AXI_WDATA[6] in module axi_lite_wrapper is either unconnected or has no load
WARNING: [Synth 8-7129] Port S_AXI_WDATA[5] in module axi_lite_wrapper is either unconnected or has no load
WARNING: [Synth 8-7129] Port S_AXI_WDATA[4] in module axi_lite_wrapper is either unconnected or has no load
WARNING: [Synth 8-7129] Port S_AXI_WDATA[3] in module axi_lite_wrapper is either unconnected or has no load
WARNING: [Synth 8-7129] Port S_AXI_WDATA[2] in module axi_lite_wrapper is either unconnected or has no load
WARNING: [Synth 8-7129] Port S_AXI_WDATA[1] in module axi_lite_wrapper is either unconnected or has no load
WARNING: [Synth 8-7129] Port S_AXI_WDATA[0] in module axi_lite_wrapper is either unconnected or has no load
WARNING: [Synth 8-7129] Port S_AXI_WSTRB[3] in module axi_lite_wrapper is either unconnected or has no load
WARNING: [Synth 8-7129] Port S_AXI_WSTRB[2] in module axi_lite_wrapper is either unconnected or has no load
WARNING: [Synth 8-7129] Port S_AXI_WSTRB[1] in module axi_lite_wrapper is either unconnected or has no load
WARNING: [Synth 8-7129] Port S_AXI_WSTRB[0] in module axi_lite_wrapper is either unconnected or has no load
WARNING: [Synth 8-7129] Port S_AXI_ARPROT[2] in module axi_lite_wrapper is either unconnected or has no load
WARNING: [Synth 8-7129] Port S_AXI_ARPROT[1] in module axi_lite_wrapper is either unconnected or has no load
WARNING: [Synth 8-7129] Port S_AXI_ARPROT[0] in module axi_lite_wrapper is either unconnected or has no load
WARNING: [Synth 8-7129] Port batch_start in module dnn_scheduler is either unconnected or has no load
---------------------------------------------------------------------------------
Finished Synthesize : Time (s): cpu = 00:00:13 ; elapsed = 00:00:17 . Memory (MB): peak = 1285.625 ; gain = 0.000
---------------------------------------------------------------------------------
---------------------------------------------------------------------------------
Finished Constraint Validation : Time (s): cpu = 00:00:14 ; elapsed = 00:00:18 . Memory (MB): peak = 1285.625 ; gain = 0.000
---------------------------------------------------------------------------------
---------------------------------------------------------------------------------
Start Loading Part and Timing Information
---------------------------------------------------------------------------------
Loading part: xc7z020clg400-1
---------------------------------------------------------------------------------
Finished Loading Part and Timing Information : Time (s): cpu = 00:00:14 ; elapsed = 00:00:18 . Memory (MB): peak = 1285.625 ; gain = 0.000
---------------------------------------------------------------------------------
INFO: [Device 21-403] Loading part xc7z020clg400-1
INFO: [Synth 8-802] inferred FSM for state register 'state_reg' in module 'systolic_controller'
INFO: [Synth 8-802] inferred FSM for state register 'scheduler_state_reg' in module 'dnn_scheduler'
---------------------------------------------------------------------------------------------------
                   State |                     New Encoding |                Previous Encoding 
---------------------------------------------------------------------------------------------------
                    IDLE |                             0001 |                               00
                     RUN |                             1000 |                               01
              DONE_STATE |                             0010 |                               10
                  iSTATE |                             0100 |                               11
*
---------------------------------------------------------------------------------------------------
INFO: [Synth 8-3354] encoded FSM with state register 'state_reg' using encoding 'one-hot' in module 'systolic_controller'
---------------------------------------------------------------------------------------------------
                   State |                     New Encoding |                Previous Encoding 
---------------------------------------------------------------------------------------------------
                    IDLE |                     000000000001 |                             0000
              INPUT_LOAD |                     000000000010 |                             0001
             LAYER_SETUP |                     000000000100 |                             0010
              TILE_START |                     000000001000 |                             0011
               TILE_WAIT |                     000000010000 |                             0100
        ACTIVATION_WRITE |                     000000100000 |                             0101
             GROUP_CHECK |                     000001000000 |                             0110
             LAYER_CHECK |                     000010000000 |                             0111
             OUTPUT_LOAD |                     000100000000 |                             1000
         MAXFINDER_START |                     001000000000 |                             1001
          MAXFINDER_WAIT |                     010000000000 |                             1010
            RESULT_VALID |                     100000000000 |                             1011
---------------------------------------------------------------------------------------------------
INFO: [Synth 8-3354] encoded FSM with state register 'scheduler_state_reg' using encoding 'one-hot' in module 'dnn_scheduler'
---------------------------------------------------------------------------------
Finished RTL Optimization Phase 2 : Time (s): cpu = 00:00:18 ; elapsed = 00:00:20 . Memory (MB): peak = 1285.625 ; gain = 0.000
---------------------------------------------------------------------------------
No constraint files found.
---------------------------------------------------------------------------------
Start RTL Component Statistics 
---------------------------------------------------------------------------------
Detailed RTL Component Info : 
+---Adders : 
	   2 Input   32 Bit       Adders := 1     
	   2 Input   26 Bit       Adders := 5     
	   2 Input   13 Bit       Adders := 1     
	   2 Input   11 Bit       Adders := 5     
	   2 Input   10 Bit       Adders := 7     
	   3 Input   10 Bit       Adders := 6     
	   2 Input    3 Bit       Adders := 4     
	   2 Input    2 Bit       Adders := 1     
+---Registers : 
	               40 Bit    Registers := 2     
	               32 Bit    Registers := 1     
	               26 Bit    Registers := 25    
	               20 Bit    Registers := 1     
	               11 Bit    Registers := 5     
	               10 Bit    Registers := 3     
	                8 Bit    Registers := 63    
	                7 Bit    Registers := 2     
	                5 Bit    Registers := 3     
	                3 Bit    Registers := 6     
	                2 Bit    Registers := 1     
	                1 Bit    Registers := 64    
+---RAMs : 
	               6K Bit	(834 X 8 bit)          RAMs := 5     
+---ROMs : 
	                    ROMs := 5     
+---Muxes : 
	   2 Input   20 Bit        Muxes := 3     
	   3 Input   13 Bit        Muxes := 6     
	  12 Input   12 Bit        Muxes := 1     
	   2 Input   12 Bit        Muxes := 2     
	   4 Input   11 Bit        Muxes := 1     
	   2 Input   11 Bit        Muxes := 1     
	   2 Input   10 Bit        Muxes := 19    
	   2 Input    8 Bit        Muxes := 5     
	  11 Input    8 Bit        Muxes := 5     
	   3 Input    8 Bit        Muxes := 5     
	   3 Input    5 Bit        Muxes := 1     
	   2 Input    5 Bit        Muxes := 2     
	   4 Input    4 Bit        Muxes := 1     
	   2 Input    4 Bit        Muxes := 1     
	  12 Input    4 Bit        Muxes := 1     
	   2 Input    3 Bit        Muxes := 2     
	   3 Input    3 Bit        Muxes := 1     
	  12 Input    3 Bit        Muxes := 2     
	  12 Input    2 Bit        Muxes := 1     
	   2 Input    1 Bit        Muxes := 95    
	   4 Input    1 Bit        Muxes := 5     
	  12 Input    1 Bit        Muxes := 11    
---------------------------------------------------------------------------------
Finished RTL Component Statistics 
---------------------------------------------------------------------------------
---------------------------------------------------------------------------------
Start Part Resource Summary
---------------------------------------------------------------------------------
Part Resources:
DSPs: 220 (col length:60)
BRAMs: 280 (col length: RAMB18 60 RAMB36 30)
---------------------------------------------------------------------------------
Finished Part Resource Summary
---------------------------------------------------------------------------------
No constraint files found.
---------------------------------------------------------------------------------
Start Cross Boundary and Area Optimization
---------------------------------------------------------------------------------
WARNING: [Synth 8-7080] Parallel synthesis criteria is not met
DSP Report: Generating DSP product, operation Mode is: A*B.
DSP Report: operator product is absorbed into DSP product.
DSP Report: Generating DSP acc_sum_reg, operation Mode is: (P+A*B)'.
DSP Report: register acc_sum_reg is absorbed into DSP acc_sum_reg.
DSP Report: operator acc_sum0 is absorbed into DSP acc_sum_reg.
DSP Report: operator product is absorbed into DSP acc_sum_reg.
DSP Report: Generating DSP product, operation Mode is: A*B.
DSP Report: operator product is absorbed into DSP product.
DSP Report: Generating DSP acc_sum_reg, operation Mode is: (P+A*B)'.
DSP Report: register acc_sum_reg is absorbed into DSP acc_sum_reg.
DSP Report: operator acc_sum0 is absorbed into DSP acc_sum_reg.
DSP Report: operator product is absorbed into DSP acc_sum_reg.
DSP Report: Generating DSP product, operation Mode is: A*B.
DSP Report: operator product is absorbed into DSP product.
DSP Report: Generating DSP acc_sum_reg, operation Mode is: (P+A*B)'.
DSP Report: register acc_sum_reg is absorbed into DSP acc_sum_reg.
DSP Report: operator acc_sum0 is absorbed into DSP acc_sum_reg.
DSP Report: operator product is absorbed into DSP acc_sum_reg.
DSP Report: Generating DSP product, operation Mode is: A*B.
DSP Report: operator product is absorbed into DSP product.
DSP Report: Generating DSP acc_sum_reg, operation Mode is: (P+A*B)'.
DSP Report: register acc_sum_reg is absorbed into DSP acc_sum_reg.
DSP Report: operator acc_sum0 is absorbed into DSP acc_sum_reg.
DSP Report: operator product is absorbed into DSP acc_sum_reg.
DSP Report: Generating DSP product, operation Mode is: A*B.
DSP Report: operator product is absorbed into DSP product.
DSP Report: Generating DSP acc_sum_reg, operation Mode is: (P+A*B)'.
DSP Report: register acc_sum_reg is absorbed into DSP acc_sum_reg.
DSP Report: operator acc_sum0 is absorbed into DSP acc_sum_reg.
DSP Report: operator product is absorbed into DSP acc_sum_reg.
DSP Report: Generating DSP product, operation Mode is: A*B.
DSP Report: operator product is absorbed into DSP product.
DSP Report: Generating DSP acc_sum_reg, operation Mode is: (P+A*B)'.
DSP Report: register acc_sum_reg is absorbed into DSP acc_sum_reg.
DSP Report: operator acc_sum0 is absorbed into DSP acc_sum_reg.
DSP Report: operator product is absorbed into DSP acc_sum_reg.
DSP Report: Generating DSP product, operation Mode is: A*B.
DSP Report: operator product is absorbed into DSP product.
DSP Report: Generating DSP acc_sum_reg, operation Mode is: (P+A*B)'.
DSP Report: register acc_sum_reg is absorbed into DSP acc_sum_reg.
DSP Report: operator acc_sum0 is absorbed into DSP acc_sum_reg.
DSP Report: operator product is absorbed into DSP acc_sum_reg.
DSP Report: Generating DSP product, operation Mode is: A*B.
DSP Report: operator product is absorbed into DSP product.
DSP Report: Generating DSP acc_sum_reg, operation Mode is: (P+A*B)'.
DSP Report: register acc_sum_reg is absorbed into DSP acc_sum_reg.
DSP Report: operator acc_sum0 is absorbed into DSP acc_sum_reg.
DSP Report: operator product is absorbed into DSP acc_sum_reg.
DSP Report: Generating DSP product, operation Mode is: A*B.
DSP Report: operator product is absorbed into DSP product.
DSP Report: Generating DSP acc_sum_reg, operation Mode is: (P+A*B)'.
DSP Report: register acc_sum_reg is absorbed into DSP acc_sum_reg.
DSP Report: operator acc_sum0 is absorbed into DSP acc_sum_reg.
DSP Report: operator product is absorbed into DSP acc_sum_reg.
DSP Report: Generating DSP product, operation Mode is: A*B.
DSP Report: operator product is absorbed into DSP product.
DSP Report: Generating DSP acc_sum_reg, operation Mode is: (P+A*B)'.
DSP Report: register acc_sum_reg is absorbed into DSP acc_sum_reg.
DSP Report: operator acc_sum0 is absorbed into DSP acc_sum_reg.
DSP Report: operator product is absorbed into DSP acc_sum_reg.
DSP Report: Generating DSP product, operation Mode is: A*B.
DSP Report: operator product is absorbed into DSP product.
DSP Report: Generating DSP acc_sum_reg, operation Mode is: (P+A*B)'.
DSP Report: register acc_sum_reg is absorbed into DSP acc_sum_reg.
DSP Report: operator acc_sum0 is absorbed into DSP acc_sum_reg.
DSP Report: operator product is absorbed into DSP acc_sum_reg.
DSP Report: Generating DSP product, operation Mode is: A*B.
DSP Report: operator product is absorbed into DSP product.
DSP Report: Generating DSP acc_sum_reg, operation Mode is: (P+A*B)'.
DSP Report: register acc_sum_reg is absorbed into DSP acc_sum_reg.
DSP Report: operator acc_sum0 is absorbed into DSP acc_sum_reg.
DSP Report: operator product is absorbed into DSP acc_sum_reg.
DSP Report: Generating DSP product, operation Mode is: A*B.
DSP Report: operator product is absorbed into DSP product.
DSP Report: Generating DSP acc_sum_reg, operation Mode is: (P+A*B)'.
DSP Report: register acc_sum_reg is absorbed into DSP acc_sum_reg.
DSP Report: operator acc_sum0 is absorbed into DSP acc_sum_reg.
DSP Report: operator product is absorbed into DSP acc_sum_reg.
DSP Report: Generating DSP product, operation Mode is: A*B.
DSP Report: operator product is absorbed into DSP product.
DSP Report: Generating DSP acc_sum_reg, operation Mode is: (P+A*B)'.
DSP Report: register acc_sum_reg is absorbed into DSP acc_sum_reg.
DSP Report: operator acc_sum0 is absorbed into DSP acc_sum_reg.
DSP Report: operator product is absorbed into DSP acc_sum_reg.
DSP Report: Generating DSP product, operation Mode is: A*B.
DSP Report: operator product is absorbed into DSP product.
DSP Report: Generating DSP acc_sum_reg, operation Mode is: (P+A*B)'.
DSP Report: register acc_sum_reg is absorbed into DSP acc_sum_reg.
DSP Report: operator acc_sum0 is absorbed into DSP acc_sum_reg.
DSP Report: operator product is absorbed into DSP acc_sum_reg.
DSP Report: Generating DSP product, operation Mode is: A*B.
DSP Report: operator product is absorbed into DSP product.
DSP Report: Generating DSP acc_sum_reg, operation Mode is: (P+A*B)'.
DSP Report: register acc_sum_reg is absorbed into DSP acc_sum_reg.
DSP Report: operator acc_sum0 is absorbed into DSP acc_sum_reg.
DSP Report: operator product is absorbed into DSP acc_sum_reg.
DSP Report: Generating DSP product, operation Mode is: A*B.
DSP Report: operator product is absorbed into DSP product.
DSP Report: Generating DSP acc_sum_reg, operation Mode is: (P+A*B)'.
DSP Report: register acc_sum_reg is absorbed into DSP acc_sum_reg.
DSP Report: operator acc_sum0 is absorbed into DSP acc_sum_reg.
DSP Report: operator product is absorbed into DSP acc_sum_reg.
DSP Report: Generating DSP product, operation Mode is: A*B.
DSP Report: operator product is absorbed into DSP product.
DSP Report: Generating DSP acc_sum_reg, operation Mode is: (P+A*B)'.
DSP Report: register acc_sum_reg is absorbed into DSP acc_sum_reg.
DSP Report: operator acc_sum0 is absorbed into DSP acc_sum_reg.
DSP Report: operator product is absorbed into DSP acc_sum_reg.
DSP Report: Generating DSP product, operation Mode is: A*B.
DSP Report: operator product is absorbed into DSP product.
DSP Report: Generating DSP acc_sum_reg, operation Mode is: (P+A*B)'.
DSP Report: register acc_sum_reg is absorbed into DSP acc_sum_reg.
DSP Report: operator acc_sum0 is absorbed into DSP acc_sum_reg.
DSP Report: operator product is absorbed into DSP acc_sum_reg.
DSP Report: Generating DSP product, operation Mode is: A*B.
DSP Report: operator product is absorbed into DSP product.
DSP Report: Generating DSP acc_sum_reg, operation Mode is: (P+A*B)'.
DSP Report: register acc_sum_reg is absorbed into DSP acc_sum_reg.
DSP Report: operator acc_sum0 is absorbed into DSP acc_sum_reg.
DSP Report: operator product is absorbed into DSP acc_sum_reg.
DSP Report: Generating DSP product, operation Mode is: A*B.
DSP Report: operator product is absorbed into DSP product.
DSP Report: Generating DSP acc_sum_reg, operation Mode is: (P+A*B)'.
DSP Report: register acc_sum_reg is absorbed into DSP acc_sum_reg.
DSP Report: operator acc_sum0 is absorbed into DSP acc_sum_reg.
DSP Report: operator product is absorbed into DSP acc_sum_reg.
DSP Report: Generating DSP product, operation Mode is: A*B.
DSP Report: operator product is absorbed into DSP product.
DSP Report: Generating DSP acc_sum_reg, operation Mode is: (P+A*B)'.
DSP Report: register acc_sum_reg is absorbed into DSP acc_sum_reg.
DSP Report: operator acc_sum0 is absorbed into DSP acc_sum_reg.
DSP Report: operator product is absorbed into DSP acc_sum_reg.
DSP Report: Generating DSP product, operation Mode is: A*B.
DSP Report: operator product is absorbed into DSP product.
DSP Report: Generating DSP acc_sum_reg, operation Mode is: (P+A*B)'.
DSP Report: register acc_sum_reg is absorbed into DSP acc_sum_reg.
DSP Report: operator acc_sum0 is absorbed into DSP acc_sum_reg.
DSP Report: operator product is absorbed into DSP acc_sum_reg.
DSP Report: Generating DSP product, operation Mode is: A*B.
DSP Report: operator product is absorbed into DSP product.
DSP Report: Generating DSP acc_sum_reg, operation Mode is: (P+A*B)'.
DSP Report: register acc_sum_reg is absorbed into DSP acc_sum_reg.
DSP Report: operator acc_sum0 is absorbed into DSP acc_sum_reg.
DSP Report: operator product is absorbed into DSP acc_sum_reg.
DSP Report: Generating DSP product, operation Mode is: A*B.
DSP Report: operator product is absorbed into DSP product.
DSP Report: Generating DSP acc_sum_reg, operation Mode is: (P+A*B)'.
DSP Report: register acc_sum_reg is absorbed into DSP acc_sum_reg.
DSP Report: operator acc_sum0 is absorbed into DSP acc_sum_reg.
DSP Report: operator product is absorbed into DSP acc_sum_reg.
WARNING: [Synth 8-7129] Port S_AXI_AWADDR[4] in module axi_lite_wrapper is either unconnected or has no load
WARNING: [Synth 8-7129] Port S_AXI_AWADDR[3] in module axi_lite_wrapper is either unconnected or has no load
WARNING: [Synth 8-7129] Port S_AXI_AWADDR[2] in module axi_lite_wrapper is either unconnected or has no load
WARNING: [Synth 8-7129] Port S_AXI_AWADDR[1] in module axi_lite_wrapper is either unconnected or has no load
WARNING: [Synth 8-7129] Port S_AXI_AWADDR[0] in module axi_lite_wrapper is either unconnected or has no load
WARNING: [Synth 8-7129] Port S_AXI_AWPROT[2] in module axi_lite_wrapper is either unconnected or has no load
WARNING: [Synth 8-7129] Port S_AXI_AWPROT[1] in module axi_lite_wrapper is either unconnected or has no load
WARNING: [Synth 8-7129] Port S_AXI_AWPROT[0] in module axi_lite_wrapper is either unconnected or has no load
WARNING: [Synth 8-7129] Port S_AXI_WDATA[31] in module axi_lite_wrapper is either unconnected or has no load
WARNING: [Synth 8-7129] Port S_AXI_WDATA[30] in module axi_lite_wrapper is either unconnected or has no load
WARNING: [Synth 8-7129] Port S_AXI_WDATA[29] in module axi_lite_wrapper is either unconnected or has no load
WARNING: [Synth 8-7129] Port S_AXI_WDATA[28] in module axi_lite_wrapper is either unconnected or has no load
WARNING: [Synth 8-7129] Port S_AXI_WDATA[27] in module axi_lite_wrapper is either unconnected or has no load
WARNING: [Synth 8-7129] Port S_AXI_WDATA[26] in module axi_lite_wrapper is either unconnected or has no load
WARNING: [Synth 8-7129] Port S_AXI_WDATA[25] in module axi_lite_wrapper is either unconnected or has no load
WARNING: [Synth 8-7129] Port S_AXI_WDATA[24] in module axi_lite_wrapper is either unconnected or has no load
WARNING: [Synth 8-7129] Port S_AXI_WDATA[23] in module axi_lite_wrapper is either unconnected or has no load
WARNING: [Synth 8-7129] Port S_AXI_WDATA[22] in module axi_lite_wrapper is either unconnected or has no load
WARNING: [Synth 8-7129] Port S_AXI_WDATA[21] in module axi_lite_wrapper is either unconnected or has no load
WARNING: [Synth 8-7129] Port S_AXI_WDATA[20] in module axi_lite_wrapper is either unconnected or has no load
WARNING: [Synth 8-7129] Port S_AXI_WDATA[19] in module axi_lite_wrapper is either unconnected or has no load
WARNING: [Synth 8-7129] Port S_AXI_WDATA[18] in module axi_lite_wrapper is either unconnected or has no load
WARNING: [Synth 8-7129] Port S_AXI_WDATA[17] in module axi_lite_wrapper is either unconnected or has no load
WARNING: [Synth 8-7129] Port S_AXI_WDATA[16] in module axi_lite_wrapper is either unconnected or has no load
WARNING: [Synth 8-7129] Port S_AXI_WDATA[15] in module axi_lite_wrapper is either unconnected or has no load
WARNING: [Synth 8-7129] Port S_AXI_WDATA[14] in module axi_lite_wrapper is either unconnected or has no load
WARNING: [Synth 8-7129] Port S_AXI_WDATA[13] in module axi_lite_wrapper is either unconnected or has no load
WARNING: [Synth 8-7129] Port S_AXI_WDATA[12] in module axi_lite_wrapper is either unconnected or has no load
WARNING: [Synth 8-7129] Port S_AXI_WDATA[11] in module axi_lite_wrapper is either unconnected or has no load
WARNING: [Synth 8-7129] Port S_AXI_WDATA[10] in module axi_lite_wrapper is either unconnected or has no load
WARNING: [Synth 8-7129] Port S_AXI_WDATA[9] in module axi_lite_wrapper is either unconnected or has no load
WARNING: [Synth 8-7129] Port S_AXI_WDATA[8] in module axi_lite_wrapper is either unconnected or has no load
WARNING: [Synth 8-7129] Port S_AXI_WDATA[7] in module axi_lite_wrapper is either unconnected or has no load
WARNING: [Synth 8-7129] Port S_AXI_WDATA[6] in module axi_lite_wrapper is either unconnected or has no load
WARNING: [Synth 8-7129] Port S_AXI_WDATA[5] in module axi_lite_wrapper is either unconnected or has no load
WARNING: [Synth 8-7129] Port S_AXI_WDATA[4] in module axi_lite_wrapper is either unconnected or has no load
WARNING: [Synth 8-7129] Port S_AXI_WDATA[3] in module axi_lite_wrapper is either unconnected or has no load
WARNING: [Synth 8-7129] Port S_AXI_WDATA[2] in module axi_lite_wrapper is either unconnected or has no load
WARNING: [Synth 8-7129] Port S_AXI_WDATA[1] in module axi_lite_wrapper is either unconnected or has no load
WARNING: [Synth 8-7129] Port S_AXI_WDATA[0] in module axi_lite_wrapper is either unconnected or has no load
WARNING: [Synth 8-7129] Port S_AXI_WSTRB[3] in module axi_lite_wrapper is either unconnected or has no load
WARNING: [Synth 8-7129] Port S_AXI_WSTRB[2] in module axi_lite_wrapper is either unconnected or has no load
WARNING: [Synth 8-7129] Port S_AXI_WSTRB[1] in module axi_lite_wrapper is either unconnected or has no load
WARNING: [Synth 8-7129] Port S_AXI_WSTRB[0] in module axi_lite_wrapper is either unconnected or has no load
WARNING: [Synth 8-7129] Port S_AXI_ARPROT[2] in module axi_lite_wrapper is either unconnected or has no load
WARNING: [Synth 8-7129] Port S_AXI_ARPROT[1] in module axi_lite_wrapper is either unconnected or has no load
WARNING: [Synth 8-7129] Port S_AXI_ARPROT[0] in module axi_lite_wrapper is either unconnected or has no load
WARNING: [Synth 8-7129] Port batch_start in module dnn_scheduler is either unconnected or has no load
WARNING: [Synth 8-3332] Sequential element (FSM_onehot_state_reg[2]) is unused and will be removed from module systolic_controller.
---------------------------------------------------------------------------------
Finished Cross Boundary and Area Optimization : Time (s): cpu = 00:00:32 ; elapsed = 00:00:37 . Memory (MB): peak = 1285.625 ; gain = 0.000
---------------------------------------------------------------------------------
---------------------------------------------------------------------------------
Start ROM, RAM, DSP, Shift Register and Retiming Reporting
---------------------------------------------------------------------------------

ROM: Preliminary Mapping Report
+----------------+----------------+---------------+----------------+
|Module Name     | RTL Object     | Depth x Width | Implemented As | 
+----------------+----------------+---------------+----------------+
|bias_sram       | layer_2_bias   | 32x6          | LUT            | 
|bias_sram       | layer_1_bias   | 32x6          | LUT            | 
|bias_sram       | layer_2_bias   | 32x6          | LUT            | 
|bias_sram       | layer_1_bias   | 32x6          | LUT            | 
|bias_sram       | layer_2_bias   | 32x6          | LUT            | 
|bias_sram       | layer_1_bias   | 32x6          | LUT            | 
|bias_sram       | layer_2_bias   | 32x6          | LUT            | 
|bias_sram       | layer_1_bias   | 32x6          | LUT            | 
|bias_sram       | layer_2_bias   | 32x6          | LUT            | 
|bias_sram       | layer_1_bias   | 32x6          | LUT            | 
|activation_unit | sigmoid_memory | 1024x8        | LUT            | 
|activation_unit | sigmoid_memory | 1024x8        | LUT            | 
|activation_unit | sigmoid_memory | 1024x8        | LUT            | 
|activation_unit | sigmoid_memory | 1024x8        | LUT            | 
|activation_unit | sigmoid_memory | 1024x8        | LUT            | 
|bias_sram       | p_0_out        | 32x6          | LUT            | 
|bias_sram       | p_0_out        | 32x6          | LUT            | 
|bias_sram       | p_0_out        | 32x6          | LUT            | 
|bias_sram       | p_0_out        | 32x6          | LUT            | 
|bias_sram       | p_0_out        | 32x6          | LUT            | 
|bias_sram       | p_0_out        | 32x6          | LUT            | 
|bias_sram       | p_0_out        | 32x6          | LUT            | 
|bias_sram       | p_0_out        | 32x6          | LUT            | 
|bias_sram       | p_0_out        | 32x6          | LUT            | 
|bias_sram       | p_0_out        | 32x6          | LUT            | 
|activation_unit | p_0_out        | 1024x8        | LUT            | 
|activation_unit | p_0_out        | 1024x8        | LUT            | 
|activation_unit | p_0_out        | 1024x8        | LUT            | 
|activation_unit | p_0_out        | 1024x8        | LUT            | 
|activation_unit | p_0_out        | 1024x8        | LUT            | 
+----------------+----------------+---------------+----------------+


Block RAM: Preliminary Mapping Report (see note below)
+------------------------+-------------------+------------------------+---+---+------------------------+---+---+------------------+--------+--------+
|Module Name             | RTL Object        | PORT A (Depth x Width) | W | R | PORT B (Depth x Width) | W | R | Ports driving FF | RAMB18 | RAMB36 | 
+------------------------+-------------------+------------------------+---+---+------------------------+---+---+------------------+--------+--------+
|unified_buffer_instance | memory_bank_0_reg | 0 K x 8(READ_FIRST)    | W |   | 0 K x 8(WRITE_FIRST)   |   | R | Port A and B     | 1      | 0      | 
|unified_buffer_instance | memory_bank_1_reg | 0 K x 8(READ_FIRST)    | W |   | 0 K x 8(WRITE_FIRST)   |   | R | Port A and B     | 1      | 0      | 
|unified_buffer_instance | memory_bank_2_reg | 0 K x 8(READ_FIRST)    | W |   | 0 K x 8(WRITE_FIRST)   |   | R | Port A and B     | 1      | 0      | 
|unified_buffer_instance | memory_bank_3_reg | 0 K x 8(READ_FIRST)    | W |   | 0 K x 8(WRITE_FIRST)   |   | R | Port A and B     | 1      | 0      | 
|unified_buffer_instance | memory_bank_4_reg | 0 K x 8(READ_FIRST)    | W |   | 0 K x 8(WRITE_FIRST)   |   | R | Port A and B     | 1      | 0      | 
+------------------------+-------------------+------------------------+---+---+------------------------+---+---+------------------+--------+--------+

Note: The table above is a preliminary report that shows the Block RAMs at the current stage of the synthesis flow. Some Block RAMs may be reimplemented as non Block RAM primitives later in the synthesis flow. Multiple instantiated Block RAMs are reported only once. 

DSP: Preliminary Mapping Report (see note below. The ' indicates corresponding REG is set)
+------------+-------------+--------+--------+--------+--------+--------+------+------+------+------+-------+------+------+
|Module Name | DSP Mapping | A Size | B Size | C Size | D Size | P Size | AREG | BREG | CREG | DREG | ADREG | MREG | PREG | 
+------------+-------------+--------+--------+--------+--------+--------+------+------+------+------+-------+------+------+
|mac_pe      | A*B         | 8      | 8      | -      | -      | 16     | 0    | 0    | -    | -    | -     | 0    | 0    | 
|mac_pe      | (P+A*B)'    | 8      | 8      | -      | -      | 26     | 0    | 0    | -    | -    | -     | 0    | 1    | 
|mac_pe      | A*B         | 8      | 8      | -      | -      | 16     | 0    | 0    | -    | -    | -     | 0    | 0    | 
|mac_pe      | (P+A*B)'    | 8      | 8      | -      | -      | 26     | 0    | 0    | -    | -    | -     | 0    | 1    | 
|mac_pe      | A*B         | 8      | 8      | -      | -      | 16     | 0    | 0    | -    | -    | -     | 0    | 0    | 
|mac_pe      | (P+A*B)'    | 8      | 8      | -      | -      | 26     | 0    | 0    | -    | -    | -     | 0    | 1    | 
|mac_pe      | A*B         | 8      | 8      | -      | -      | 16     | 0    | 0    | -    | -    | -     | 0    | 0    | 
|mac_pe      | (P+A*B)'    | 8      | 8      | -      | -      | 26     | 0    | 0    | -    | -    | -     | 0    | 1    | 
|mac_pe      | A*B         | 8      | 8      | -      | -      | 16     | 0    | 0    | -    | -    | -     | 0    | 0    | 
|mac_pe      | (P+A*B)'    | 8      | 8      | -      | -      | 26     | 0    | 0    | -    | -    | -     | 0    | 1    | 
|mac_pe      | A*B         | 8      | 8      | -      | -      | 16     | 0    | 0    | -    | -    | -     | 0    | 0    | 
|mac_pe      | (P+A*B)'    | 8      | 8      | -      | -      | 26     | 0    | 0    | -    | -    | -     | 0    | 1    | 
|mac_pe      | A*B         | 8      | 8      | -      | -      | 16     | 0    | 0    | -    | -    | -     | 0    | 0    | 
|mac_pe      | (P+A*B)'    | 8      | 8      | -      | -      | 26     | 0    | 0    | -    | -    | -     | 0    | 1    | 
|mac_pe      | A*B         | 8      | 8      | -      | -      | 16     | 0    | 0    | -    | -    | -     | 0    | 0    | 
|mac_pe      | (P+A*B)'    | 8      | 8      | -      | -      | 26     | 0    | 0    | -    | -    | -     | 0    | 1    | 
|mac_pe      | A*B         | 8      | 8      | -      | -      | 16     | 0    | 0    | -    | -    | -     | 0    | 0    | 
|mac_pe      | (P+A*B)'    | 8      | 8      | -      | -      | 26     | 0    | 0    | -    | -    | -     | 0    | 1    | 
|mac_pe      | A*B         | 8      | 8      | -      | -      | 16     | 0    | 0    | -    | -    | -     | 0    | 0    | 
|mac_pe      | (P+A*B)'    | 8      | 8      | -      | -      | 26     | 0    | 0    | -    | -    | -     | 0    | 1    | 
|mac_pe      | A*B         | 8      | 8      | -      | -      | 16     | 0    | 0    | -    | -    | -     | 0    | 0    | 
|mac_pe      | (P+A*B)'    | 8      | 8      | -      | -      | 26     | 0    | 0    | -    | -    | -     | 0    | 1    | 
|mac_pe      | A*B         | 8      | 8      | -      | -      | 16     | 0    | 0    | -    | -    | -     | 0    | 0    | 
|mac_pe      | (P+A*B)'    | 8      | 8      | -      | -      | 26     | 0    | 0    | -    | -    | -     | 0    | 1    | 
|mac_pe      | A*B         | 8      | 8      | -      | -      | 16     | 0    | 0    | -    | -    | -     | 0    | 0    | 
|mac_pe      | (P+A*B)'    | 8      | 8      | -      | -      | 26     | 0    | 0    | -    | -    | -     | 0    | 1    | 
|mac_pe      | A*B         | 8      | 8      | -      | -      | 16     | 0    | 0    | -    | -    | -     | 0    | 0    | 
|mac_pe      | (P+A*B)'    | 8      | 8      | -      | -      | 26     | 0    | 0    | -    | -    | -     | 0    | 1    | 
|mac_pe      | A*B         | 8      | 8      | -      | -      | 16     | 0    | 0    | -    | -    | -     | 0    | 0    | 
|mac_pe      | (P+A*B)'    | 8      | 8      | -      | -      | 26     | 0    | 0    | -    | -    | -     | 0    | 1    | 
|mac_pe      | A*B         | 8      | 8      | -      | -      | 16     | 0    | 0    | -    | -    | -     | 0    | 0    | 
|mac_pe      | (P+A*B)'    | 8      | 8      | -      | -      | 26     | 0    | 0    | -    | -    | -     | 0    | 1    | 
|mac_pe      | A*B         | 8      | 8      | -      | -      | 16     | 0    | 0    | -    | -    | -     | 0    | 0    | 
|mac_pe      | (P+A*B)'    | 8      | 8      | -      | -      | 26     | 0    | 0    | -    | -    | -     | 0    | 1    | 
|mac_pe      | A*B         | 8      | 8      | -      | -      | 16     | 0    | 0    | -    | -    | -     | 0    | 0    | 
|mac_pe      | (P+A*B)'    | 8      | 8      | -      | -      | 26     | 0    | 0    | -    | -    | -     | 0    | 1    | 
|mac_pe      | A*B         | 8      | 8      | -      | -      | 16     | 0    | 0    | -    | -    | -     | 0    | 0    | 
|mac_pe      | (P+A*B)'    | 8      | 8      | -      | -      | 26     | 0    | 0    | -    | -    | -     | 0    | 1    | 
|mac_pe      | A*B         | 8      | 8      | -      | -      | 16     | 0    | 0    | -    | -    | -     | 0    | 0    | 
|mac_pe      | (P+A*B)'    | 8      | 8      | -      | -      | 26     | 0    | 0    | -    | -    | -     | 0    | 1    | 
|mac_pe      | A*B         | 8      | 8      | -      | -      | 16     | 0    | 0    | -    | -    | -     | 0    | 0    | 
|mac_pe      | (P+A*B)'    | 8      | 8      | -      | -      | 26     | 0    | 0    | -    | -    | -     | 0    | 1    | 
|mac_pe      | A*B         | 8      | 8      | -      | -      | 16     | 0    | 0    | -    | -    | -     | 0    | 0    | 
|mac_pe      | (P+A*B)'    | 8      | 8      | -      | -      | 26     | 0    | 0    | -    | -    | -     | 0    | 1    | 
|mac_pe      | A*B         | 8      | 8      | -      | -      | 16     | 0    | 0    | -    | -    | -     | 0    | 0    | 
|mac_pe      | (P+A*B)'    | 8      | 8      | -      | -      | 26     | 0    | 0    | -    | -    | -     | 0    | 1    | 
|mac_pe      | A*B         | 8      | 8      | -      | -      | 16     | 0    | 0    | -    | -    | -     | 0    | 0    | 
|mac_pe      | (P+A*B)'    | 8      | 8      | -      | -      | 26     | 0    | 0    | -    | -    | -     | 0    | 1    | 
|mac_pe      | A*B         | 8      | 8      | -      | -      | 16     | 0    | 0    | -    | -    | -     | 0    | 0    | 
|mac_pe      | (P+A*B)'    | 8      | 8      | -      | -      | 26     | 0    | 0    | -    | -    | -     | 0    | 1    | 
+------------+-------------+--------+--------+--------+--------+--------+------+------+------+------+-------+------+------+

Note: The table above is a preliminary report that shows the DSPs inferred at the current stage of the synthesis flow. Some DSP may be reimplemented as non DSP primitives later in the synthesis flow. Multiple instantiated DSPs are reported only once.
---------------------------------------------------------------------------------
Finished ROM, RAM, DSP, Shift Register and Retiming Reporting
---------------------------------------------------------------------------------
No constraint files found.
---------------------------------------------------------------------------------
Start Timing Optimization
---------------------------------------------------------------------------------
---------------------------------------------------------------------------------
Finished Timing Optimization : Time (s): cpu = 00:00:32 ; elapsed = 00:00:38 . Memory (MB): peak = 1285.625 ; gain = 0.000
---------------------------------------------------------------------------------
---------------------------------------------------------------------------------
Start ROM, RAM, DSP, Shift Register and Retiming Reporting
---------------------------------------------------------------------------------

Block RAM: Final Mapping Report
+------------------------+-------------------+------------------------+---+---+------------------------+---+---+------------------+--------+--------+
|Module Name             | RTL Object        | PORT A (Depth x Width) | W | R | PORT B (Depth x Width) | W | R | Ports driving FF | RAMB18 | RAMB36 | 
+------------------------+-------------------+------------------------+---+---+------------------------+---+---+------------------+--------+--------+
|unified_buffer_instance | memory_bank_0_reg | 0 K x 8(READ_FIRST)    | W |   | 0 K x 8(WRITE_FIRST)   |   | R | Port A and B     | 1      | 0      | 
|unified_buffer_instance | memory_bank_1_reg | 0 K x 8(READ_FIRST)    | W |   | 0 K x 8(WRITE_FIRST)   |   | R | Port A and B     | 1      | 0      | 
|unified_buffer_instance | memory_bank_2_reg | 0 K x 8(READ_FIRST)    | W |   | 0 K x 8(WRITE_FIRST)   |   | R | Port A and B     | 1      | 0      | 
|unified_buffer_instance | memory_bank_3_reg | 0 K x 8(READ_FIRST)    | W |   | 0 K x 8(WRITE_FIRST)   |   | R | Port A and B     | 1      | 0      | 
|unified_buffer_instance | memory_bank_4_reg | 0 K x 8(READ_FIRST)    | W |   | 0 K x 8(WRITE_FIRST)   |   | R | Port A and B     | 1      | 0      | 
+------------------------+-------------------+------------------------+---+---+------------------------+---+---+------------------+--------+--------+

---------------------------------------------------------------------------------
Finished ROM, RAM, DSP, Shift Register and Retiming Reporting
---------------------------------------------------------------------------------
---------------------------------------------------------------------------------
Start Technology Mapping
---------------------------------------------------------------------------------
INFO: [Synth 8-7052] The timing for the instance unified_buffer_instance/memory_bank_0_reg (implemented as a Block RAM) might be sub-optimal as no optional output register could be merged into the ram block. Providing additional output register may help in improving timing.
INFO: [Synth 8-7052] The timing for the instance unified_buffer_instance/memory_bank_1_reg (implemented as a Block RAM) might be sub-optimal as no optional output register could be merged into the ram block. Providing additional output register may help in improving timing.
INFO: [Synth 8-7052] The timing for the instance unified_buffer_instance/memory_bank_2_reg (implemented as a Block RAM) might be sub-optimal as no optional output register could be merged into the ram block. Providing additional output register may help in improving timing.
INFO: [Synth 8-7052] The timing for the instance unified_buffer_instance/memory_bank_3_reg (implemented as a Block RAM) might be sub-optimal as no optional output register could be merged into the ram block. Providing additional output register may help in improving timing.
INFO: [Synth 8-7052] The timing for the instance unified_buffer_instance/memory_bank_4_reg (implemented as a Block RAM) might be sub-optimal as no optional output register could be merged into the ram block. Providing additional output register may help in improving timing.
INFO: [Synth 8-7052] The timing for the instance weight_sram_instance/WEIGHT_BANK[0].read_register_reg_0 (implemented as a Block RAM) might be sub-optimal as no optional output register could be merged into the ram block. Providing additional output register may help in improving timing.
INFO: [Synth 8-7052] The timing for the instance weight_sram_instance/WEIGHT_BANK[0].read_register_reg_1 (implemented as a Block RAM) might be sub-optimal as no optional output register could be merged into the ram block. Providing additional output register may help in improving timing.
INFO: [Synth 8-7052] The timing for the instance weight_sram_instance/WEIGHT_BANK[1].read_register_reg_0 (implemented as a Block RAM) might be sub-optimal as no optional output register could be merged into the ram block. Providing additional output register may help in improving timing.
INFO: [Synth 8-7052] The timing for the instance weight_sram_instance/WEIGHT_BANK[1].read_register_reg_1 (implemented as a Block RAM) might be sub-optimal as no optional output register could be merged into the ram block. Providing additional output register may help in improving timing.
INFO: [Synth 8-7052] The timing for the instance weight_sram_instance/WEIGHT_BANK[2].read_register_reg_0 (implemented as a Block RAM) might be sub-optimal as no optional output register could be merged into the ram block. Providing additional output register may help in improving timing.
INFO: [Synth 8-7052] The timing for the instance weight_sram_instance/WEIGHT_BANK[2].read_register_reg_1 (implemented as a Block RAM) might be sub-optimal as no optional output register could be merged into the ram block. Providing additional output register may help in improving timing.
INFO: [Synth 8-7052] The timing for the instance weight_sram_instance/WEIGHT_BANK[3].read_register_reg_0 (implemented as a Block RAM) might be sub-optimal as no optional output register could be merged into the ram block. Providing additional output register may help in improving timing.
INFO: [Synth 8-7052] The timing for the instance weight_sram_instance/WEIGHT_BANK[3].read_register_reg_1 (implemented as a Block RAM) might be sub-optimal as no optional output register could be merged into the ram block. Providing additional output register may help in improving timing.
INFO: [Synth 8-7052] The timing for the instance weight_sram_instance/WEIGHT_BANK[4].read_register_reg_0 (implemented as a Block RAM) might be sub-optimal as no optional output register could be merged into the ram block. Providing additional output register may help in improving timing.
INFO: [Synth 8-7052] The timing for the instance weight_sram_instance/WEIGHT_BANK[4].read_register_reg_1 (implemented as a Block RAM) might be sub-optimal as no optional output register could be merged into the ram block. Providing additional output register may help in improving timing.
---------------------------------------------------------------------------------
Finished Technology Mapping : Time (s): cpu = 00:00:34 ; elapsed = 00:00:39 . Memory (MB): peak = 1285.625 ; gain = 0.000
---------------------------------------------------------------------------------
---------------------------------------------------------------------------------
Start IO Insertion
---------------------------------------------------------------------------------
---------------------------------------------------------------------------------
Start Flattening Before IO Insertion
---------------------------------------------------------------------------------
---------------------------------------------------------------------------------
Finished Flattening Before IO Insertion
---------------------------------------------------------------------------------
---------------------------------------------------------------------------------
Start Final Netlist Cleanup
---------------------------------------------------------------------------------
---------------------------------------------------------------------------------
Finished Final Netlist Cleanup
---------------------------------------------------------------------------------
---------------------------------------------------------------------------------
Finished IO Insertion : Time (s): cpu = 00:00:39 ; elapsed = 00:00:45 . Memory (MB): peak = 1285.625 ; gain = 0.000
---------------------------------------------------------------------------------
---------------------------------------------------------------------------------
Start Renaming Generated Instances
---------------------------------------------------------------------------------
---------------------------------------------------------------------------------
Finished Renaming Generated Instances : Time (s): cpu = 00:00:39 ; elapsed = 00:00:45 . Memory (MB): peak = 1285.625 ; gain = 0.000
---------------------------------------------------------------------------------
---------------------------------------------------------------------------------
Start Rebuilding User Hierarchy
---------------------------------------------------------------------------------
---------------------------------------------------------------------------------
Finished Rebuilding User Hierarchy : Time (s): cpu = 00:00:39 ; elapsed = 00:00:45 . Memory (MB): peak = 1285.625 ; gain = 0.000
---------------------------------------------------------------------------------
---------------------------------------------------------------------------------
Start Renaming Generated Ports
---------------------------------------------------------------------------------
---------------------------------------------------------------------------------
Finished Renaming Generated Ports : Time (s): cpu = 00:00:39 ; elapsed = 00:00:45 . Memory (MB): peak = 1285.625 ; gain = 0.000
---------------------------------------------------------------------------------
---------------------------------------------------------------------------------
Start Handling Custom Attributes
---------------------------------------------------------------------------------
---------------------------------------------------------------------------------
Finished Handling Custom Attributes : Time (s): cpu = 00:00:39 ; elapsed = 00:00:45 . Memory (MB): peak = 1285.625 ; gain = 0.000
---------------------------------------------------------------------------------
---------------------------------------------------------------------------------
Start Renaming Generated Nets
---------------------------------------------------------------------------------
---------------------------------------------------------------------------------
Finished Renaming Generated Nets : Time (s): cpu = 00:00:39 ; elapsed = 00:00:45 . Memory (MB): peak = 1285.625 ; gain = 0.000
---------------------------------------------------------------------------------
---------------------------------------------------------------------------------
Start Writing Synthesis Report
---------------------------------------------------------------------------------

DSP Final Report (the ' indicates corresponding REG is set)
+------------+-------------+--------+--------+--------+--------+--------+------+------+------+------+-------+------+------+
|Module Name | DSP Mapping | A Size | B Size | C Size | D Size | P Size | AREG | BREG | CREG | DREG | ADREG | MREG | PREG | 
+------------+-------------+--------+--------+--------+--------+--------+------+------+------+------+-------+------+------+
|mac_pe      | (P+A*B)'    | 30     | 18     | -      | -      | 26     | 0    | 0    | -    | -    | -     | 0    | 1    | 
|mac_pe      | (P+A*B)'    | 30     | 18     | -      | -      | 26     | 0    | 0    | -    | -    | -     | 0    | 1    | 
|mac_pe      | (P+A*B)'    | 30     | 18     | -      | -      | 26     | 0    | 0    | -    | -    | -     | 0    | 1    | 
|mac_pe      | (P+A*B)'    | 30     | 18     | -      | -      | 26     | 0    | 0    | -    | -    | -     | 0    | 1    | 
|mac_pe      | (P+A*B)'    | 30     | 18     | -      | -      | 26     | 0    | 0    | -    | -    | -     | 0    | 1    | 
|mac_pe      | (P+A*B)'    | 30     | 18     | -      | -      | 26     | 0    | 0    | -    | -    | -     | 0    | 1    | 
|mac_pe      | (P+A*B)'    | 30     | 18     | -      | -      | 26     | 0    | 0    | -    | -    | -     | 0    | 1    | 
|mac_pe      | (P+A*B)'    | 30     | 18     | -      | -      | 26     | 0    | 0    | -    | -    | -     | 0    | 1    | 
|mac_pe      | (P+A*B)'    | 30     | 18     | -      | -      | 26     | 0    | 0    | -    | -    | -     | 0    | 1    | 
|mac_pe      | (P+A*B)'    | 30     | 18     | -      | -      | 26     | 0    | 0    | -    | -    | -     | 0    | 1    | 
|mac_pe      | (P+A*B)'    | 30     | 18     | -      | -      | 26     | 0    | 0    | -    | -    | -     | 0    | 1    | 
|mac_pe      | (P+A*B)'    | 30     | 18     | -      | -      | 26     | 0    | 0    | -    | -    | -     | 0    | 1    | 
|mac_pe      | (P+A*B)'    | 30     | 18     | -      | -      | 26     | 0    | 0    | -    | -    | -     | 0    | 1    | 
|mac_pe      | (P+A*B)'    | 30     | 18     | -      | -      | 26     | 0    | 0    | -    | -    | -     | 0    | 1    | 
|mac_pe      | (P+A*B)'    | 30     | 18     | -      | -      | 26     | 0    | 0    | -    | -    | -     | 0    | 1    | 
|mac_pe      | (P+A*B)'    | 30     | 18     | -      | -      | 26     | 0    | 0    | -    | -    | -     | 0    | 1    | 
|mac_pe      | (P+A*B)'    | 30     | 18     | -      | -      | 26     | 0    | 0    | -    | -    | -     | 0    | 1    | 
|mac_pe      | (P+A*B)'    | 30     | 18     | -      | -      | 26     | 0    | 0    | -    | -    | -     | 0    | 1    | 
|mac_pe      | (P+A*B)'    | 30     | 18     | -      | -      | 26     | 0    | 0    | -    | -    | -     | 0    | 1    | 
|mac_pe      | (P+A*B)'    | 30     | 18     | -      | -      | 26     | 0    | 0    | -    | -    | -     | 0    | 1    | 
|mac_pe      | (P+A*B)'    | 30     | 18     | -      | -      | 26     | 0    | 0    | -    | -    | -     | 0    | 1    | 
|mac_pe      | (P+A*B)'    | 30     | 18     | -      | -      | 26     | 0    | 0    | -    | -    | -     | 0    | 1    | 
|mac_pe      | (P+A*B)'    | 30     | 18     | -      | -      | 26     | 0    | 0    | -    | -    | -     | 0    | 1    | 
|mac_pe      | (P+A*B)'    | 30     | 18     | -      | -      | 26     | 0    | 0    | -    | -    | -     | 0    | 1    | 
|mac_pe      | (P+A*B)'    | 30     | 18     | -      | -      | 26     | 0    | 0    | -    | -    | -     | 0    | 1    | 
+------------+-------------+--------+--------+--------+--------+--------+------+------+------+------+-------+------+------+


Report BlackBoxes: 
+-+--------------+----------+
| |BlackBox name |Instances |
+-+--------------+----------+
+-+--------------+----------+

Report Cell Usage: 
+------+---------+------+
|      |Cell     |Count |
+------+---------+------+
|1     |BUFG     |     1|
|2     |CARRY4   |   101|
|3     |DSP48E1  |    25|
|4     |LUT1     |    17|
|5     |LUT2     |   212|
|6     |LUT3     |   293|
|7     |LUT4     |   225|
|8     |LUT5     |   209|
|9     |LUT6     |   621|
|10    |MUXF7    |    62|
|11    |RAMB18E1 |     5|
|12    |RAMB36E1 |    10|
|13    |FDCE     |   457|
|14    |FDPE     |     1|
|15    |FDRE     |   254|
|16    |FDSE     |     2|
|17    |IBUF     |    21|
|18    |OBUF     |    43|
+------+---------+------+

Report Instance Areas: 
+------+-----------------------------------------------------------------+--------------------+------+
|      |Instance                                                         |Module              |Cells |
+------+-----------------------------------------------------------------+--------------------+------+
|1     |top                                                              |                    |  2559|
|2     |  activation_unit_instance                                       |activation_unit     |   441|
|3     |  axi_lite_wrapper_instance                                      |axi_lite_wrapper    |    33|
|4     |  bias_sram_instance                                             |bias_sram           |    42|
|5     |  dnn_scheduler_instance                                         |dnn_scheduler       |   281|
|6     |  maxFinder_instance                                             |maxFinder           |    83|
|7     |  systolic_controller_instance                                   |systolic_controller |  1434|
|8     |    systolic_array_2d_instance                                   |systolic_array_2d   |  1095|
|9     |      \ARRAY_ROWS[0].ARRAY_COLUMNS[0].pe_systolic_cell_instance  |pe_systolic_cell    |    27|
|10    |        mac_pe_instance                                          |mac_pe_47           |     2|
|11    |      \ARRAY_ROWS[0].ARRAY_COLUMNS[1].pe_systolic_cell_instance  |pe_systolic_cell_0  |    25|
|12    |        mac_pe_instance                                          |mac_pe_46           |     2|
|13    |      \ARRAY_ROWS[0].ARRAY_COLUMNS[2].pe_systolic_cell_instance  |pe_systolic_cell_1  |    26|
|14    |        mac_pe_instance                                          |mac_pe_45           |     2|
|15    |      \ARRAY_ROWS[0].ARRAY_COLUMNS[3].pe_systolic_cell_instance  |pe_systolic_cell_2  |    82|
|16    |        mac_pe_instance                                          |mac_pe_44           |    58|
|17    |      \ARRAY_ROWS[0].ARRAY_COLUMNS[4].pe_systolic_cell_instance  |pe_systolic_cell_3  |    24|
|18    |        mac_pe_instance                                          |mac_pe_43           |     2|
|19    |      \ARRAY_ROWS[1].ARRAY_COLUMNS[0].pe_systolic_cell_instance  |pe_systolic_cell_4  |    25|
|20    |        mac_pe_instance                                          |mac_pe_42           |     2|
|21    |      \ARRAY_ROWS[1].ARRAY_COLUMNS[1].pe_systolic_cell_instance  |pe_systolic_cell_5  |    23|
|22    |        mac_pe_instance                                          |mac_pe_41           |     2|
|23    |      \ARRAY_ROWS[1].ARRAY_COLUMNS[2].pe_systolic_cell_instance  |pe_systolic_cell_6  |    87|
|24    |        mac_pe_instance                                          |mac_pe_40           |    65|
|25    |      \ARRAY_ROWS[1].ARRAY_COLUMNS[3].pe_systolic_cell_instance  |pe_systolic_cell_7  |    80|
|26    |        mac_pe_instance                                          |mac_pe_39           |    58|
|27    |      \ARRAY_ROWS[1].ARRAY_COLUMNS[4].pe_systolic_cell_instance  |pe_systolic_cell_8  |    22|
|28    |        mac_pe_instance                                          |mac_pe_38           |     2|
|29    |      \ARRAY_ROWS[2].ARRAY_COLUMNS[0].pe_systolic_cell_instance  |pe_systolic_cell_9  |    25|
|30    |        mac_pe_instance                                          |mac_pe_37           |     2|
|31    |      \ARRAY_ROWS[2].ARRAY_COLUMNS[1].pe_systolic_cell_instance  |pe_systolic_cell_10 |    23|
|32    |        mac_pe_instance                                          |mac_pe_36           |     2|
|33    |      \ARRAY_ROWS[2].ARRAY_COLUMNS[2].pe_systolic_cell_instance  |pe_systolic_cell_11 |    87|
|34    |        mac_pe_instance                                          |mac_pe_35           |    65|
|35    |      \ARRAY_ROWS[2].ARRAY_COLUMNS[3].pe_systolic_cell_instance  |pe_systolic_cell_12 |    80|
|36    |        mac_pe_instance                                          |mac_pe_34           |    58|
|37    |      \ARRAY_ROWS[2].ARRAY_COLUMNS[4].pe_systolic_cell_instance  |pe_systolic_cell_13 |    22|
|38    |        mac_pe_instance                                          |mac_pe_33           |     2|
|39    |      \ARRAY_ROWS[3].ARRAY_COLUMNS[0].pe_systolic_cell_instance  |pe_systolic_cell_14 |    25|
|40    |        mac_pe_instance                                          |mac_pe_32           |     2|
|41    |      \ARRAY_ROWS[3].ARRAY_COLUMNS[1].pe_systolic_cell_instance  |pe_systolic_cell_15 |    23|
|42    |        mac_pe_instance                                          |mac_pe_31           |     2|
|43    |      \ARRAY_ROWS[3].ARRAY_COLUMNS[2].pe_systolic_cell_instance  |pe_systolic_cell_16 |    87|
|44    |        mac_pe_instance                                          |mac_pe_30           |    65|
|45    |      \ARRAY_ROWS[3].ARRAY_COLUMNS[3].pe_systolic_cell_instance  |pe_systolic_cell_17 |    80|
|46    |        mac_pe_instance                                          |mac_pe_29           |    58|
|47    |      \ARRAY_ROWS[3].ARRAY_COLUMNS[4].pe_systolic_cell_instance  |pe_systolic_cell_18 |    22|
|48    |        mac_pe_instance                                          |mac_pe_28           |     2|
|49    |      \ARRAY_ROWS[4].ARRAY_COLUMNS[0].pe_systolic_cell_instance  |pe_systolic_cell_19 |    23|
|50    |        mac_pe_instance                                          |mac_pe_27           |     2|
|51    |      \ARRAY_ROWS[4].ARRAY_COLUMNS[1].pe_systolic_cell_instance  |pe_systolic_cell_20 |    21|
|52    |        mac_pe_instance                                          |mac_pe_26           |     2|
|53    |      \ARRAY_ROWS[4].ARRAY_COLUMNS[2].pe_systolic_cell_instance  |pe_systolic_cell_21 |    85|
|54    |        mac_pe_instance                                          |mac_pe_25           |    65|
|55    |      \ARRAY_ROWS[4].ARRAY_COLUMNS[3].pe_systolic_cell_instance  |pe_systolic_cell_22 |    48|
|56    |        mac_pe_instance                                          |mac_pe_24           |    28|
|57    |      \ARRAY_ROWS[4].ARRAY_COLUMNS[4].pe_systolic_cell_instance  |pe_systolic_cell_23 |    23|
|58    |        mac_pe_instance                                          |mac_pe              |     3|
|59    |  unified_buffer_instance                                        |unified_buffer      |   162|
|60    |  weight_sram_instance                                           |weight_sram         |    15|
+------+-----------------------------------------------------------------+--------------------+------+
---------------------------------------------------------------------------------
Finished Writing Synthesis Report : Time (s): cpu = 00:00:39 ; elapsed = 00:00:45 . Memory (MB): peak = 1285.625 ; gain = 0.000
---------------------------------------------------------------------------------
Synthesis finished with 0 errors, 0 critical warnings and 103 warnings.
Synthesis Optimization Runtime : Time (s): cpu = 00:00:39 ; elapsed = 00:00:45 . Memory (MB): peak = 1285.625 ; gain = 0.000
Synthesis Optimization Complete : Time (s): cpu = 00:00:39 ; elapsed = 00:00:45 . Memory (MB): peak = 1285.625 ; gain = 0.000
INFO: [Project 1-571] Translating synthesized netlist
Netlist sorting complete. Time (s): cpu = 00:00:01 ; elapsed = 00:00:00.099 . Memory (MB): peak = 1285.625 ; gain = 0.000
INFO: [Netlist 29-17] Analyzing 203 Unisim elements for replacement
INFO: [Netlist 29-28] Unisim Transformation completed in 0 CPU seconds
INFO: [Project 1-570] Preparing netlist for logic optimization
INFO: [Opt 31-138] Pushed 0 inverter(s) to 0 load pin(s).
Netlist sorting complete. Time (s): cpu = 00:00:00 ; elapsed = 00:00:00.001 . Memory (MB): peak = 1285.625 ; gain = 0.000
INFO: [Project 1-111] Unisim Transformation Summary:
No Unisim elements were transformed.

Synth Design complete, checksum: 8752343d
INFO: [Common 17-83] Releasing license: Synthesis
156 Infos, 103 Warnings, 0 Critical Warnings and 0 Errors encountered.
synth_design completed successfully
synth_design: Time (s): cpu = 00:00:42 ; elapsed = 00:00:50 . Memory (MB): peak = 1285.625 ; gain = 0.000
INFO: [Common 17-600] The following parameters have non-default value.
general.maxThreads
report_ram_utilization: Time (s): cpu = 00:00:00 ; elapsed = 00:00:00 . Memory (MB): peak = 1566.176 ; gain = 0.000
INFO: [Timing 38-91] UpdateTimingParams: Speed grade: -1, Delay Type: min_max.
INFO: [Timing 38-191] Multithreading enabled for timing update using a maximum of 4 CPUs
INFO: [Timing 38-91] UpdateTimingParams: Speed grade: -1, Delay Type: max.
INFO: [Timing 38-191] Multithreading enabled for timing update using a maximum of 4 CPUs
INFO: [Timing 38-78] ReportTimingParams: -max_paths 20 -nworst 1 -delay_type max -sort_by slack.
INFO: [Timing 38-91] UpdateTimingParams: Speed grade: -1, Delay Type: max.
INFO: [Timing 38-191] Multithreading enabled for timing update using a maximum of 4 CPUs
INFO: [Timing 38-78] ReportTimingParams: -max_paths 10 -nworst 1 -delay_type max -sort_by slack.
report_high_fanout_nets: Time (s): cpu = 00:00:00 ; elapsed = 00:00:00.234 . Memory (MB): peak = 1566.176 ; gain = 0.000
Command: report_drc -file C:/Users/iuhj0/Eddie/rag_db_project/artifacts/synthesis/optimized_accelerator/run_004/drc.rpt
INFO: [IP_Flow 19-234] Refreshing IP repositories
INFO: [IP_Flow 19-1704] No user IP repositories specified
INFO: [IP_Flow 19-2313] Loaded Vivado IP repository 'C:/Xilinx/Vivado/2022.1/data/ip'.
INFO: [DRC 23-27] Running DRC with 4 threads
INFO: [Vivado_Tcl 2-168] The results of DRC are in file C:/Users/iuhj0/Eddie/rag_db_project/artifacts/synthesis/optimized_accelerator/run_004/drc.rpt.
report_drc completed successfully
Command: report_power -file C:/Users/iuhj0/Eddie/rag_db_project/artifacts/synthesis/optimized_accelerator/run_004/power.rpt
Running Vector-less Activity Propagation...

Finished Running Vector-less Activity Propagation
170 Infos, 103 Warnings, 0 Critical Warnings and 0 Errors encountered.
report_power completed successfully
INFO: [Timing 38-480] Writing timing data to binary archive.
INFO: [Common 17-1381] The checkpoint 'C:/Users/iuhj0/Eddie/rag_db_project/.automation_debug/optimized_accelerator/analysis_005/project/workspace/optimized_accelerator/.vivado_flow/post_synthesis.dcp' has been generated.
# exit 0
INFO: [Common 17-206] Exiting Vivado at Sat Sep 19 17:25:42 2026...
