Copyright 1986-2022 Xilinx, Inc. All Rights Reserved.
---------------------------------------------------------------------------------------------------------------------------------------------------------------------------------------------
| Tool Version : Vivado v.2022.1 (win64) Build 3526262 Mon Apr 18 15:48:16 MDT 2022
| Date         : Sat Sep 19 17:28:45 2026
| Host         : BOOK-P2O9FRPHFQ running 64-bit major release  (build 9200)
| Command      : report_timing_summary -delay_type min_max -max_paths 20 -file C:/Users/iuhj0/Eddie/rag_db_project/artifacts/implementation/optimized_accelerator/run_004/timing_summary.rpt
| Design       : zyNet
| Device       : 7z020-clg400
| Speed File   : -1  PRODUCTION 1.12 2019-11-22
---------------------------------------------------------------------------------------------------------------------------------------------------------------------------------------------

Timing Summary Report

------------------------------------------------------------------------------------------------
| Timer Settings
| --------------
------------------------------------------------------------------------------------------------

  Enable Multi Corner Analysis               :  Yes
  Enable Pessimism Removal                   :  Yes
  Pessimism Removal Resolution               :  Nearest Common Node
  Enable Input Delay Default Clock           :  No
  Enable Preset / Clear Arcs                 :  No
  Disable Flight Delays                      :  No
  Ignore I/O Paths                           :  No
  Timing Early Launch at Borrowing Latches   :  No
  Borrow Time for Max Delay Exceptions       :  Yes
  Merge Timing Exceptions                    :  Yes

  Corner  Analyze    Analyze    
  Name    Max Paths  Min Paths  
  ------  ---------  ---------  
  Slow    Yes        Yes        
  Fast    Yes        Yes        


------------------------------------------------------------------------------------------------
| Report Methodology
| ------------------
------------------------------------------------------------------------------------------------

No report available as report_methodology has not been run prior. Run report_methodology on the current design for the summary of methodology violations.



check_timing report

Table of Contents
-----------------
1. checking no_clock (0)
2. checking constant_clock (0)
3. checking pulse_width_clock (0)
4. checking unconstrained_internal_endpoints (0)
5. checking no_input_delay (20)
6. checking no_output_delay (11)
7. checking multiple_clock (0)
8. checking generated_clocks (0)
9. checking loops (0)
10. checking partial_input_delay (0)
11. checking partial_output_delay (0)
12. checking latch_loops (0)

1. checking no_clock (0)
------------------------
 There are 0 register/latch pins with no clock.


2. checking constant_clock (0)
------------------------------
 There are 0 register/latch pins with constant_clock.


3. checking pulse_width_clock (0)
---------------------------------
 There are 0 register/latch pins which need pulse_width check


4. checking unconstrained_internal_endpoints (0)
------------------------------------------------
 There are 0 pins that are not constrained for maximum delay.

 There are 0 pins that are not constrained for maximum delay due to constant clock.


5. checking no_input_delay (20)
-------------------------------
 There are 20 input ports with no input delay specified. (HIGH)

 There are 0 input ports with no input delay but user has a false path constraint.


6. checking no_output_delay (11)
--------------------------------
 There are 11 ports with no output delay specified. (HIGH)

 There are 0 ports with no output delay but user has a false path constraint

 There are 0 ports with no output delay but with a timing clock defined on it or propagating through it


7. checking multiple_clock (0)
------------------------------
 There are 0 register/latch pins with multiple clocks.


8. checking generated_clocks (0)
--------------------------------
 There are 0 generated clocks that are not connected to a clock source.


9. checking loops (0)
---------------------
 There are 0 combinational loops in the design.


10. checking partial_input_delay (0)
------------------------------------
 There are 0 input ports with partial input delay specified.


11. checking partial_output_delay (0)
-------------------------------------
 There are 0 ports with partial output delay specified.


12. checking latch_loops (0)
----------------------------
 There are 0 combinational latch loops in the design through latch input



------------------------------------------------------------------------------------------------
| Design Timing Summary
| ---------------------
------------------------------------------------------------------------------------------------

    WNS(ns)      TNS(ns)  TNS Failing Endpoints  TNS Total Endpoints      WHS(ns)      THS(ns)  THS Failing Endpoints  THS Total Endpoints     WPWS(ns)     TPWS(ns)  TPWS Failing Endpoints  TPWS Total Endpoints  
    -------      -------  ---------------------  -------------------      -------      -------  ---------------------  -------------------     --------     --------  ----------------------  --------------------  
      0.120        0.000                      0                 2992        0.027        0.000                      0                 2992        4.500        0.000                       0                   760  


All user specified timing constraints are met.


------------------------------------------------------------------------------------------------
| Clock Summary
| -------------
------------------------------------------------------------------------------------------------

Clock       Waveform(ns)       Period(ns)      Frequency(MHz)
-----       ------------       ----------      --------------
s_axi_aclk  {0.000 5.000}      10.000          100.000         


------------------------------------------------------------------------------------------------
| Intra Clock Table
| -----------------
------------------------------------------------------------------------------------------------

Clock             WNS(ns)      TNS(ns)  TNS Failing Endpoints  TNS Total Endpoints      WHS(ns)      THS(ns)  THS Failing Endpoints  THS Total Endpoints     WPWS(ns)     TPWS(ns)  TPWS Failing Endpoints  TPWS Total Endpoints  
-----             -------      -------  ---------------------  -------------------      -------      -------  ---------------------  -------------------     --------     --------  ----------------------  --------------------  
s_axi_aclk          0.120        0.000                      0                 2992        0.027        0.000                      0                 2992        4.500        0.000                       0                   760  


------------------------------------------------------------------------------------------------
| Inter Clock Table
| -----------------
------------------------------------------------------------------------------------------------

From Clock    To Clock          WNS(ns)      TNS(ns)  TNS Failing Endpoints  TNS Total Endpoints      WHS(ns)      THS(ns)  THS Failing Endpoints  THS Total Endpoints  
----------    --------          -------      -------  ---------------------  -------------------      -------      -------  ---------------------  -------------------  


------------------------------------------------------------------------------------------------
| Other Path Groups Table
| -----------------------
------------------------------------------------------------------------------------------------

Path Group    From Clock    To Clock          WNS(ns)      TNS(ns)  TNS Failing Endpoints  TNS Total Endpoints      WHS(ns)      THS(ns)  THS Failing Endpoints  THS Total Endpoints  
----------    ----------    --------          -------      -------  ---------------------  -------------------      -------      -------  ---------------------  -------------------  


------------------------------------------------------------------------------------------------
| Timing Details
| --------------
------------------------------------------------------------------------------------------------


---------------------------------------------------------------------------------------------------
From Clock:  s_axi_aclk
  To Clock:  s_axi_aclk

Setup :            0  Failing Endpoints,  Worst Slack        0.120ns,  Total Violation        0.000ns
Hold  :            0  Failing Endpoints,  Worst Slack        0.027ns,  Total Violation        0.000ns
PW    :            0  Failing Endpoints,  Worst Slack        4.500ns,  Total Violation        0.000ns
---------------------------------------------------------------------------------------------------


Max Delay Paths
--------------------------------------------------------------------------------------
Slack (MET) :             0.120ns  (required time - arrival time)
  Source:                 dnn_scheduler_instance/activation_column_reg[1]_rep/C
                            (rising edge-triggered cell FDRE clocked by s_axi_aclk  {rise@0.000ns fall@5.000ns period=10.000ns})
  Destination:            activation_unit_instance/activation_data_reg[32]/D
                            (rising edge-triggered cell FDRE clocked by s_axi_aclk  {rise@0.000ns fall@5.000ns period=10.000ns})
  Path Group:             s_axi_aclk
  Path Type:              Setup (Max at Slow Process Corner)
  Requirement:            10.000ns  (s_axi_aclk rise@10.000ns - s_axi_aclk rise@0.000ns)
  Data Path Delay:        9.892ns  (logic 3.576ns (36.149%)  route 6.316ns (63.851%))
  Logic Levels:           12  (CARRY4=5 LUT2=1 LUT3=1 LUT5=1 LUT6=3 MUXF7=1)
  Clock Path Skew:        -0.065ns (DCD - SCD + CPR)
    Destination Clock Delay (DCD):    4.659ns = ( 14.659 - 10.000 ) 
    Source Clock Delay      (SCD):    5.183ns
    Clock Pessimism Removal (CPR):    0.458ns
  Clock Uncertainty:      0.035ns  ((TSJ^2 + TIJ^2)^1/2 + DJ) / 2 + PE
    Total System Jitter     (TSJ):    0.071ns
    Total Input Jitter      (TIJ):    0.000ns
    Discrete Jitter          (DJ):    0.000ns
    Phase Error              (PE):    0.000ns

    Location             Delay type                Incr(ns)  Path(ns)    Netlist Resource(s)
  -------------------------------------------------------------------    -------------------
                         (clock s_axi_aclk rise edge)
                                                      0.000     0.000 r  
    U14                                               0.000     0.000 r  s_axi_aclk (IN)
                         net (fo=0)                   0.000     0.000    s_axi_aclk
    U14                  IBUF (Prop_ibuf_I_O)         1.075     1.075 r  s_axi_aclk_IBUF_inst/O
                         net (fo=1, routed)           2.205     3.280    s_axi_aclk_IBUF
    BUFGCTRL_X0Y16       BUFG (Prop_bufg_I_O)         0.101     3.381 r  s_axi_aclk_IBUF_BUFG_inst/O
                         net (fo=759, routed)         1.802     5.183    dnn_scheduler_instance/s_axi_aclk_IBUF_BUFG
    SLICE_X99Y43         FDRE                                         r  dnn_scheduler_instance/activation_column_reg[1]_rep/C
  -------------------------------------------------------------------    -------------------
    SLICE_X99Y43         FDRE (Prop_fdre_C_Q)         0.456     5.639 r  dnn_scheduler_instance/activation_column_reg[1]_rep/Q
                         net (fo=87, routed)          1.448     7.087    systolic_controller_instance/systolic_array_2d_instance/ARRAY_ROWS[4].ARRAY_COLUMNS[3].pe_systolic_cell_instance/mac_pe_instance/activation_data[37]_i_19
    SLICE_X100Y33        LUT6 (Prop_lut6_I2_O)        0.124     7.211 r  systolic_controller_instance/systolic_array_2d_instance/ARRAY_ROWS[4].ARRAY_COLUMNS[3].pe_systolic_cell_instance/mac_pe_instance/activation_data[37]_i_25/O
                         net (fo=2, routed)           0.312     7.523    dnn_scheduler_instance/activation_data_reg[37]_i_14_1
    SLICE_X100Y34        LUT5 (Prop_lut5_I4_O)        0.124     7.647 r  dnn_scheduler_instance/activation_data[37]_i_18/O
                         net (fo=1, routed)           0.800     8.446    dnn_scheduler_instance/selected_accumulators[113]
    SLICE_X101Y34        CARRY4 (Prop_carry4_DI[2]_CO[3])
                                                      0.398     8.844 r  dnn_scheduler_instance/activation_data_reg[37]_i_14/CO[3]
                         net (fo=1, routed)           0.000     8.844    dnn_scheduler_instance/activation_data_reg[37]_i_14_n_0
    SLICE_X101Y35        CARRY4 (Prop_carry4_CI_CO[3])
                                                      0.114     8.958 r  dnn_scheduler_instance/activation_data_reg[38]_i_13/CO[3]
                         net (fo=1, routed)           0.000     8.958    dnn_scheduler_instance/activation_data_reg[38]_i_13_n_0
    SLICE_X101Y36        CARRY4 (Prop_carry4_CI_O[1])
                                                      0.334     9.292 r  dnn_scheduler_instance/activation_data_reg[38]_i_4/O[1]
                         net (fo=4, routed)           0.924    10.217    activation_unit_instance/saturated_q5_52[9]
    SLICE_X101Y39        LUT2 (Prop_lut2_I0_O)        0.303    10.520 r  activation_unit_instance/activation_data[38]_i_38/O
                         net (fo=1, routed)           0.000    10.520    activation_unit_instance/activation_data[38]_i_38_n_0
    SLICE_X101Y39        CARRY4 (Prop_carry4_S[1]_CO[3])
                                                      0.550    11.070 r  activation_unit_instance/activation_data_reg[38]_i_8/CO[3]
                         net (fo=1, routed)           0.000    11.070    activation_unit_instance/activation_data_reg[38]_i_8_n_0
    SLICE_X101Y40        CARRY4 (Prop_carry4_CI_CO[1])
                                                      0.157    11.227 f  activation_unit_instance/activation_data_reg[38]_i_3/CO[1]
                         net (fo=16, routed)          0.945    12.172    dnn_scheduler_instance/activation_data_reg[32][0]
    SLICE_X102Y39        LUT3 (Prop_lut3_I1_O)        0.355    12.527 r  dnn_scheduler_instance/activation_data[37]_i_10/O
                         net (fo=20, routed)          1.234    13.761    activation_unit_instance/sel[2]
    SLICE_X103Y38        LUT6 (Prop_lut6_I1_O)        0.328    14.089 r  activation_unit_instance/p_0_out_inferred__3/activation_data[32]_i_6/O
                         net (fo=1, routed)           0.653    14.742    activation_unit_instance/p_0_out_inferred__3/activation_data[32]_i_6_n_0
    SLICE_X102Y38        LUT6 (Prop_lut6_I4_O)        0.124    14.866 r  activation_unit_instance/p_0_out_inferred__3/activation_data[32]_i_2/O
                         net (fo=1, routed)           0.000    14.866    activation_unit_instance/p_0_out_inferred__3/activation_data[32]_i_2_n_0
    SLICE_X102Y38        MUXF7 (Prop_muxf7_I0_O)      0.209    15.075 r  activation_unit_instance/p_0_out_inferred__3/activation_data_reg[32]_i_1/O
                         net (fo=1, routed)           0.000    15.075    activation_unit_instance/p_0_out_inferred__3/activation_data_reg[32]_i_1_n_0
    SLICE_X102Y38        FDRE                                         r  activation_unit_instance/activation_data_reg[32]/D
  -------------------------------------------------------------------    -------------------

                         (clock s_axi_aclk rise edge)
                                                     10.000    10.000 r  
    U14                                               0.000    10.000 r  s_axi_aclk (IN)
                         net (fo=0)                   0.000    10.000    s_axi_aclk
    U14                  IBUF (Prop_ibuf_I_O)         0.940    10.940 r  s_axi_aclk_IBUF_inst/O
                         net (fo=1, routed)           2.006    12.946    s_axi_aclk_IBUF
    BUFGCTRL_X0Y16       BUFG (Prop_bufg_I_O)         0.091    13.037 r  s_axi_aclk_IBUF_BUFG_inst/O
                         net (fo=759, routed)         1.622    14.659    activation_unit_instance/s_axi_aclk_IBUF_BUFG
    SLICE_X102Y38        FDRE                                         r  activation_unit_instance/activation_data_reg[32]/C
                         clock pessimism              0.458    15.118    
                         clock uncertainty           -0.035    15.082    
    SLICE_X102Y38        FDRE (Setup_fdre_C_D)        0.113    15.195    activation_unit_instance/activation_data_reg[32]
  -------------------------------------------------------------------
                         required time                         15.195    
                         arrival time                         -15.075    
  -------------------------------------------------------------------
                         slack                                  0.120    

Slack (MET) :             0.220ns  (required time - arrival time)
  Source:                 dnn_scheduler_instance/activation_column_reg[1]_rep/C
                            (rising edge-triggered cell FDRE clocked by s_axi_aclk  {rise@0.000ns fall@5.000ns period=10.000ns})
  Destination:            activation_unit_instance/activation_data_reg[26]/D
                            (rising edge-triggered cell FDRE clocked by s_axi_aclk  {rise@0.000ns fall@5.000ns period=10.000ns})
  Path Group:             s_axi_aclk
  Path Type:              Setup (Max at Slow Process Corner)
  Requirement:            10.000ns  (s_axi_aclk rise@10.000ns - s_axi_aclk rise@0.000ns)
  Data Path Delay:        9.710ns  (logic 3.700ns (38.106%)  route 6.010ns (61.894%))
  Logic Levels:           12  (CARRY4=4 LUT2=1 LUT3=1 LUT4=1 LUT5=2 LUT6=2 MUXF7=1)
  Clock Path Skew:        -0.066ns (DCD - SCD + CPR)
    Destination Clock Delay (DCD):    4.658ns = ( 14.658 - 10.000 ) 
    Source Clock Delay      (SCD):    5.183ns
    Clock Pessimism Removal (CPR):    0.458ns
  Clock Uncertainty:      0.035ns  ((TSJ^2 + TIJ^2)^1/2 + DJ) / 2 + PE
    Total System Jitter     (TSJ):    0.071ns
    Total Input Jitter      (TIJ):    0.000ns
    Discrete Jitter          (DJ):    0.000ns
    Phase Error              (PE):    0.000ns

    Location             Delay type                Incr(ns)  Path(ns)    Netlist Resource(s)
  -------------------------------------------------------------------    -------------------
                         (clock s_axi_aclk rise edge)
                                                      0.000     0.000 r  
    U14                                               0.000     0.000 r  s_axi_aclk (IN)
                         net (fo=0)                   0.000     0.000    s_axi_aclk
    U14                  IBUF (Prop_ibuf_I_O)         1.075     1.075 r  s_axi_aclk_IBUF_inst/O
                         net (fo=1, routed)           2.205     3.280    s_axi_aclk_IBUF
    BUFGCTRL_X0Y16       BUFG (Prop_bufg_I_O)         0.101     3.381 r  s_axi_aclk_IBUF_BUFG_inst/O
                         net (fo=759, routed)         1.802     5.183    dnn_scheduler_instance/s_axi_aclk_IBUF_BUFG
    SLICE_X99Y43         FDRE                                         r  dnn_scheduler_instance/activation_column_reg[1]_rep/C
  -------------------------------------------------------------------    -------------------
    SLICE_X99Y43         FDRE (Prop_fdre_C_Q)         0.456     5.639 r  dnn_scheduler_instance/activation_column_reg[1]_rep/Q
                         net (fo=87, routed)          1.140     6.778    bias_sram_instance/activation_data[38]_i_76
    SLICE_X100Y40        LUT6 (Prop_lut6_I2_O)        0.124     6.902 r  bias_sram_instance/activation_data[38]_i_95/O
                         net (fo=1, routed)           0.287     7.189    dnn_scheduler_instance/activation_data[6]_i_47
    SLICE_X99Y40         LUT5 (Prop_lut5_I4_O)        0.124     7.313 r  dnn_scheduler_instance/activation_data[38]_i_78/O
                         net (fo=5, routed)           1.051     8.365    systolic_controller_instance/systolic_array_2d_instance/ARRAY_ROWS[4].ARRAY_COLUMNS[2].pe_systolic_cell_instance/mac_pe_instance/activation_data_reg[30]_i_13_4
    SLICE_X97Y32         LUT4 (Prop_lut4_I3_O)        0.124     8.489 r  systolic_controller_instance/systolic_array_2d_instance/ARRAY_ROWS[4].ARRAY_COLUMNS[2].pe_systolic_cell_instance/mac_pe_instance/activation_data[30]_i_47/O
                         net (fo=1, routed)           0.000     8.489    systolic_controller_instance/systolic_array_2d_instance/ARRAY_ROWS[4].ARRAY_COLUMNS[2].pe_systolic_cell_instance/mac_pe_instance/activation_data[30]_i_47_n_0
    SLICE_X97Y32         CARRY4 (Prop_carry4_S[0]_CO[3])
                                                      0.532     9.021 r  systolic_controller_instance/systolic_array_2d_instance/ARRAY_ROWS[4].ARRAY_COLUMNS[2].pe_systolic_cell_instance/mac_pe_instance/activation_data_reg[30]_i_13/CO[3]
                         net (fo=1, routed)           0.000     9.021    systolic_controller_instance/systolic_array_2d_instance/ARRAY_ROWS[4].ARRAY_COLUMNS[2].pe_systolic_cell_instance/mac_pe_instance/activation_data_reg[30]_i_13_n_0
    SLICE_X97Y33         CARRY4 (Prop_carry4_CI_O[1])
                                                      0.334     9.355 r  systolic_controller_instance/systolic_array_2d_instance/ARRAY_ROWS[4].ARRAY_COLUMNS[2].pe_systolic_cell_instance/mac_pe_instance/activation_data_reg[30]_i_4/O[1]
                         net (fo=4, routed)           0.918    10.273    activation_unit_instance/activation_data_reg[30]_i_5[1]
    SLICE_X97Y36         LUT2 (Prop_lut2_I0_O)        0.303    10.576 r  activation_unit_instance/activation_data[30]_i_37/O
                         net (fo=1, routed)           0.000    10.576    activation_unit_instance/activation_data[30]_i_37_n_0
    SLICE_X97Y36         CARRY4 (Prop_carry4_S[1]_CO[3])
                                                      0.550    11.126 r  activation_unit_instance/activation_data_reg[30]_i_8/CO[3]
                         net (fo=1, routed)           0.000    11.126    activation_unit_instance/activation_data_reg[30]_i_8_n_0
    SLICE_X97Y37         CARRY4 (Prop_carry4_CI_CO[1])
                                                      0.157    11.283 f  activation_unit_instance/activation_data_reg[30]_i_3/CO[1]
                         net (fo=16, routed)          0.942    12.226    systolic_controller_instance/systolic_array_2d_instance/ARRAY_ROWS[3].ARRAY_COLUMNS[3].pe_systolic_cell_instance/mac_pe_instance/activation_data_reg[28][0]
    SLICE_X96Y39         LUT3 (Prop_lut3_I1_O)        0.329    12.555 r  systolic_controller_instance/systolic_array_2d_instance/ARRAY_ROWS[3].ARRAY_COLUMNS[3].pe_systolic_cell_instance/mac_pe_instance/activation_data[29]_i_13/O
                         net (fo=21, routed)          1.234    13.789    activation_unit_instance/activation_data_reg[28]_8
    SLICE_X95Y37         LUT6 (Prop_lut6_I0_O)        0.124    13.913 r  activation_unit_instance/p_0_out_inferred__2/activation_data[26]_i_7/O
                         net (fo=1, routed)           0.000    13.913    activation_unit_instance/p_0_out_inferred__2/activation_data[26]_i_7_n_0
    SLICE_X95Y37         MUXF7 (Prop_muxf7_I1_O)      0.245    14.158 r  activation_unit_instance/p_0_out_inferred__2/activation_data_reg[26]_i_3/O
                         net (fo=1, routed)           0.437    14.594    activation_unit_instance/p_0_out_inferred__2/activation_data_reg[26]_i_3_n_0
    SLICE_X95Y38         LUT5 (Prop_lut5_I3_O)        0.298    14.892 r  activation_unit_instance/p_0_out_inferred__2/activation_data[26]_i_1/O
                         net (fo=1, routed)           0.000    14.892    activation_unit_instance/p_0_out_inferred__2/activation_data[26]_i_1_n_0
    SLICE_X95Y38         FDRE                                         r  activation_unit_instance/activation_data_reg[26]/D
  -------------------------------------------------------------------    -------------------

                         (clock s_axi_aclk rise edge)
                                                     10.000    10.000 r  
    U14                                               0.000    10.000 r  s_axi_aclk (IN)
                         net (fo=0)                   0.000    10.000    s_axi_aclk
    U14                  IBUF (Prop_ibuf_I_O)         0.940    10.940 r  s_axi_aclk_IBUF_inst/O
                         net (fo=1, routed)           2.006    12.946    s_axi_aclk_IBUF
    BUFGCTRL_X0Y16       BUFG (Prop_bufg_I_O)         0.091    13.037 r  s_axi_aclk_IBUF_BUFG_inst/O
                         net (fo=759, routed)         1.621    14.658    activation_unit_instance/s_axi_aclk_IBUF_BUFG
    SLICE_X95Y38         FDRE                                         r  activation_unit_instance/activation_data_reg[26]/C
                         clock pessimism              0.458    15.117    
                         clock uncertainty           -0.035    15.081    
    SLICE_X95Y38         FDRE (Setup_fdre_C_D)        0.031    15.112    activation_unit_instance/activation_data_reg[26]
  -------------------------------------------------------------------
                         required time                         15.112    
                         arrival time                         -14.892    
  -------------------------------------------------------------------
                         slack                                  0.220    

Slack (MET) :             0.226ns  (required time - arrival time)
  Source:                 dnn_scheduler_instance/activation_column_reg[1]_rep/C
                            (rising edge-triggered cell FDRE clocked by s_axi_aclk  {rise@0.000ns fall@5.000ns period=10.000ns})
  Destination:            activation_unit_instance/activation_data_reg[34]/D
                            (rising edge-triggered cell FDRE clocked by s_axi_aclk  {rise@0.000ns fall@5.000ns period=10.000ns})
  Path Group:             s_axi_aclk
  Path Type:              Setup (Max at Slow Process Corner)
  Requirement:            10.000ns  (s_axi_aclk rise@10.000ns - s_axi_aclk rise@0.000ns)
  Data Path Delay:        9.703ns  (logic 3.749ns (38.636%)  route 5.954ns (61.364%))
  Logic Levels:           12  (CARRY4=5 LUT2=1 LUT3=1 LUT5=2 LUT6=2 MUXF7=1)
  Clock Path Skew:        -0.066ns (DCD - SCD + CPR)
    Destination Clock Delay (DCD):    4.658ns = ( 14.658 - 10.000 ) 
    Source Clock Delay      (SCD):    5.183ns
    Clock Pessimism Removal (CPR):    0.458ns
  Clock Uncertainty:      0.035ns  ((TSJ^2 + TIJ^2)^1/2 + DJ) / 2 + PE
    Total System Jitter     (TSJ):    0.071ns
    Total Input Jitter      (TIJ):    0.000ns
    Discrete Jitter          (DJ):    0.000ns
    Phase Error              (PE):    0.000ns

    Location             Delay type                Incr(ns)  Path(ns)    Netlist Resource(s)
  -------------------------------------------------------------------    -------------------
                         (clock s_axi_aclk rise edge)
                                                      0.000     0.000 r  
    U14                                               0.000     0.000 r  s_axi_aclk (IN)
                         net (fo=0)                   0.000     0.000    s_axi_aclk
    U14                  IBUF (Prop_ibuf_I_O)         1.075     1.075 r  s_axi_aclk_IBUF_inst/O
                         net (fo=1, routed)           2.205     3.280    s_axi_aclk_IBUF
    BUFGCTRL_X0Y16       BUFG (Prop_bufg_I_O)         0.101     3.381 r  s_axi_aclk_IBUF_BUFG_inst/O
                         net (fo=759, routed)         1.802     5.183    dnn_scheduler_instance/s_axi_aclk_IBUF_BUFG
    SLICE_X99Y43         FDRE                                         r  dnn_scheduler_instance/activation_column_reg[1]_rep/C
  -------------------------------------------------------------------    -------------------
    SLICE_X99Y43         FDRE (Prop_fdre_C_Q)         0.456     5.639 r  dnn_scheduler_instance/activation_column_reg[1]_rep/Q
                         net (fo=87, routed)          1.448     7.087    systolic_controller_instance/systolic_array_2d_instance/ARRAY_ROWS[4].ARRAY_COLUMNS[3].pe_systolic_cell_instance/mac_pe_instance/activation_data[37]_i_19
    SLICE_X100Y33        LUT6 (Prop_lut6_I2_O)        0.124     7.211 r  systolic_controller_instance/systolic_array_2d_instance/ARRAY_ROWS[4].ARRAY_COLUMNS[3].pe_systolic_cell_instance/mac_pe_instance/activation_data[37]_i_25/O
                         net (fo=2, routed)           0.312     7.523    dnn_scheduler_instance/activation_data_reg[37]_i_14_1
    SLICE_X100Y34        LUT5 (Prop_lut5_I4_O)        0.124     7.647 r  dnn_scheduler_instance/activation_data[37]_i_18/O
                         net (fo=1, routed)           0.800     8.446    dnn_scheduler_instance/selected_accumulators[113]
    SLICE_X101Y34        CARRY4 (Prop_carry4_DI[2]_CO[3])
                                                      0.398     8.844 r  dnn_scheduler_instance/activation_data_reg[37]_i_14/CO[3]
                         net (fo=1, routed)           0.000     8.844    dnn_scheduler_instance/activation_data_reg[37]_i_14_n_0
    SLICE_X101Y35        CARRY4 (Prop_carry4_CI_CO[3])
                                                      0.114     8.958 r  dnn_scheduler_instance/activation_data_reg[38]_i_13/CO[3]
                         net (fo=1, routed)           0.000     8.958    dnn_scheduler_instance/activation_data_reg[38]_i_13_n_0
    SLICE_X101Y36        CARRY4 (Prop_carry4_CI_O[1])
                                                      0.334     9.292 r  dnn_scheduler_instance/activation_data_reg[38]_i_4/O[1]
                         net (fo=4, routed)           0.924    10.217    activation_unit_instance/saturated_q5_52[9]
    SLICE_X101Y39        LUT2 (Prop_lut2_I0_O)        0.303    10.520 r  activation_unit_instance/activation_data[38]_i_38/O
                         net (fo=1, routed)           0.000    10.520    activation_unit_instance/activation_data[38]_i_38_n_0
    SLICE_X101Y39        CARRY4 (Prop_carry4_S[1]_CO[3])
                                                      0.550    11.070 r  activation_unit_instance/activation_data_reg[38]_i_8/CO[3]
                         net (fo=1, routed)           0.000    11.070    activation_unit_instance/activation_data_reg[38]_i_8_n_0
    SLICE_X101Y40        CARRY4 (Prop_carry4_CI_CO[1])
                                                      0.157    11.227 f  activation_unit_instance/activation_data_reg[38]_i_3/CO[1]
                         net (fo=16, routed)          0.945    12.172    dnn_scheduler_instance/activation_data_reg[32][0]
    SLICE_X102Y39        LUT3 (Prop_lut3_I1_O)        0.355    12.527 r  dnn_scheduler_instance/activation_data[37]_i_10/O
                         net (fo=20, routed)          1.110    13.637    activation_unit_instance/sel[2]
    SLICE_X104Y37        LUT6 (Prop_lut6_I2_O)        0.328    13.965 r  activation_unit_instance/p_0_out_inferred__3/activation_data[34]_i_4/O
                         net (fo=1, routed)           0.000    13.965    activation_unit_instance/p_0_out_inferred__3/activation_data[34]_i_4_n_0
    SLICE_X104Y37        MUXF7 (Prop_muxf7_I0_O)      0.209    14.174 r  activation_unit_instance/p_0_out_inferred__3/activation_data_reg[34]_i_2/O
                         net (fo=1, routed)           0.415    14.589    activation_unit_instance/p_0_out_inferred__3/activation_data_reg[34]_i_2_n_0
    SLICE_X103Y37        LUT5 (Prop_lut5_I0_O)        0.297    14.886 r  activation_unit_instance/p_0_out_inferred__3/activation_data[34]_i_1/O
                         net (fo=1, routed)           0.000    14.886    activation_unit_instance/p_0_out_inferred__3/activation_data[34]_i_1_n_0
    SLICE_X103Y37        FDRE                                         r  activation_unit_instance/activation_data_reg[34]/D
  -------------------------------------------------------------------    -------------------

                         (clock s_axi_aclk rise edge)
                                                     10.000    10.000 r  
    U14                                               0.000    10.000 r  s_axi_aclk (IN)
                         net (fo=0)                   0.000    10.000    s_axi_aclk
    U14                  IBUF (Prop_ibuf_I_O)         0.940    10.940 r  s_axi_aclk_IBUF_inst/O
                         net (fo=1, routed)           2.006    12.946    s_axi_aclk_IBUF
    BUFGCTRL_X0Y16       BUFG (Prop_bufg_I_O)         0.091    13.037 r  s_axi_aclk_IBUF_BUFG_inst/O
                         net (fo=759, routed)         1.621    14.658    activation_unit_instance/s_axi_aclk_IBUF_BUFG
    SLICE_X103Y37        FDRE                                         r  activation_unit_instance/activation_data_reg[34]/C
                         clock pessimism              0.458    15.117    
                         clock uncertainty           -0.035    15.081    
    SLICE_X103Y37        FDRE (Setup_fdre_C_D)        0.031    15.112    activation_unit_instance/activation_data_reg[34]
  -------------------------------------------------------------------
                         required time                         15.112    
                         arrival time                         -14.886    
  -------------------------------------------------------------------
                         slack                                  0.226    

Slack (MET) :             0.235ns  (required time - arrival time)
  Source:                 systolic_controller_instance/systolic_array_2d_instance/ARRAY_ROWS[1].ARRAY_COLUMNS[2].pe_systolic_cell_instance/mac_pe_instance/acc_sum_reg/CLK
                            (rising edge-triggered cell DSP48E1 clocked by s_axi_aclk  {rise@0.000ns fall@5.000ns period=10.000ns})
  Destination:            activation_unit_instance/activation_data_reg[8]/D
                            (rising edge-triggered cell FDRE clocked by s_axi_aclk  {rise@0.000ns fall@5.000ns period=10.000ns})
  Path Group:             s_axi_aclk
  Path Type:              Setup (Max at Slow Process Corner)
  Requirement:            10.000ns  (s_axi_aclk rise@10.000ns - s_axi_aclk rise@0.000ns)
  Data Path Delay:        9.592ns  (logic 3.572ns (37.241%)  route 6.020ns (62.759%))
  Logic Levels:           13  (CARRY4=6 LUT2=1 LUT3=1 LUT4=1 LUT6=3 MUXF7=1)
  Clock Path Skew:        -0.251ns (DCD - SCD + CPR)
    Destination Clock Delay (DCD):    4.659ns = ( 14.659 - 10.000 ) 
    Source Clock Delay      (SCD):    5.254ns
    Clock Pessimism Removal (CPR):    0.344ns
  Clock Uncertainty:      0.035ns  ((TSJ^2 + TIJ^2)^1/2 + DJ) / 2 + PE
    Total System Jitter     (TSJ):    0.071ns
    Total Input Jitter      (TIJ):    0.000ns
    Discrete Jitter          (DJ):    0.000ns
    Phase Error              (PE):    0.000ns

    Location             Delay type                Incr(ns)  Path(ns)    Netlist Resource(s)
  -------------------------------------------------------------------    -------------------
                         (clock s_axi_aclk rise edge)
                                                      0.000     0.000 r  
    U14                                               0.000     0.000 r  s_axi_aclk (IN)
                         net (fo=0)                   0.000     0.000    s_axi_aclk
    U14                  IBUF (Prop_ibuf_I_O)         1.075     1.075 r  s_axi_aclk_IBUF_inst/O
                         net (fo=1, routed)           2.205     3.280    s_axi_aclk_IBUF
    BUFGCTRL_X0Y16       BUFG (Prop_bufg_I_O)         0.101     3.381 r  s_axi_aclk_IBUF_BUFG_inst/O
                         net (fo=759, routed)         1.874     5.254    systolic_controller_instance/systolic_array_2d_instance/ARRAY_ROWS[1].ARRAY_COLUMNS[2].pe_systolic_cell_instance/mac_pe_instance/s_axi_aclk_IBUF_BUFG
    DSP48_X3Y20          DSP48E1                                      r  systolic_controller_instance/systolic_array_2d_instance/ARRAY_ROWS[1].ARRAY_COLUMNS[2].pe_systolic_cell_instance/mac_pe_instance/acc_sum_reg/CLK
  -------------------------------------------------------------------    -------------------
    DSP48_X3Y20          DSP48E1 (Prop_dsp48e1_CLK_P[10])
                                                      0.434     5.688 r  systolic_controller_instance/systolic_array_2d_instance/ARRAY_ROWS[1].ARRAY_COLUMNS[2].pe_systolic_cell_instance/mac_pe_instance/acc_sum_reg/P[10]
                         net (fo=2, routed)           1.549     7.238    systolic_controller_instance/systolic_array_2d_instance/ARRAY_ROWS[1].ARRAY_COLUMNS[3].pe_systolic_cell_instance/mac_pe_instance/activation_data[14]_i_63_0[62]
    SLICE_X99Y49         LUT6 (Prop_lut6_I1_O)        0.124     7.362 r  systolic_controller_instance/systolic_array_2d_instance/ARRAY_ROWS[1].ARRAY_COLUMNS[3].pe_systolic_cell_instance/mac_pe_instance/activation_data[13]_i_25/O
                         net (fo=2, routed)           0.785     8.146    systolic_controller_instance/systolic_array_2d_instance/ARRAY_ROWS[2].ARRAY_COLUMNS[2].pe_systolic_cell_instance/mac_pe_instance/activation_data_reg[13]_i_14_4
    SLICE_X97Y47         LUT4 (Prop_lut4_I2_O)        0.124     8.270 r  systolic_controller_instance/systolic_array_2d_instance/ARRAY_ROWS[2].ARRAY_COLUMNS[2].pe_systolic_cell_instance/mac_pe_instance/activation_data[13]_i_20/O
                         net (fo=1, routed)           0.000     8.270    systolic_controller_instance/systolic_array_2d_instance/ARRAY_ROWS[2].ARRAY_COLUMNS[2].pe_systolic_cell_instance/mac_pe_instance/activation_data[13]_i_20_n_0
    SLICE_X97Y47         CARRY4 (Prop_carry4_S[3]_CO[3])
                                                      0.401     8.671 r  systolic_controller_instance/systolic_array_2d_instance/ARRAY_ROWS[2].ARRAY_COLUMNS[2].pe_systolic_cell_instance/mac_pe_instance/activation_data_reg[13]_i_14/CO[3]
                         net (fo=1, routed)           0.000     8.671    systolic_controller_instance/systolic_array_2d_instance/ARRAY_ROWS[2].ARRAY_COLUMNS[2].pe_systolic_cell_instance/mac_pe_instance/activation_data_reg[13]_i_14_n_0
    SLICE_X97Y48         CARRY4 (Prop_carry4_CI_CO[3])
                                                      0.114     8.785 r  systolic_controller_instance/systolic_array_2d_instance/ARRAY_ROWS[2].ARRAY_COLUMNS[2].pe_systolic_cell_instance/mac_pe_instance/activation_data_reg[14]_i_13/CO[3]
                         net (fo=1, routed)           0.000     8.785    systolic_controller_instance/systolic_array_2d_instance/ARRAY_ROWS[2].ARRAY_COLUMNS[2].pe_systolic_cell_instance/mac_pe_instance/activation_data_reg[14]_i_13_n_0
    SLICE_X97Y49         CARRY4 (Prop_carry4_CI_CO[3])
                                                      0.114     8.899 r  systolic_controller_instance/systolic_array_2d_instance/ARRAY_ROWS[2].ARRAY_COLUMNS[2].pe_systolic_cell_instance/mac_pe_instance/activation_data_reg[14]_i_4/CO[3]
                         net (fo=1, routed)           0.001     8.900    systolic_controller_instance/systolic_array_2d_instance/ARRAY_ROWS[2].ARRAY_COLUMNS[2].pe_systolic_cell_instance/mac_pe_instance/activation_data_reg[14]_i_4_n_0
    SLICE_X97Y50         CARRY4 (Prop_carry4_CI_CO[3])
                                                      0.114     9.014 r  systolic_controller_instance/systolic_array_2d_instance/ARRAY_ROWS[2].ARRAY_COLUMNS[2].pe_systolic_cell_instance/mac_pe_instance/activation_data_reg[14]_i_39/CO[3]
                         net (fo=1, routed)           0.000     9.014    systolic_controller_instance/systolic_array_2d_instance/ARRAY_ROWS[2].ARRAY_COLUMNS[2].pe_systolic_cell_instance/mac_pe_instance/activation_data_reg[14]_i_39_n_0
    SLICE_X97Y51         CARRY4 (Prop_carry4_CI_O[1])
                                                      0.334     9.348 r  systolic_controller_instance/systolic_array_2d_instance/ARRAY_ROWS[2].ARRAY_COLUMNS[2].pe_systolic_cell_instance/mac_pe_instance/activation_data_reg[14]_i_30/O[1]
                         net (fo=4, routed)           1.017    10.365    activation_unit_instance/activation_data_reg[14]_i_3_0[1]
    SLICE_X95Y48         LUT2 (Prop_lut2_I0_O)        0.303    10.668 r  activation_unit_instance/activation_data[14]_i_11/O
                         net (fo=1, routed)           0.000    10.668    activation_unit_instance/activation_data[14]_i_11_n_0
    SLICE_X95Y48         CARRY4 (Prop_carry4_S[1]_CO[1])
                                                      0.491    11.159 f  activation_unit_instance/activation_data_reg[14]_i_3/CO[1]
                         net (fo=16, routed)          0.737    11.896    systolic_controller_instance/systolic_array_2d_instance/ARRAY_ROWS[1].ARRAY_COLUMNS[3].pe_systolic_cell_instance/mac_pe_instance/activation_data_reg[12][0]
    SLICE_X94Y48         LUT3 (Prop_lut3_I1_O)        0.353    12.249 r  systolic_controller_instance/systolic_array_2d_instance/ARRAY_ROWS[1].ARRAY_COLUMNS[3].pe_systolic_cell_instance/mac_pe_instance/activation_data[13]_i_11/O
                         net (fo=20, routed)          1.231    13.480    activation_unit_instance/activation_data_reg[12]_4
    SLICE_X92Y47         LUT6 (Prop_lut6_I1_O)        0.328    13.808 r  activation_unit_instance/p_0_out_inferred__0/activation_data[8]_i_7/O
                         net (fo=1, routed)           0.700    14.508    activation_unit_instance/p_0_out_inferred__0/activation_data[8]_i_7_n_0
    SLICE_X90Y46         LUT6 (Prop_lut6_I1_O)        0.124    14.632 r  activation_unit_instance/p_0_out_inferred__0/activation_data[8]_i_3/O
                         net (fo=1, routed)           0.000    14.632    activation_unit_instance/p_0_out_inferred__0/activation_data[8]_i_3_n_0
    SLICE_X90Y46         MUXF7 (Prop_muxf7_I1_O)      0.214    14.846 r  activation_unit_instance/p_0_out_inferred__0/activation_data_reg[8]_i_1/O
                         net (fo=1, routed)           0.000    14.846    activation_unit_instance/p_0_out_inferred__0/activation_data_reg[8]_i_1_n_0
    SLICE_X90Y46         FDRE                                         r  activation_unit_instance/activation_data_reg[8]/D
  -------------------------------------------------------------------    -------------------

                         (clock s_axi_aclk rise edge)
                                                     10.000    10.000 r  
    U14                                               0.000    10.000 r  s_axi_aclk (IN)
                         net (fo=0)                   0.000    10.000    s_axi_aclk
    U14                  IBUF (Prop_ibuf_I_O)         0.940    10.940 r  s_axi_aclk_IBUF_inst/O
                         net (fo=1, routed)           2.006    12.946    s_axi_aclk_IBUF
    BUFGCTRL_X0Y16       BUFG (Prop_bufg_I_O)         0.091    13.037 r  s_axi_aclk_IBUF_BUFG_inst/O
                         net (fo=759, routed)         1.622    14.659    activation_unit_instance/s_axi_aclk_IBUF_BUFG
    SLICE_X90Y46         FDRE                                         r  activation_unit_instance/activation_data_reg[8]/C
                         clock pessimism              0.344    15.003    
                         clock uncertainty           -0.035    14.968    
    SLICE_X90Y46         FDRE (Setup_fdre_C_D)        0.113    15.081    activation_unit_instance/activation_data_reg[8]
  -------------------------------------------------------------------
                         required time                         15.081    
                         arrival time                         -14.846    
  -------------------------------------------------------------------
                         slack                                  0.235    

Slack (MET) :             0.254ns  (required time - arrival time)
  Source:                 systolic_controller_instance/systolic_array_2d_instance/ARRAY_ROWS[1].ARRAY_COLUMNS[1].pe_systolic_cell_instance/mac_pe_instance/acc_sum_reg/CLK
                            (rising edge-triggered cell DSP48E1 clocked by s_axi_aclk  {rise@0.000ns fall@5.000ns period=10.000ns})
  Destination:            activation_unit_instance/activation_data_reg[0]/D
                            (rising edge-triggered cell FDRE clocked by s_axi_aclk  {rise@0.000ns fall@5.000ns period=10.000ns})
  Path Group:             s_axi_aclk
  Path Type:              Setup (Max at Slow Process Corner)
  Requirement:            10.000ns  (s_axi_aclk rise@10.000ns - s_axi_aclk rise@0.000ns)
  Data Path Delay:        9.526ns  (logic 3.500ns (36.741%)  route 6.026ns (63.258%))
  Logic Levels:           13  (CARRY4=6 LUT2=1 LUT3=1 LUT4=1 LUT6=3 MUXF7=1)
  Clock Path Skew:        -0.249ns (DCD - SCD + CPR)
    Destination Clock Delay (DCD):    4.663ns = ( 14.663 - 10.000 ) 
    Source Clock Delay      (SCD):    5.256ns
    Clock Pessimism Removal (CPR):    0.344ns
  Clock Uncertainty:      0.035ns  ((TSJ^2 + TIJ^2)^1/2 + DJ) / 2 + PE
    Total System Jitter     (TSJ):    0.071ns
    Total Input Jitter      (TIJ):    0.000ns
    Discrete Jitter          (DJ):    0.000ns
    Phase Error              (PE):    0.000ns

    Location             Delay type                Incr(ns)  Path(ns)    Netlist Resource(s)
  -------------------------------------------------------------------    -------------------
                         (clock s_axi_aclk rise edge)
                                                      0.000     0.000 r  
    U14                                               0.000     0.000 r  s_axi_aclk (IN)
                         net (fo=0)                   0.000     0.000    s_axi_aclk
    U14                  IBUF (Prop_ibuf_I_O)         1.075     1.075 r  s_axi_aclk_IBUF_inst/O
                         net (fo=1, routed)           2.205     3.280    s_axi_aclk_IBUF
    BUFGCTRL_X0Y16       BUFG (Prop_bufg_I_O)         0.101     3.381 r  s_axi_aclk_IBUF_BUFG_inst/O
                         net (fo=759, routed)         1.876     5.256    systolic_controller_instance/systolic_array_2d_instance/ARRAY_ROWS[1].ARRAY_COLUMNS[1].pe_systolic_cell_instance/mac_pe_instance/s_axi_aclk_IBUF_BUFG
    DSP48_X4Y20          DSP48E1                                      r  systolic_controller_instance/systolic_array_2d_instance/ARRAY_ROWS[1].ARRAY_COLUMNS[1].pe_systolic_cell_instance/mac_pe_instance/acc_sum_reg/CLK
  -------------------------------------------------------------------    -------------------
    DSP48_X4Y20          DSP48E1 (Prop_dsp48e1_CLK_P[8])
                                                      0.434     5.690 r  systolic_controller_instance/systolic_array_2d_instance/ARRAY_ROWS[1].ARRAY_COLUMNS[1].pe_systolic_cell_instance/mac_pe_instance/acc_sum_reg/P[8]
                         net (fo=2, routed)           1.621     7.311    systolic_controller_instance/systolic_array_2d_instance/ARRAY_ROWS[1].ARRAY_COLUMNS[2].pe_systolic_cell_instance/mac_pe_instance/partial_sums[60]
    SLICE_X96Y43         LUT6 (Prop_lut6_I1_O)        0.124     7.435 r  systolic_controller_instance/systolic_array_2d_instance/ARRAY_ROWS[1].ARRAY_COLUMNS[2].pe_systolic_cell_instance/mac_pe_instance/activation_data[5]_i_28/O
                         net (fo=2, routed)           0.797     8.232    systolic_controller_instance/systolic_array_2d_instance/ARRAY_ROWS[1].ARRAY_COLUMNS[2].pe_systolic_cell_instance/mac_pe_instance/activation_data[5]_i_28_n_0
    SLICE_X97Y42         LUT4 (Prop_lut4_I0_O)        0.124     8.356 r  systolic_controller_instance/systolic_array_2d_instance/ARRAY_ROWS[1].ARRAY_COLUMNS[2].pe_systolic_cell_instance/mac_pe_instance/activation_data[5]_i_22/O
                         net (fo=1, routed)           0.000     8.356    systolic_controller_instance/systolic_array_2d_instance/ARRAY_ROWS[1].ARRAY_COLUMNS[2].pe_systolic_cell_instance/mac_pe_instance/activation_data[5]_i_22_n_0
    SLICE_X97Y42         CARRY4 (Prop_carry4_S[1]_CO[3])
                                                      0.550     8.906 r  systolic_controller_instance/systolic_array_2d_instance/ARRAY_ROWS[1].ARRAY_COLUMNS[2].pe_systolic_cell_instance/mac_pe_instance/activation_data_reg[5]_i_14/CO[3]
                         net (fo=1, routed)           0.000     8.906    systolic_controller_instance/systolic_array_2d_instance/ARRAY_ROWS[1].ARRAY_COLUMNS[2].pe_systolic_cell_instance/mac_pe_instance/activation_data_reg[5]_i_14_n_0
    SLICE_X97Y43         CARRY4 (Prop_carry4_CI_CO[3])
                                                      0.114     9.020 r  systolic_controller_instance/systolic_array_2d_instance/ARRAY_ROWS[1].ARRAY_COLUMNS[2].pe_systolic_cell_instance/mac_pe_instance/activation_data_reg[6]_i_13/CO[3]
                         net (fo=1, routed)           0.000     9.020    systolic_controller_instance/systolic_array_2d_instance/ARRAY_ROWS[1].ARRAY_COLUMNS[2].pe_systolic_cell_instance/mac_pe_instance/activation_data_reg[6]_i_13_n_0
    SLICE_X97Y44         CARRY4 (Prop_carry4_CI_CO[3])
                                                      0.114     9.134 r  systolic_controller_instance/systolic_array_2d_instance/ARRAY_ROWS[1].ARRAY_COLUMNS[2].pe_systolic_cell_instance/mac_pe_instance/activation_data_reg[6]_i_4/CO[3]
                         net (fo=1, routed)           0.000     9.134    systolic_controller_instance/systolic_array_2d_instance/ARRAY_ROWS[1].ARRAY_COLUMNS[2].pe_systolic_cell_instance/mac_pe_instance/activation_data_reg[6]_i_4_n_0
    SLICE_X97Y45         CARRY4 (Prop_carry4_CI_CO[3])
                                                      0.114     9.248 r  systolic_controller_instance/systolic_array_2d_instance/ARRAY_ROWS[1].ARRAY_COLUMNS[2].pe_systolic_cell_instance/mac_pe_instance/activation_data_reg[6]_i_39/CO[3]
                         net (fo=1, routed)           0.000     9.248    systolic_controller_instance/systolic_array_2d_instance/ARRAY_ROWS[1].ARRAY_COLUMNS[2].pe_systolic_cell_instance/mac_pe_instance/activation_data_reg[6]_i_39_n_0
    SLICE_X97Y46         CARRY4 (Prop_carry4_CI_O[1])
                                                      0.334     9.582 r  systolic_controller_instance/systolic_array_2d_instance/ARRAY_ROWS[1].ARRAY_COLUMNS[2].pe_systolic_cell_instance/mac_pe_instance/activation_data_reg[6]_i_30/O[1]
                         net (fo=4, routed)           0.949    10.531    activation_unit_instance/activation_data_reg[6]_i_3_0[1]
    SLICE_X96Y42         LUT2 (Prop_lut2_I0_O)        0.303    10.834 r  activation_unit_instance/activation_data[6]_i_11/O
                         net (fo=1, routed)           0.000    10.834    activation_unit_instance/activation_data[6]_i_11_n_0
    SLICE_X96Y42         CARRY4 (Prop_carry4_S[1]_CO[1])
                                                      0.492    11.326 f  activation_unit_instance/activation_data_reg[6]_i_3/CO[1]
                         net (fo=16, routed)          0.906    12.232    systolic_controller_instance/systolic_array_2d_instance/ARRAY_ROWS[0].ARRAY_COLUMNS[3].pe_systolic_cell_instance/mac_pe_instance/activation_data_reg[4][0]
    SLICE_X101Y44        LUT3 (Prop_lut3_I1_O)        0.332    12.564 r  systolic_controller_instance/systolic_array_2d_instance/ARRAY_ROWS[0].ARRAY_COLUMNS[3].pe_systolic_cell_instance/mac_pe_instance/activation_data[5]_i_12/O
                         net (fo=21, routed)          1.140    13.704    activation_unit_instance/activation_data_reg[4]_3
    SLICE_X103Y44        LUT6 (Prop_lut6_I0_O)        0.124    13.828 r  activation_unit_instance/activation_data[0]_i_7/O
                         net (fo=1, routed)           0.613    14.441    activation_unit_instance/activation_data[0]_i_7_n_0
    SLICE_X105Y44        LUT6 (Prop_lut6_I1_O)        0.124    14.565 r  activation_unit_instance/activation_data[0]_i_3/O
                         net (fo=1, routed)           0.000    14.565    activation_unit_instance/activation_data[0]_i_3_n_0
    SLICE_X105Y44        MUXF7 (Prop_muxf7_I1_O)      0.217    14.782 r  activation_unit_instance/activation_data_reg[0]_i_1/O
                         net (fo=1, routed)           0.000    14.782    activation_unit_instance/p_0_out[0]
    SLICE_X105Y44        FDRE                                         r  activation_unit_instance/activation_data_reg[0]/D
  -------------------------------------------------------------------    -------------------

                         (clock s_axi_aclk rise edge)
                                                     10.000    10.000 r  
    U14                                               0.000    10.000 r  s_axi_aclk (IN)
                         net (fo=0)                   0.000    10.000    s_axi_aclk
    U14                  IBUF (Prop_ibuf_I_O)         0.940    10.940 r  s_axi_aclk_IBUF_inst/O
                         net (fo=1, routed)           2.006    12.946    s_axi_aclk_IBUF
    BUFGCTRL_X0Y16       BUFG (Prop_bufg_I_O)         0.091    13.037 r  s_axi_aclk_IBUF_BUFG_inst/O
                         net (fo=759, routed)         1.626    14.663    activation_unit_instance/s_axi_aclk_IBUF_BUFG
    SLICE_X105Y44        FDRE                                         r  activation_unit_instance/activation_data_reg[0]/C
                         clock pessimism              0.344    15.007    
                         clock uncertainty           -0.035    14.972    
    SLICE_X105Y44        FDRE (Setup_fdre_C_D)        0.064    15.036    activation_unit_instance/activation_data_reg[0]
  -------------------------------------------------------------------
                         required time                         15.036    
                         arrival time                         -14.782    
  -------------------------------------------------------------------
                         slack                                  0.254    

Slack (MET) :             0.321ns  (required time - arrival time)
  Source:                 systolic_controller_instance/systolic_array_2d_instance/ARRAY_ROWS[1].ARRAY_COLUMNS[1].pe_systolic_cell_instance/mac_pe_instance/acc_sum_reg/CLK
                            (rising edge-triggered cell DSP48E1 clocked by s_axi_aclk  {rise@0.000ns fall@5.000ns period=10.000ns})
  Destination:            activation_unit_instance/activation_data_reg[1]/D
                            (rising edge-triggered cell FDRE clocked by s_axi_aclk  {rise@0.000ns fall@5.000ns period=10.000ns})
  Path Group:             s_axi_aclk
  Path Type:              Setup (Max at Slow Process Corner)
  Requirement:            10.000ns  (s_axi_aclk rise@10.000ns - s_axi_aclk rise@0.000ns)
  Data Path Delay:        9.507ns  (logic 3.492ns (36.731%)  route 6.015ns (63.268%))
  Logic Levels:           13  (CARRY4=6 LUT2=1 LUT4=1 LUT5=1 LUT6=3 MUXF7=1)
  Clock Path Skew:        -0.250ns (DCD - SCD + CPR)
    Destination Clock Delay (DCD):    4.662ns = ( 14.662 - 10.000 ) 
    Source Clock Delay      (SCD):    5.256ns
    Clock Pessimism Removal (CPR):    0.344ns
  Clock Uncertainty:      0.035ns  ((TSJ^2 + TIJ^2)^1/2 + DJ) / 2 + PE
    Total System Jitter     (TSJ):    0.071ns
    Total Input Jitter      (TIJ):    0.000ns
    Discrete Jitter          (DJ):    0.000ns
    Phase Error              (PE):    0.000ns

    Location             Delay type                Incr(ns)  Path(ns)    Netlist Resource(s)
  -------------------------------------------------------------------    -------------------
                         (clock s_axi_aclk rise edge)
                                                      0.000     0.000 r  
    U14                                               0.000     0.000 r  s_axi_aclk (IN)
                         net (fo=0)                   0.000     0.000    s_axi_aclk
    U14                  IBUF (Prop_ibuf_I_O)         1.075     1.075 r  s_axi_aclk_IBUF_inst/O
                         net (fo=1, routed)           2.205     3.280    s_axi_aclk_IBUF
    BUFGCTRL_X0Y16       BUFG (Prop_bufg_I_O)         0.101     3.381 r  s_axi_aclk_IBUF_BUFG_inst/O
                         net (fo=759, routed)         1.876     5.256    systolic_controller_instance/systolic_array_2d_instance/ARRAY_ROWS[1].ARRAY_COLUMNS[1].pe_systolic_cell_instance/mac_pe_instance/s_axi_aclk_IBUF_BUFG
    DSP48_X4Y20          DSP48E1                                      r  systolic_controller_instance/systolic_array_2d_instance/ARRAY_ROWS[1].ARRAY_COLUMNS[1].pe_systolic_cell_instance/mac_pe_instance/acc_sum_reg/CLK
  -------------------------------------------------------------------    -------------------
    DSP48_X4Y20          DSP48E1 (Prop_dsp48e1_CLK_P[8])
                                                      0.434     5.690 r  systolic_controller_instance/systolic_array_2d_instance/ARRAY_ROWS[1].ARRAY_COLUMNS[1].pe_systolic_cell_instance/mac_pe_instance/acc_sum_reg/P[8]
                         net (fo=2, routed)           1.621     7.311    systolic_controller_instance/systolic_array_2d_instance/ARRAY_ROWS[1].ARRAY_COLUMNS[2].pe_systolic_cell_instance/mac_pe_instance/partial_sums[60]
    SLICE_X96Y43         LUT6 (Prop_lut6_I1_O)        0.124     7.435 r  systolic_controller_instance/systolic_array_2d_instance/ARRAY_ROWS[1].ARRAY_COLUMNS[2].pe_systolic_cell_instance/mac_pe_instance/activation_data[5]_i_28/O
                         net (fo=2, routed)           0.797     8.232    systolic_controller_instance/systolic_array_2d_instance/ARRAY_ROWS[1].ARRAY_COLUMNS[2].pe_systolic_cell_instance/mac_pe_instance/activation_data[5]_i_28_n_0
    SLICE_X97Y42         LUT4 (Prop_lut4_I0_O)        0.124     8.356 r  systolic_controller_instance/systolic_array_2d_instance/ARRAY_ROWS[1].ARRAY_COLUMNS[2].pe_systolic_cell_instance/mac_pe_instance/activation_data[5]_i_22/O
                         net (fo=1, routed)           0.000     8.356    systolic_controller_instance/systolic_array_2d_instance/ARRAY_ROWS[1].ARRAY_COLUMNS[2].pe_systolic_cell_instance/mac_pe_instance/activation_data[5]_i_22_n_0
    SLICE_X97Y42         CARRY4 (Prop_carry4_S[1]_CO[3])
                                                      0.550     8.906 r  systolic_controller_instance/systolic_array_2d_instance/ARRAY_ROWS[1].ARRAY_COLUMNS[2].pe_systolic_cell_instance/mac_pe_instance/activation_data_reg[5]_i_14/CO[3]
                         net (fo=1, routed)           0.000     8.906    systolic_controller_instance/systolic_array_2d_instance/ARRAY_ROWS[1].ARRAY_COLUMNS[2].pe_systolic_cell_instance/mac_pe_instance/activation_data_reg[5]_i_14_n_0
    SLICE_X97Y43         CARRY4 (Prop_carry4_CI_CO[3])
                                                      0.114     9.020 r  systolic_controller_instance/systolic_array_2d_instance/ARRAY_ROWS[1].ARRAY_COLUMNS[2].pe_systolic_cell_instance/mac_pe_instance/activation_data_reg[6]_i_13/CO[3]
                         net (fo=1, routed)           0.000     9.020    systolic_controller_instance/systolic_array_2d_instance/ARRAY_ROWS[1].ARRAY_COLUMNS[2].pe_systolic_cell_instance/mac_pe_instance/activation_data_reg[6]_i_13_n_0
    SLICE_X97Y44         CARRY4 (Prop_carry4_CI_CO[3])
                                                      0.114     9.134 r  systolic_controller_instance/systolic_array_2d_instance/ARRAY_ROWS[1].ARRAY_COLUMNS[2].pe_systolic_cell_instance/mac_pe_instance/activation_data_reg[6]_i_4/CO[3]
                         net (fo=1, routed)           0.000     9.134    systolic_controller_instance/systolic_array_2d_instance/ARRAY_ROWS[1].ARRAY_COLUMNS[2].pe_systolic_cell_instance/mac_pe_instance/activation_data_reg[6]_i_4_n_0
    SLICE_X97Y45         CARRY4 (Prop_carry4_CI_CO[3])
                                                      0.114     9.248 r  systolic_controller_instance/systolic_array_2d_instance/ARRAY_ROWS[1].ARRAY_COLUMNS[2].pe_systolic_cell_instance/mac_pe_instance/activation_data_reg[6]_i_39/CO[3]
                         net (fo=1, routed)           0.000     9.248    systolic_controller_instance/systolic_array_2d_instance/ARRAY_ROWS[1].ARRAY_COLUMNS[2].pe_systolic_cell_instance/mac_pe_instance/activation_data_reg[6]_i_39_n_0
    SLICE_X97Y46         CARRY4 (Prop_carry4_CI_O[1])
                                                      0.334     9.582 r  systolic_controller_instance/systolic_array_2d_instance/ARRAY_ROWS[1].ARRAY_COLUMNS[2].pe_systolic_cell_instance/mac_pe_instance/activation_data_reg[6]_i_30/O[1]
                         net (fo=4, routed)           0.949    10.531    activation_unit_instance/activation_data_reg[6]_i_3_0[1]
    SLICE_X96Y42         LUT2 (Prop_lut2_I0_O)        0.303    10.834 r  activation_unit_instance/activation_data[6]_i_11/O
                         net (fo=1, routed)           0.000    10.834    activation_unit_instance/activation_data[6]_i_11_n_0
    SLICE_X96Y42         CARRY4 (Prop_carry4_S[1]_CO[1])
                                                      0.492    11.326 f  activation_unit_instance/activation_data_reg[6]_i_3/CO[1]
                         net (fo=16, routed)          0.718    12.045    systolic_controller_instance/systolic_array_2d_instance/ARRAY_ROWS[0].ARRAY_COLUMNS[3].pe_systolic_cell_instance/mac_pe_instance/activation_data_reg[4][0]
    SLICE_X98Y44         LUT5 (Prop_lut5_I1_O)        0.332    12.377 r  systolic_controller_instance/systolic_array_2d_instance/ARRAY_ROWS[0].ARRAY_COLUMNS[3].pe_systolic_cell_instance/mac_pe_instance/activation_data[5]_i_9/O
                         net (fo=21, routed)          1.259    13.636    activation_unit_instance/activation_data_reg[4]_6
    SLICE_X102Y45        LUT6 (Prop_lut6_I2_O)        0.124    13.760 r  activation_unit_instance/activation_data[1]_i_5/O
                         net (fo=1, routed)           0.670    14.430    activation_unit_instance/activation_data[1]_i_5_n_0
    SLICE_X102Y45        LUT6 (Prop_lut6_I2_O)        0.124    14.554 r  activation_unit_instance/activation_data[1]_i_2/O
                         net (fo=1, routed)           0.000    14.554    activation_unit_instance/activation_data[1]_i_2_n_0
    SLICE_X102Y45        MUXF7 (Prop_muxf7_I0_O)      0.209    14.763 r  activation_unit_instance/activation_data_reg[1]_i_1/O
                         net (fo=1, routed)           0.000    14.763    activation_unit_instance/p_0_out[1]
    SLICE_X102Y45        FDRE                                         r  activation_unit_instance/activation_data_reg[1]/D
  -------------------------------------------------------------------    -------------------

                         (clock s_axi_aclk rise edge)
                                                     10.000    10.000 r  
    U14                                               0.000    10.000 r  s_axi_aclk (IN)
                         net (fo=0)                   0.000    10.000    s_axi_aclk
    U14                  IBUF (Prop_ibuf_I_O)         0.940    10.940 r  s_axi_aclk_IBUF_inst/O
                         net (fo=1, routed)           2.006    12.946    s_axi_aclk_IBUF
    BUFGCTRL_X0Y16       BUFG (Prop_bufg_I_O)         0.091    13.037 r  s_axi_aclk_IBUF_BUFG_inst/O
                         net (fo=759, routed)         1.625    14.662    activation_unit_instance/s_axi_aclk_IBUF_BUFG
    SLICE_X102Y45        FDRE                                         r  activation_unit_instance/activation_data_reg[1]/C
                         clock pessimism              0.344    15.006    
                         clock uncertainty           -0.035    14.971    
    SLICE_X102Y45        FDRE (Setup_fdre_C_D)        0.113    15.084    activation_unit_instance/activation_data_reg[1]
  -------------------------------------------------------------------
                         required time                         15.084    
                         arrival time                         -14.763    
  -------------------------------------------------------------------
                         slack                                  0.321    

Slack (MET) :             0.355ns  (required time - arrival time)
  Source:                 systolic_controller_instance/systolic_array_2d_instance/ARRAY_ROWS[1].ARRAY_COLUMNS[1].pe_systolic_cell_instance/mac_pe_instance/acc_sum_reg/CLK
                            (rising edge-triggered cell DSP48E1 clocked by s_axi_aclk  {rise@0.000ns fall@5.000ns period=10.000ns})
  Destination:            activation_unit_instance/activation_data_reg[3]/D
                            (rising edge-triggered cell FDRE clocked by s_axi_aclk  {rise@0.000ns fall@5.000ns period=10.000ns})
  Path Group:             s_axi_aclk
  Path Type:              Setup (Max at Slow Process Corner)
  Requirement:            10.000ns  (s_axi_aclk rise@10.000ns - s_axi_aclk rise@0.000ns)
  Data Path Delay:        9.391ns  (logic 3.759ns (40.028%)  route 5.632ns (59.972%))
  Logic Levels:           13  (CARRY4=6 LUT2=1 LUT3=1 LUT4=1 LUT5=1 LUT6=2 MUXF7=1)
  Clock Path Skew:        -0.250ns (DCD - SCD + CPR)
    Destination Clock Delay (DCD):    4.662ns = ( 14.662 - 10.000 ) 
    Source Clock Delay      (SCD):    5.256ns
    Clock Pessimism Removal (CPR):    0.344ns
  Clock Uncertainty:      0.035ns  ((TSJ^2 + TIJ^2)^1/2 + DJ) / 2 + PE
    Total System Jitter     (TSJ):    0.071ns
    Total Input Jitter      (TIJ):    0.000ns
    Discrete Jitter          (DJ):    0.000ns
    Phase Error              (PE):    0.000ns

    Location             Delay type                Incr(ns)  Path(ns)    Netlist Resource(s)
  -------------------------------------------------------------------    -------------------
                         (clock s_axi_aclk rise edge)
                                                      0.000     0.000 r  
    U14                                               0.000     0.000 r  s_axi_aclk (IN)
                         net (fo=0)                   0.000     0.000    s_axi_aclk
    U14                  IBUF (Prop_ibuf_I_O)         1.075     1.075 r  s_axi_aclk_IBUF_inst/O
                         net (fo=1, routed)           2.205     3.280    s_axi_aclk_IBUF
    BUFGCTRL_X0Y16       BUFG (Prop_bufg_I_O)         0.101     3.381 r  s_axi_aclk_IBUF_BUFG_inst/O
                         net (fo=759, routed)         1.876     5.256    systolic_controller_instance/systolic_array_2d_instance/ARRAY_ROWS[1].ARRAY_COLUMNS[1].pe_systolic_cell_instance/mac_pe_instance/s_axi_aclk_IBUF_BUFG
    DSP48_X4Y20          DSP48E1                                      r  systolic_controller_instance/systolic_array_2d_instance/ARRAY_ROWS[1].ARRAY_COLUMNS[1].pe_systolic_cell_instance/mac_pe_instance/acc_sum_reg/CLK
  -------------------------------------------------------------------    -------------------
    DSP48_X4Y20          DSP48E1 (Prop_dsp48e1_CLK_P[8])
                                                      0.434     5.690 r  systolic_controller_instance/systolic_array_2d_instance/ARRAY_ROWS[1].ARRAY_COLUMNS[1].pe_systolic_cell_instance/mac_pe_instance/acc_sum_reg/P[8]
                         net (fo=2, routed)           1.621     7.311    systolic_controller_instance/systolic_array_2d_instance/ARRAY_ROWS[1].ARRAY_COLUMNS[2].pe_systolic_cell_instance/mac_pe_instance/partial_sums[60]
    SLICE_X96Y43         LUT6 (Prop_lut6_I1_O)        0.124     7.435 r  systolic_controller_instance/systolic_array_2d_instance/ARRAY_ROWS[1].ARRAY_COLUMNS[2].pe_systolic_cell_instance/mac_pe_instance/activation_data[5]_i_28/O
                         net (fo=2, routed)           0.797     8.232    systolic_controller_instance/systolic_array_2d_instance/ARRAY_ROWS[1].ARRAY_COLUMNS[2].pe_systolic_cell_instance/mac_pe_instance/activation_data[5]_i_28_n_0
    SLICE_X97Y42         LUT4 (Prop_lut4_I0_O)        0.124     8.356 r  systolic_controller_instance/systolic_array_2d_instance/ARRAY_ROWS[1].ARRAY_COLUMNS[2].pe_systolic_cell_instance/mac_pe_instance/activation_data[5]_i_22/O
                         net (fo=1, routed)           0.000     8.356    systolic_controller_instance/systolic_array_2d_instance/ARRAY_ROWS[1].ARRAY_COLUMNS[2].pe_systolic_cell_instance/mac_pe_instance/activation_data[5]_i_22_n_0
    SLICE_X97Y42         CARRY4 (Prop_carry4_S[1]_CO[3])
                                                      0.550     8.906 r  systolic_controller_instance/systolic_array_2d_instance/ARRAY_ROWS[1].ARRAY_COLUMNS[2].pe_systolic_cell_instance/mac_pe_instance/activation_data_reg[5]_i_14/CO[3]
                         net (fo=1, routed)           0.000     8.906    systolic_controller_instance/systolic_array_2d_instance/ARRAY_ROWS[1].ARRAY_COLUMNS[2].pe_systolic_cell_instance/mac_pe_instance/activation_data_reg[5]_i_14_n_0
    SLICE_X97Y43         CARRY4 (Prop_carry4_CI_CO[3])
                                                      0.114     9.020 r  systolic_controller_instance/systolic_array_2d_instance/ARRAY_ROWS[1].ARRAY_COLUMNS[2].pe_systolic_cell_instance/mac_pe_instance/activation_data_reg[6]_i_13/CO[3]
                         net (fo=1, routed)           0.000     9.020    systolic_controller_instance/systolic_array_2d_instance/ARRAY_ROWS[1].ARRAY_COLUMNS[2].pe_systolic_cell_instance/mac_pe_instance/activation_data_reg[6]_i_13_n_0
    SLICE_X97Y44         CARRY4 (Prop_carry4_CI_CO[3])
                                                      0.114     9.134 r  systolic_controller_instance/systolic_array_2d_instance/ARRAY_ROWS[1].ARRAY_COLUMNS[2].pe_systolic_cell_instance/mac_pe_instance/activation_data_reg[6]_i_4/CO[3]
                         net (fo=1, routed)           0.000     9.134    systolic_controller_instance/systolic_array_2d_instance/ARRAY_ROWS[1].ARRAY_COLUMNS[2].pe_systolic_cell_instance/mac_pe_instance/activation_data_reg[6]_i_4_n_0
    SLICE_X97Y45         CARRY4 (Prop_carry4_CI_O[3])
                                                      0.313     9.447 f  systolic_controller_instance/systolic_array_2d_instance/ARRAY_ROWS[1].ARRAY_COLUMNS[2].pe_systolic_cell_instance/mac_pe_instance/activation_data_reg[6]_i_39/O[3]
                         net (fo=4, routed)           0.939    10.386    activation_unit_instance/activation_data_reg[6]_i_5[3]
    SLICE_X97Y40         LUT2 (Prop_lut2_I0_O)        0.306    10.692 r  activation_unit_instance/activation_data[6]_i_26/O
                         net (fo=1, routed)           0.000    10.692    systolic_controller_instance/systolic_array_2d_instance/ARRAY_ROWS[0].ARRAY_COLUMNS[3].pe_systolic_cell_instance/mac_pe_instance/activation_data_reg[6]_i_2_1[3]
    SLICE_X97Y40         CARRY4 (Prop_carry4_S[3]_CO[3])
                                                      0.401    11.093 r  systolic_controller_instance/systolic_array_2d_instance/ARRAY_ROWS[0].ARRAY_COLUMNS[3].pe_systolic_cell_instance/mac_pe_instance/activation_data_reg[6]_i_5/CO[3]
                         net (fo=1, routed)           0.000    11.093    systolic_controller_instance/systolic_array_2d_instance/ARRAY_ROWS[0].ARRAY_COLUMNS[3].pe_systolic_cell_instance/mac_pe_instance/activation_data_reg[6]_i_5_n_0
    SLICE_X97Y41         CARRY4 (Prop_carry4_CI_CO[0])
                                                      0.271    11.364 r  systolic_controller_instance/systolic_array_2d_instance/ARRAY_ROWS[0].ARRAY_COLUMNS[3].pe_systolic_cell_instance/mac_pe_instance/activation_data_reg[6]_i_2/CO[0]
                         net (fo=16, routed)          0.689    12.053    systolic_controller_instance/systolic_array_2d_instance/ARRAY_ROWS[0].ARRAY_COLUMNS[3].pe_systolic_cell_instance/mac_pe_instance/CO[0]
    SLICE_X96Y43         LUT3 (Prop_lut3_I0_O)        0.373    12.426 r  systolic_controller_instance/systolic_array_2d_instance/ARRAY_ROWS[0].ARRAY_COLUMNS[3].pe_systolic_cell_instance/mac_pe_instance/activation_data[5]_i_13/O
                         net (fo=21, routed)          1.009    13.435    activation_unit_instance/activation_data_reg[4]_8
    SLICE_X100Y43        LUT6 (Prop_lut6_I0_O)        0.124    13.559 r  activation_unit_instance/activation_data[3]_i_5/O
                         net (fo=1, routed)           0.000    13.559    activation_unit_instance/activation_data[3]_i_5_n_0
    SLICE_X100Y43        MUXF7 (Prop_muxf7_I1_O)      0.214    13.773 r  activation_unit_instance/activation_data_reg[3]_i_2/O
                         net (fo=1, routed)           0.577    14.350    activation_unit_instance/activation_data_reg[3]_i_2_n_0
    SLICE_X101Y45        LUT5 (Prop_lut5_I0_O)        0.297    14.647 r  activation_unit_instance/activation_data[3]_i_1/O
                         net (fo=1, routed)           0.000    14.647    activation_unit_instance/p_0_out[3]
    SLICE_X101Y45        FDRE                                         r  activation_unit_instance/activation_data_reg[3]/D
  -------------------------------------------------------------------    -------------------

                         (clock s_axi_aclk rise edge)
                                                     10.000    10.000 r  
    U14                                               0.000    10.000 r  s_axi_aclk (IN)
                         net (fo=0)                   0.000    10.000    s_axi_aclk
    U14                  IBUF (Prop_ibuf_I_O)         0.940    10.940 r  s_axi_aclk_IBUF_inst/O
                         net (fo=1, routed)           2.006    12.946    s_axi_aclk_IBUF
    BUFGCTRL_X0Y16       BUFG (Prop_bufg_I_O)         0.091    13.037 r  s_axi_aclk_IBUF_BUFG_inst/O
                         net (fo=759, routed)         1.625    14.662    activation_unit_instance/s_axi_aclk_IBUF_BUFG
    SLICE_X101Y45        FDRE                                         r  activation_unit_instance/activation_data_reg[3]/C
                         clock pessimism              0.344    15.006    
                         clock uncertainty           -0.035    14.971    
    SLICE_X101Y45        FDRE (Setup_fdre_C_D)        0.031    15.002    activation_unit_instance/activation_data_reg[3]
  -------------------------------------------------------------------
                         required time                         15.002    
                         arrival time                         -14.647    
  -------------------------------------------------------------------
                         slack                                  0.355    

Slack (MET) :             0.362ns  (required time - arrival time)
  Source:                 dnn_scheduler_instance/activation_column_reg[1]_rep/C
                            (rising edge-triggered cell FDRE clocked by s_axi_aclk  {rise@0.000ns fall@5.000ns period=10.000ns})
  Destination:            activation_unit_instance/activation_data_reg[35]/D
                            (rising edge-triggered cell FDRE clocked by s_axi_aclk  {rise@0.000ns fall@5.000ns period=10.000ns})
  Path Group:             s_axi_aclk
  Path Type:              Setup (Max at Slow Process Corner)
  Requirement:            10.000ns  (s_axi_aclk rise@10.000ns - s_axi_aclk rise@0.000ns)
  Data Path Delay:        9.568ns  (logic 3.754ns (39.234%)  route 5.814ns (60.766%))
  Logic Levels:           12  (CARRY4=5 LUT2=1 LUT3=1 LUT5=2 LUT6=2 MUXF7=1)
  Clock Path Skew:        -0.066ns (DCD - SCD + CPR)
    Destination Clock Delay (DCD):    4.658ns = ( 14.658 - 10.000 ) 
    Source Clock Delay      (SCD):    5.183ns
    Clock Pessimism Removal (CPR):    0.458ns
  Clock Uncertainty:      0.035ns  ((TSJ^2 + TIJ^2)^1/2 + DJ) / 2 + PE
    Total System Jitter     (TSJ):    0.071ns
    Total Input Jitter      (TIJ):    0.000ns
    Discrete Jitter          (DJ):    0.000ns
    Phase Error              (PE):    0.000ns

    Location             Delay type                Incr(ns)  Path(ns)    Netlist Resource(s)
  -------------------------------------------------------------------    -------------------
                         (clock s_axi_aclk rise edge)
                                                      0.000     0.000 r  
    U14                                               0.000     0.000 r  s_axi_aclk (IN)
                         net (fo=0)                   0.000     0.000    s_axi_aclk
    U14                  IBUF (Prop_ibuf_I_O)         1.075     1.075 r  s_axi_aclk_IBUF_inst/O
                         net (fo=1, routed)           2.205     3.280    s_axi_aclk_IBUF
    BUFGCTRL_X0Y16       BUFG (Prop_bufg_I_O)         0.101     3.381 r  s_axi_aclk_IBUF_BUFG_inst/O
                         net (fo=759, routed)         1.802     5.183    dnn_scheduler_instance/s_axi_aclk_IBUF_BUFG
    SLICE_X99Y43         FDRE                                         r  dnn_scheduler_instance/activation_column_reg[1]_rep/C
  -------------------------------------------------------------------    -------------------
    SLICE_X99Y43         FDRE (Prop_fdre_C_Q)         0.456     5.639 r  dnn_scheduler_instance/activation_column_reg[1]_rep/Q
                         net (fo=87, routed)          1.448     7.087    systolic_controller_instance/systolic_array_2d_instance/ARRAY_ROWS[4].ARRAY_COLUMNS[3].pe_systolic_cell_instance/mac_pe_instance/activation_data[37]_i_19
    SLICE_X100Y33        LUT6 (Prop_lut6_I2_O)        0.124     7.211 r  systolic_controller_instance/systolic_array_2d_instance/ARRAY_ROWS[4].ARRAY_COLUMNS[3].pe_systolic_cell_instance/mac_pe_instance/activation_data[37]_i_25/O
                         net (fo=2, routed)           0.312     7.523    dnn_scheduler_instance/activation_data_reg[37]_i_14_1
    SLICE_X100Y34        LUT5 (Prop_lut5_I4_O)        0.124     7.647 r  dnn_scheduler_instance/activation_data[37]_i_18/O
                         net (fo=1, routed)           0.800     8.446    dnn_scheduler_instance/selected_accumulators[113]
    SLICE_X101Y34        CARRY4 (Prop_carry4_DI[2]_CO[3])
                                                      0.398     8.844 r  dnn_scheduler_instance/activation_data_reg[37]_i_14/CO[3]
                         net (fo=1, routed)           0.000     8.844    dnn_scheduler_instance/activation_data_reg[37]_i_14_n_0
    SLICE_X101Y35        CARRY4 (Prop_carry4_CI_CO[3])
                                                      0.114     8.958 r  dnn_scheduler_instance/activation_data_reg[38]_i_13/CO[3]
                         net (fo=1, routed)           0.000     8.958    dnn_scheduler_instance/activation_data_reg[38]_i_13_n_0
    SLICE_X101Y36        CARRY4 (Prop_carry4_CI_O[1])
                                                      0.334     9.292 r  dnn_scheduler_instance/activation_data_reg[38]_i_4/O[1]
                         net (fo=4, routed)           0.924    10.217    activation_unit_instance/saturated_q5_52[9]
    SLICE_X101Y39        LUT2 (Prop_lut2_I0_O)        0.303    10.520 r  activation_unit_instance/activation_data[38]_i_38/O
                         net (fo=1, routed)           0.000    10.520    activation_unit_instance/activation_data[38]_i_38_n_0
    SLICE_X101Y39        CARRY4 (Prop_carry4_S[1]_CO[3])
                                                      0.550    11.070 r  activation_unit_instance/activation_data_reg[38]_i_8/CO[3]
                         net (fo=1, routed)           0.000    11.070    activation_unit_instance/activation_data_reg[38]_i_8_n_0
    SLICE_X101Y40        CARRY4 (Prop_carry4_CI_CO[1])
                                                      0.157    11.227 f  activation_unit_instance/activation_data_reg[38]_i_3/CO[1]
                         net (fo=16, routed)          0.945    12.172    dnn_scheduler_instance/activation_data_reg[32][0]
    SLICE_X102Y39        LUT3 (Prop_lut3_I1_O)        0.355    12.527 r  dnn_scheduler_instance/activation_data[37]_i_10/O
                         net (fo=20, routed)          0.938    13.465    activation_unit_instance/sel[2]
    SLICE_X105Y38        LUT6 (Prop_lut6_I3_O)        0.328    13.793 r  activation_unit_instance/p_0_out_inferred__3/activation_data[35]_i_6/O
                         net (fo=1, routed)           0.000    13.793    activation_unit_instance/p_0_out_inferred__3/activation_data[35]_i_6_n_0
    SLICE_X105Y38        MUXF7 (Prop_muxf7_I0_O)      0.212    14.005 r  activation_unit_instance/p_0_out_inferred__3/activation_data_reg[35]_i_3/O
                         net (fo=1, routed)           0.447    14.452    activation_unit_instance/p_0_out_inferred__3/activation_data_reg[35]_i_3_n_0
    SLICE_X103Y37        LUT5 (Prop_lut5_I3_O)        0.299    14.751 r  activation_unit_instance/p_0_out_inferred__3/activation_data[35]_i_1/O
                         net (fo=1, routed)           0.000    14.751    activation_unit_instance/p_0_out_inferred__3/activation_data[35]_i_1_n_0
    SLICE_X103Y37        FDRE                                         r  activation_unit_instance/activation_data_reg[35]/D
  -------------------------------------------------------------------    -------------------

                         (clock s_axi_aclk rise edge)
                                                     10.000    10.000 r  
    U14                                               0.000    10.000 r  s_axi_aclk (IN)
                         net (fo=0)                   0.000    10.000    s_axi_aclk
    U14                  IBUF (Prop_ibuf_I_O)         0.940    10.940 r  s_axi_aclk_IBUF_inst/O
                         net (fo=1, routed)           2.006    12.946    s_axi_aclk_IBUF
    BUFGCTRL_X0Y16       BUFG (Prop_bufg_I_O)         0.091    13.037 r  s_axi_aclk_IBUF_BUFG_inst/O
                         net (fo=759, routed)         1.621    14.658    activation_unit_instance/s_axi_aclk_IBUF_BUFG
    SLICE_X103Y37        FDRE                                         r  activation_unit_instance/activation_data_reg[35]/C
                         clock pessimism              0.458    15.117    
                         clock uncertainty           -0.035    15.081    
    SLICE_X103Y37        FDRE (Setup_fdre_C_D)        0.032    15.113    activation_unit_instance/activation_data_reg[35]
  -------------------------------------------------------------------
                         required time                         15.113    
                         arrival time                         -14.751    
  -------------------------------------------------------------------
                         slack                                  0.362    

Slack (MET) :             0.383ns  (required time - arrival time)
  Source:                 systolic_controller_instance/systolic_array_2d_instance/ARRAY_ROWS[1].ARRAY_COLUMNS[2].pe_systolic_cell_instance/mac_pe_instance/acc_sum_reg/CLK
                            (rising edge-triggered cell DSP48E1 clocked by s_axi_aclk  {rise@0.000ns fall@5.000ns period=10.000ns})
  Destination:            activation_unit_instance/activation_data_reg[11]/D
                            (rising edge-triggered cell FDRE clocked by s_axi_aclk  {rise@0.000ns fall@5.000ns period=10.000ns})
  Path Group:             s_axi_aclk
  Path Type:              Setup (Max at Slow Process Corner)
  Requirement:            10.000ns  (s_axi_aclk rise@10.000ns - s_axi_aclk rise@0.000ns)
  Data Path Delay:        9.410ns  (logic 3.589ns (38.141%)  route 5.821ns (61.859%))
  Logic Levels:           13  (CARRY4=6 LUT2=1 LUT3=1 LUT4=1 LUT5=1 LUT6=2 MUXF7=1)
  Clock Path Skew:        -0.251ns (DCD - SCD + CPR)
    Destination Clock Delay (DCD):    4.659ns = ( 14.659 - 10.000 ) 
    Source Clock Delay      (SCD):    5.254ns
    Clock Pessimism Removal (CPR):    0.344ns
  Clock Uncertainty:      0.035ns  ((TSJ^2 + TIJ^2)^1/2 + DJ) / 2 + PE
    Total System Jitter     (TSJ):    0.071ns
    Total Input Jitter      (TIJ):    0.000ns
    Discrete Jitter          (DJ):    0.000ns
    Phase Error              (PE):    0.000ns

    Location             Delay type                Incr(ns)  Path(ns)    Netlist Resource(s)
  -------------------------------------------------------------------    -------------------
                         (clock s_axi_aclk rise edge)
                                                      0.000     0.000 r  
    U14                                               0.000     0.000 r  s_axi_aclk (IN)
                         net (fo=0)                   0.000     0.000    s_axi_aclk
    U14                  IBUF (Prop_ibuf_I_O)         1.075     1.075 r  s_axi_aclk_IBUF_inst/O
                         net (fo=1, routed)           2.205     3.280    s_axi_aclk_IBUF
    BUFGCTRL_X0Y16       BUFG (Prop_bufg_I_O)         0.101     3.381 r  s_axi_aclk_IBUF_BUFG_inst/O
                         net (fo=759, routed)         1.874     5.254    systolic_controller_instance/systolic_array_2d_instance/ARRAY_ROWS[1].ARRAY_COLUMNS[2].pe_systolic_cell_instance/mac_pe_instance/s_axi_aclk_IBUF_BUFG
    DSP48_X3Y20          DSP48E1                                      r  systolic_controller_instance/systolic_array_2d_instance/ARRAY_ROWS[1].ARRAY_COLUMNS[2].pe_systolic_cell_instance/mac_pe_instance/acc_sum_reg/CLK
  -------------------------------------------------------------------    -------------------
    DSP48_X3Y20          DSP48E1 (Prop_dsp48e1_CLK_P[10])
                                                      0.434     5.688 r  systolic_controller_instance/systolic_array_2d_instance/ARRAY_ROWS[1].ARRAY_COLUMNS[2].pe_systolic_cell_instance/mac_pe_instance/acc_sum_reg/P[10]
                         net (fo=2, routed)           1.549     7.238    systolic_controller_instance/systolic_array_2d_instance/ARRAY_ROWS[1].ARRAY_COLUMNS[3].pe_systolic_cell_instance/mac_pe_instance/activation_data[14]_i_63_0[62]
    SLICE_X99Y49         LUT6 (Prop_lut6_I1_O)        0.124     7.362 r  systolic_controller_instance/systolic_array_2d_instance/ARRAY_ROWS[1].ARRAY_COLUMNS[3].pe_systolic_cell_instance/mac_pe_instance/activation_data[13]_i_25/O
                         net (fo=2, routed)           0.785     8.146    systolic_controller_instance/systolic_array_2d_instance/ARRAY_ROWS[2].ARRAY_COLUMNS[2].pe_systolic_cell_instance/mac_pe_instance/activation_data_reg[13]_i_14_4
    SLICE_X97Y47         LUT4 (Prop_lut4_I2_O)        0.124     8.270 r  systolic_controller_instance/systolic_array_2d_instance/ARRAY_ROWS[2].ARRAY_COLUMNS[2].pe_systolic_cell_instance/mac_pe_instance/activation_data[13]_i_20/O
                         net (fo=1, routed)           0.000     8.270    systolic_controller_instance/systolic_array_2d_instance/ARRAY_ROWS[2].ARRAY_COLUMNS[2].pe_systolic_cell_instance/mac_pe_instance/activation_data[13]_i_20_n_0
    SLICE_X97Y47         CARRY4 (Prop_carry4_S[3]_CO[3])
                                                      0.401     8.671 r  systolic_controller_instance/systolic_array_2d_instance/ARRAY_ROWS[2].ARRAY_COLUMNS[2].pe_systolic_cell_instance/mac_pe_instance/activation_data_reg[13]_i_14/CO[3]
                         net (fo=1, routed)           0.000     8.671    systolic_controller_instance/systolic_array_2d_instance/ARRAY_ROWS[2].ARRAY_COLUMNS[2].pe_systolic_cell_instance/mac_pe_instance/activation_data_reg[13]_i_14_n_0
    SLICE_X97Y48         CARRY4 (Prop_carry4_CI_CO[3])
                                                      0.114     8.785 r  systolic_controller_instance/systolic_array_2d_instance/ARRAY_ROWS[2].ARRAY_COLUMNS[2].pe_systolic_cell_instance/mac_pe_instance/activation_data_reg[14]_i_13/CO[3]
                         net (fo=1, routed)           0.000     8.785    systolic_controller_instance/systolic_array_2d_instance/ARRAY_ROWS[2].ARRAY_COLUMNS[2].pe_systolic_cell_instance/mac_pe_instance/activation_data_reg[14]_i_13_n_0
    SLICE_X97Y49         CARRY4 (Prop_carry4_CI_CO[3])
                                                      0.114     8.899 r  systolic_controller_instance/systolic_array_2d_instance/ARRAY_ROWS[2].ARRAY_COLUMNS[2].pe_systolic_cell_instance/mac_pe_instance/activation_data_reg[14]_i_4/CO[3]
                         net (fo=1, routed)           0.001     8.900    systolic_controller_instance/systolic_array_2d_instance/ARRAY_ROWS[2].ARRAY_COLUMNS[2].pe_systolic_cell_instance/mac_pe_instance/activation_data_reg[14]_i_4_n_0
    SLICE_X97Y50         CARRY4 (Prop_carry4_CI_O[1])
                                                      0.334     9.234 f  systolic_controller_instance/systolic_array_2d_instance/ARRAY_ROWS[2].ARRAY_COLUMNS[2].pe_systolic_cell_instance/mac_pe_instance/activation_data_reg[14]_i_39/O[1]
                         net (fo=4, routed)           1.007    10.241    activation_unit_instance/activation_data_reg[14]_i_5_0[1]
    SLICE_X96Y48         LUT2 (Prop_lut2_I0_O)        0.303    10.544 r  activation_unit_instance/activation_data[14]_i_27/O
                         net (fo=1, routed)           0.000    10.544    systolic_controller_instance/systolic_array_2d_instance/ARRAY_ROWS[1].ARRAY_COLUMNS[3].pe_systolic_cell_instance/mac_pe_instance/activation_data_reg[14]_i_2_1[2]
    SLICE_X96Y48         CARRY4 (Prop_carry4_S[2]_CO[3])
                                                      0.380    10.924 r  systolic_controller_instance/systolic_array_2d_instance/ARRAY_ROWS[1].ARRAY_COLUMNS[3].pe_systolic_cell_instance/mac_pe_instance/activation_data_reg[14]_i_5/CO[3]
                         net (fo=1, routed)           0.000    10.924    systolic_controller_instance/systolic_array_2d_instance/ARRAY_ROWS[1].ARRAY_COLUMNS[3].pe_systolic_cell_instance/mac_pe_instance/activation_data_reg[14]_i_5_n_0
    SLICE_X96Y49         CARRY4 (Prop_carry4_CI_CO[0])
                                                      0.254    11.178 r  systolic_controller_instance/systolic_array_2d_instance/ARRAY_ROWS[1].ARRAY_COLUMNS[3].pe_systolic_cell_instance/mac_pe_instance/activation_data_reg[14]_i_2/CO[0]
                         net (fo=16, routed)          0.805    11.983    systolic_controller_instance/systolic_array_2d_instance/ARRAY_ROWS[1].ARRAY_COLUMNS[3].pe_systolic_cell_instance/mac_pe_instance/CO[0]
    SLICE_X91Y44         LUT3 (Prop_lut3_I0_O)        0.367    12.350 r  systolic_controller_instance/systolic_array_2d_instance/ARRAY_ROWS[1].ARRAY_COLUMNS[3].pe_systolic_cell_instance/mac_pe_instance/activation_data[13]_i_8/O
                         net (fo=21, routed)          1.218    13.568    activation_unit_instance/activation_data_reg[12]_7
    SLICE_X95Y46         LUT6 (Prop_lut6_I2_O)        0.124    13.692 r  activation_unit_instance/p_0_out_inferred__0/activation_data[11]_i_5/O
                         net (fo=1, routed)           0.000    13.692    activation_unit_instance/p_0_out_inferred__0/activation_data[11]_i_5_n_0
    SLICE_X95Y46         MUXF7 (Prop_muxf7_I1_O)      0.217    13.909 r  activation_unit_instance/p_0_out_inferred__0/activation_data_reg[11]_i_2/O
                         net (fo=1, routed)           0.456    14.365    activation_unit_instance/p_0_out_inferred__0/activation_data_reg[11]_i_2_n_0
    SLICE_X92Y46         LUT5 (Prop_lut5_I0_O)        0.299    14.664 r  activation_unit_instance/p_0_out_inferred__0/activation_data[11]_i_1/O
                         net (fo=1, routed)           0.000    14.664    activation_unit_instance/p_0_out_inferred__0/activation_data[11]_i_1_n_0
    SLICE_X92Y46         FDRE                                         r  activation_unit_instance/activation_data_reg[11]/D
  -------------------------------------------------------------------    -------------------

                         (clock s_axi_aclk rise edge)
                                                     10.000    10.000 r  
    U14                                               0.000    10.000 r  s_axi_aclk (IN)
                         net (fo=0)                   0.000    10.000    s_axi_aclk
    U14                  IBUF (Prop_ibuf_I_O)         0.940    10.940 r  s_axi_aclk_IBUF_inst/O
                         net (fo=1, routed)           2.006    12.946    s_axi_aclk_IBUF
    BUFGCTRL_X0Y16       BUFG (Prop_bufg_I_O)         0.091    13.037 r  s_axi_aclk_IBUF_BUFG_inst/O
                         net (fo=759, routed)         1.622    14.659    activation_unit_instance/s_axi_aclk_IBUF_BUFG
    SLICE_X92Y46         FDRE                                         r  activation_unit_instance/activation_data_reg[11]/C
                         clock pessimism              0.344    15.003    
                         clock uncertainty           -0.035    14.968    
    SLICE_X92Y46         FDRE (Setup_fdre_C_D)        0.079    15.047    activation_unit_instance/activation_data_reg[11]
  -------------------------------------------------------------------
                         required time                         15.047    
                         arrival time                         -14.664    
  -------------------------------------------------------------------
                         slack                                  0.383    

Slack (MET) :             0.389ns  (required time - arrival time)
  Source:                 dnn_scheduler_instance/activation_column_reg[1]_rep/C
                            (rising edge-triggered cell FDRE clocked by s_axi_aclk  {rise@0.000ns fall@5.000ns period=10.000ns})
  Destination:            activation_unit_instance/activation_data_reg[33]/D
                            (rising edge-triggered cell FDRE clocked by s_axi_aclk  {rise@0.000ns fall@5.000ns period=10.000ns})
  Path Group:             s_axi_aclk
  Path Type:              Setup (Max at Slow Process Corner)
  Requirement:            10.000ns  (s_axi_aclk rise@10.000ns - s_axi_aclk rise@0.000ns)
  Data Path Delay:        9.624ns  (logic 3.581ns (37.208%)  route 6.043ns (62.792%))
  Logic Levels:           12  (CARRY4=5 LUT2=1 LUT3=1 LUT5=1 LUT6=3 MUXF7=1)
  Clock Path Skew:        -0.064ns (DCD - SCD + CPR)
    Destination Clock Delay (DCD):    4.660ns = ( 14.660 - 10.000 ) 
    Source Clock Delay      (SCD):    5.183ns
    Clock Pessimism Removal (CPR):    0.458ns
  Clock Uncertainty:      0.035ns  ((TSJ^2 + TIJ^2)^1/2 + DJ) / 2 + PE
    Total System Jitter     (TSJ):    0.071ns
    Total Input Jitter      (TIJ):    0.000ns
    Discrete Jitter          (DJ):    0.000ns
    Phase Error              (PE):    0.000ns

    Location             Delay type                Incr(ns)  Path(ns)    Netlist Resource(s)
  -------------------------------------------------------------------    -------------------
                         (clock s_axi_aclk rise edge)
                                                      0.000     0.000 r  
    U14                                               0.000     0.000 r  s_axi_aclk (IN)
                         net (fo=0)                   0.000     0.000    s_axi_aclk
    U14                  IBUF (Prop_ibuf_I_O)         1.075     1.075 r  s_axi_aclk_IBUF_inst/O
                         net (fo=1, routed)           2.205     3.280    s_axi_aclk_IBUF
    BUFGCTRL_X0Y16       BUFG (Prop_bufg_I_O)         0.101     3.381 r  s_axi_aclk_IBUF_BUFG_inst/O
                         net (fo=759, routed)         1.802     5.183    dnn_scheduler_instance/s_axi_aclk_IBUF_BUFG
    SLICE_X99Y43         FDRE                                         r  dnn_scheduler_instance/activation_column_reg[1]_rep/C
  -------------------------------------------------------------------    -------------------
    SLICE_X99Y43         FDRE (Prop_fdre_C_Q)         0.456     5.639 r  dnn_scheduler_instance/activation_column_reg[1]_rep/Q
                         net (fo=87, routed)          1.448     7.087    systolic_controller_instance/systolic_array_2d_instance/ARRAY_ROWS[4].ARRAY_COLUMNS[3].pe_systolic_cell_instance/mac_pe_instance/activation_data[37]_i_19
    SLICE_X100Y33        LUT6 (Prop_lut6_I2_O)        0.124     7.211 r  systolic_controller_instance/systolic_array_2d_instance/ARRAY_ROWS[4].ARRAY_COLUMNS[3].pe_systolic_cell_instance/mac_pe_instance/activation_data[37]_i_25/O
                         net (fo=2, routed)           0.312     7.523    dnn_scheduler_instance/activation_data_reg[37]_i_14_1
    SLICE_X100Y34        LUT5 (Prop_lut5_I4_O)        0.124     7.647 r  dnn_scheduler_instance/activation_data[37]_i_18/O
                         net (fo=1, routed)           0.800     8.446    dnn_scheduler_instance/selected_accumulators[113]
    SLICE_X101Y34        CARRY4 (Prop_carry4_DI[2]_CO[3])
                                                      0.398     8.844 r  dnn_scheduler_instance/activation_data_reg[37]_i_14/CO[3]
                         net (fo=1, routed)           0.000     8.844    dnn_scheduler_instance/activation_data_reg[37]_i_14_n_0
    SLICE_X101Y35        CARRY4 (Prop_carry4_CI_CO[3])
                                                      0.114     8.958 r  dnn_scheduler_instance/activation_data_reg[38]_i_13/CO[3]
                         net (fo=1, routed)           0.000     8.958    dnn_scheduler_instance/activation_data_reg[38]_i_13_n_0
    SLICE_X101Y36        CARRY4 (Prop_carry4_CI_O[1])
                                                      0.334     9.292 r  dnn_scheduler_instance/activation_data_reg[38]_i_4/O[1]
                         net (fo=4, routed)           0.924    10.217    activation_unit_instance/saturated_q5_52[9]
    SLICE_X101Y39        LUT2 (Prop_lut2_I0_O)        0.303    10.520 r  activation_unit_instance/activation_data[38]_i_38/O
                         net (fo=1, routed)           0.000    10.520    activation_unit_instance/activation_data[38]_i_38_n_0
    SLICE_X101Y39        CARRY4 (Prop_carry4_S[1]_CO[3])
                                                      0.550    11.070 r  activation_unit_instance/activation_data_reg[38]_i_8/CO[3]
                         net (fo=1, routed)           0.000    11.070    activation_unit_instance/activation_data_reg[38]_i_8_n_0
    SLICE_X101Y40        CARRY4 (Prop_carry4_CI_CO[1])
                                                      0.157    11.227 f  activation_unit_instance/activation_data_reg[38]_i_3/CO[1]
                         net (fo=16, routed)          0.945    12.172    dnn_scheduler_instance/activation_data_reg[32][0]
    SLICE_X102Y39        LUT3 (Prop_lut3_I1_O)        0.355    12.527 r  dnn_scheduler_instance/activation_data[37]_i_10/O
                         net (fo=20, routed)          1.189    13.715    activation_unit_instance/sel[2]
    SLICE_X105Y38        LUT6 (Prop_lut6_I1_O)        0.328    14.043 r  activation_unit_instance/p_0_out_inferred__3/activation_data[33]_i_8/O
                         net (fo=1, routed)           0.425    14.469    activation_unit_instance/p_0_out_inferred__3/activation_data[33]_i_8_n_0
    SLICE_X104Y38        LUT6 (Prop_lut6_I3_O)        0.124    14.593 r  activation_unit_instance/p_0_out_inferred__3/activation_data[33]_i_3/O
                         net (fo=1, routed)           0.000    14.593    activation_unit_instance/p_0_out_inferred__3/activation_data[33]_i_3_n_0
    SLICE_X104Y38        MUXF7 (Prop_muxf7_I1_O)      0.214    14.807 r  activation_unit_instance/p_0_out_inferred__3/activation_data_reg[33]_i_1/O
                         net (fo=1, routed)           0.000    14.807    activation_unit_instance/p_0_out_inferred__3/activation_data_reg[33]_i_1_n_0
    SLICE_X104Y38        FDRE                                         r  activation_unit_instance/activation_data_reg[33]/D
  -------------------------------------------------------------------    -------------------

                         (clock s_axi_aclk rise edge)
                                                     10.000    10.000 r  
    U14                                               0.000    10.000 r  s_axi_aclk (IN)
                         net (fo=0)                   0.000    10.000    s_axi_aclk
    U14                  IBUF (Prop_ibuf_I_O)         0.940    10.940 r  s_axi_aclk_IBUF_inst/O
                         net (fo=1, routed)           2.006    12.946    s_axi_aclk_IBUF
    BUFGCTRL_X0Y16       BUFG (Prop_bufg_I_O)         0.091    13.037 r  s_axi_aclk_IBUF_BUFG_inst/O
                         net (fo=759, routed)         1.623    14.660    activation_unit_instance/s_axi_aclk_IBUF_BUFG
    SLICE_X104Y38        FDRE                                         r  activation_unit_instance/activation_data_reg[33]/C
                         clock pessimism              0.458    15.119    
                         clock uncertainty           -0.035    15.083    
    SLICE_X104Y38        FDRE (Setup_fdre_C_D)        0.113    15.196    activation_unit_instance/activation_data_reg[33]
  -------------------------------------------------------------------
                         required time                         15.196    
                         arrival time                         -14.807    
  -------------------------------------------------------------------
                         slack                                  0.389    

Slack (MET) :             0.405ns  (required time - arrival time)
  Source:                 dnn_scheduler_instance/activation_column_reg[1]_rep/C
                            (rising edge-triggered cell FDRE clocked by s_axi_aclk  {rise@0.000ns fall@5.000ns period=10.000ns})
  Destination:            activation_unit_instance/activation_data_reg[17]/D
                            (rising edge-triggered cell FDRE clocked by s_axi_aclk  {rise@0.000ns fall@5.000ns period=10.000ns})
  Path Group:             s_axi_aclk
  Path Type:              Setup (Max at Slow Process Corner)
  Requirement:            10.000ns  (s_axi_aclk rise@10.000ns - s_axi_aclk rise@0.000ns)
  Data Path Delay:        9.498ns  (logic 3.514ns (36.999%)  route 5.984ns (63.001%))
  Logic Levels:           13  (CARRY4=5 LUT2=1 LUT3=1 LUT4=1 LUT5=1 LUT6=3 MUXF7=1)
  Clock Path Skew:        -0.126ns (DCD - SCD + CPR)
    Destination Clock Delay (DCD):    4.598ns = ( 14.598 - 10.000 ) 
    Source Clock Delay      (SCD):    5.183ns
    Clock Pessimism Removal (CPR):    0.458ns
  Clock Uncertainty:      0.035ns  ((TSJ^2 + TIJ^2)^1/2 + DJ) / 2 + PE
    Total System Jitter     (TSJ):    0.071ns
    Total Input Jitter      (TIJ):    0.000ns
    Discrete Jitter          (DJ):    0.000ns
    Phase Error              (PE):    0.000ns

    Location             Delay type                Incr(ns)  Path(ns)    Netlist Resource(s)
  -------------------------------------------------------------------    -------------------
                         (clock s_axi_aclk rise edge)
                                                      0.000     0.000 r  
    U14                                               0.000     0.000 r  s_axi_aclk (IN)
                         net (fo=0)                   0.000     0.000    s_axi_aclk
    U14                  IBUF (Prop_ibuf_I_O)         1.075     1.075 r  s_axi_aclk_IBUF_inst/O
                         net (fo=1, routed)           2.205     3.280    s_axi_aclk_IBUF
    BUFGCTRL_X0Y16       BUFG (Prop_bufg_I_O)         0.101     3.381 r  s_axi_aclk_IBUF_BUFG_inst/O
                         net (fo=759, routed)         1.802     5.183    dnn_scheduler_instance/s_axi_aclk_IBUF_BUFG
    SLICE_X99Y43         FDRE                                         r  dnn_scheduler_instance/activation_column_reg[1]_rep/C
  -------------------------------------------------------------------    -------------------
    SLICE_X99Y43         FDRE (Prop_fdre_C_Q)         0.456     5.639 r  dnn_scheduler_instance/activation_column_reg[1]_rep/Q
                         net (fo=87, routed)          1.140     6.778    bias_sram_instance/activation_data[38]_i_76
    SLICE_X100Y40        LUT6 (Prop_lut6_I2_O)        0.124     6.902 r  bias_sram_instance/activation_data[38]_i_95/O
                         net (fo=1, routed)           0.287     7.189    dnn_scheduler_instance/activation_data[6]_i_47
    SLICE_X99Y40         LUT5 (Prop_lut5_I4_O)        0.124     7.313 r  dnn_scheduler_instance/activation_data[38]_i_78/O
                         net (fo=5, routed)           0.923     8.236    systolic_controller_instance/systolic_array_2d_instance/ARRAY_ROWS[3].ARRAY_COLUMNS[2].pe_systolic_cell_instance/mac_pe_instance/activation_data_reg[22]_i_13_4
    SLICE_X93Y41         LUT4 (Prop_lut4_I3_O)        0.124     8.360 r  systolic_controller_instance/systolic_array_2d_instance/ARRAY_ROWS[3].ARRAY_COLUMNS[2].pe_systolic_cell_instance/mac_pe_instance/activation_data[22]_i_47/O
                         net (fo=1, routed)           0.000     8.360    systolic_controller_instance/systolic_array_2d_instance/ARRAY_ROWS[3].ARRAY_COLUMNS[2].pe_systolic_cell_instance/mac_pe_instance/activation_data[22]_i_47_n_0
    SLICE_X93Y41         CARRY4 (Prop_carry4_S[0]_CO[3])
                                                      0.532     8.892 r  systolic_controller_instance/systolic_array_2d_instance/ARRAY_ROWS[3].ARRAY_COLUMNS[2].pe_systolic_cell_instance/mac_pe_instance/activation_data_reg[22]_i_13/CO[3]
                         net (fo=1, routed)           0.000     8.892    systolic_controller_instance/systolic_array_2d_instance/ARRAY_ROWS[3].ARRAY_COLUMNS[2].pe_systolic_cell_instance/mac_pe_instance/activation_data_reg[22]_i_13_n_0
    SLICE_X93Y42         CARRY4 (Prop_carry4_CI_CO[3])
                                                      0.114     9.006 r  systolic_controller_instance/systolic_array_2d_instance/ARRAY_ROWS[3].ARRAY_COLUMNS[2].pe_systolic_cell_instance/mac_pe_instance/activation_data_reg[22]_i_4/CO[3]
                         net (fo=1, routed)           0.000     9.006    systolic_controller_instance/systolic_array_2d_instance/ARRAY_ROWS[3].ARRAY_COLUMNS[2].pe_systolic_cell_instance/mac_pe_instance/activation_data_reg[22]_i_4_n_0
    SLICE_X93Y43         CARRY4 (Prop_carry4_CI_CO[3])
                                                      0.114     9.120 r  systolic_controller_instance/systolic_array_2d_instance/ARRAY_ROWS[3].ARRAY_COLUMNS[2].pe_systolic_cell_instance/mac_pe_instance/activation_data_reg[22]_i_39/CO[3]
                         net (fo=1, routed)           0.000     9.120    systolic_controller_instance/systolic_array_2d_instance/ARRAY_ROWS[3].ARRAY_COLUMNS[2].pe_systolic_cell_instance/mac_pe_instance/activation_data_reg[22]_i_39_n_0
    SLICE_X93Y44         CARRY4 (Prop_carry4_CI_O[1])
                                                      0.334     9.454 r  systolic_controller_instance/systolic_array_2d_instance/ARRAY_ROWS[3].ARRAY_COLUMNS[2].pe_systolic_cell_instance/mac_pe_instance/activation_data_reg[22]_i_30/O[1]
                         net (fo=4, routed)           0.831    10.285    activation_unit_instance/activation_data_reg[22]_i_3_0[1]
    SLICE_X92Y43         LUT2 (Prop_lut2_I0_O)        0.303    10.588 r  activation_unit_instance/activation_data[22]_i_11/O
                         net (fo=1, routed)           0.000    10.588    activation_unit_instance/activation_data[22]_i_11_n_0
    SLICE_X92Y43         CARRY4 (Prop_carry4_S[1]_CO[1])
                                                      0.492    11.080 f  activation_unit_instance/activation_data_reg[22]_i_3/CO[1]
                         net (fo=16, routed)          0.793    11.873    systolic_controller_instance/systolic_array_2d_instance/ARRAY_ROWS[2].ARRAY_COLUMNS[3].pe_systolic_cell_instance/mac_pe_instance/activation_data_reg[20][0]
    SLICE_X91Y41         LUT3 (Prop_lut3_I1_O)        0.332    12.205 r  systolic_controller_instance/systolic_array_2d_instance/ARRAY_ROWS[2].ARRAY_COLUMNS[3].pe_systolic_cell_instance/mac_pe_instance/activation_data[21]_i_10/O
                         net (fo=20, routed)          1.314    13.519    activation_unit_instance/activation_data_reg[20]_5
    SLICE_X88Y42         LUT6 (Prop_lut6_I1_O)        0.124    13.643 r  activation_unit_instance/p_0_out_inferred__1/activation_data[17]_i_8/O
                         net (fo=1, routed)           0.696    14.339    activation_unit_instance/p_0_out_inferred__1/activation_data[17]_i_8_n_0
    SLICE_X88Y40         LUT6 (Prop_lut6_I3_O)        0.124    14.463 r  activation_unit_instance/p_0_out_inferred__1/activation_data[17]_i_3/O
                         net (fo=1, routed)           0.000    14.463    activation_unit_instance/p_0_out_inferred__1/activation_data[17]_i_3_n_0
    SLICE_X88Y40         MUXF7 (Prop_muxf7_I1_O)      0.217    14.680 r  activation_unit_instance/p_0_out_inferred__1/activation_data_reg[17]_i_1/O
                         net (fo=1, routed)           0.000    14.680    activation_unit_instance/p_0_out_inferred__1/activation_data_reg[17]_i_1_n_0
    SLICE_X88Y40         FDRE                                         r  activation_unit_instance/activation_data_reg[17]/D
  -------------------------------------------------------------------    -------------------

                         (clock s_axi_aclk rise edge)
                                                     10.000    10.000 r  
    U14                                               0.000    10.000 r  s_axi_aclk (IN)
                         net (fo=0)                   0.000    10.000    s_axi_aclk
    U14                  IBUF (Prop_ibuf_I_O)         0.940    10.940 r  s_axi_aclk_IBUF_inst/O
                         net (fo=1, routed)           2.006    12.946    s_axi_aclk_IBUF
    BUFGCTRL_X0Y16       BUFG (Prop_bufg_I_O)         0.091    13.037 r  s_axi_aclk_IBUF_BUFG_inst/O
                         net (fo=759, routed)         1.561    14.598    activation_unit_instance/s_axi_aclk_IBUF_BUFG
    SLICE_X88Y40         FDRE                                         r  activation_unit_instance/activation_data_reg[17]/C
                         clock pessimism              0.458    15.057    
                         clock uncertainty           -0.035    15.021    
    SLICE_X88Y40         FDRE (Setup_fdre_C_D)        0.064    15.085    activation_unit_instance/activation_data_reg[17]
  -------------------------------------------------------------------
                         required time                         15.085    
                         arrival time                         -14.680    
  -------------------------------------------------------------------
                         slack                                  0.405    

Slack (MET) :             0.415ns  (required time - arrival time)
  Source:                 dnn_scheduler_instance/activation_column_reg[1]_rep/C
                            (rising edge-triggered cell FDRE clocked by s_axi_aclk  {rise@0.000ns fall@5.000ns period=10.000ns})
  Destination:            activation_unit_instance/activation_data_reg[27]/D
                            (rising edge-triggered cell FDRE clocked by s_axi_aclk  {rise@0.000ns fall@5.000ns period=10.000ns})
  Path Group:             s_axi_aclk
  Path Type:              Setup (Max at Slow Process Corner)
  Requirement:            10.000ns  (s_axi_aclk rise@10.000ns - s_axi_aclk rise@0.000ns)
  Data Path Delay:        9.515ns  (logic 3.784ns (39.768%)  route 5.731ns (60.232%))
  Logic Levels:           13  (CARRY4=5 LUT2=1 LUT3=1 LUT4=1 LUT5=2 LUT6=2 MUXF7=1)
  Clock Path Skew:        -0.066ns (DCD - SCD + CPR)
    Destination Clock Delay (DCD):    4.658ns = ( 14.658 - 10.000 ) 
    Source Clock Delay      (SCD):    5.183ns
    Clock Pessimism Removal (CPR):    0.458ns
  Clock Uncertainty:      0.035ns  ((TSJ^2 + TIJ^2)^1/2 + DJ) / 2 + PE
    Total System Jitter     (TSJ):    0.071ns
    Total Input Jitter      (TIJ):    0.000ns
    Discrete Jitter          (DJ):    0.000ns
    Phase Error              (PE):    0.000ns

    Location             Delay type                Incr(ns)  Path(ns)    Netlist Resource(s)
  -------------------------------------------------------------------    -------------------
                         (clock s_axi_aclk rise edge)
                                                      0.000     0.000 r  
    U14                                               0.000     0.000 r  s_axi_aclk (IN)
                         net (fo=0)                   0.000     0.000    s_axi_aclk
    U14                  IBUF (Prop_ibuf_I_O)         1.075     1.075 r  s_axi_aclk_IBUF_inst/O
                         net (fo=1, routed)           2.205     3.280    s_axi_aclk_IBUF
    BUFGCTRL_X0Y16       BUFG (Prop_bufg_I_O)         0.101     3.381 r  s_axi_aclk_IBUF_BUFG_inst/O
                         net (fo=759, routed)         1.802     5.183    dnn_scheduler_instance/s_axi_aclk_IBUF_BUFG
    SLICE_X99Y43         FDRE                                         r  dnn_scheduler_instance/activation_column_reg[1]_rep/C
  -------------------------------------------------------------------    -------------------
    SLICE_X99Y43         FDRE (Prop_fdre_C_Q)         0.456     5.639 r  dnn_scheduler_instance/activation_column_reg[1]_rep/Q
                         net (fo=87, routed)          1.140     6.778    bias_sram_instance/activation_data[38]_i_76
    SLICE_X100Y40        LUT6 (Prop_lut6_I2_O)        0.124     6.902 r  bias_sram_instance/activation_data[38]_i_95/O
                         net (fo=1, routed)           0.287     7.189    dnn_scheduler_instance/activation_data[6]_i_47
    SLICE_X99Y40         LUT5 (Prop_lut5_I4_O)        0.124     7.313 r  dnn_scheduler_instance/activation_data[38]_i_78/O
                         net (fo=5, routed)           1.051     8.365    systolic_controller_instance/systolic_array_2d_instance/ARRAY_ROWS[4].ARRAY_COLUMNS[2].pe_systolic_cell_instance/mac_pe_instance/activation_data_reg[30]_i_13_4
    SLICE_X97Y32         LUT4 (Prop_lut4_I3_O)        0.124     8.489 r  systolic_controller_instance/systolic_array_2d_instance/ARRAY_ROWS[4].ARRAY_COLUMNS[2].pe_systolic_cell_instance/mac_pe_instance/activation_data[30]_i_47/O
                         net (fo=1, routed)           0.000     8.489    systolic_controller_instance/systolic_array_2d_instance/ARRAY_ROWS[4].ARRAY_COLUMNS[2].pe_systolic_cell_instance/mac_pe_instance/activation_data[30]_i_47_n_0
    SLICE_X97Y32         CARRY4 (Prop_carry4_S[0]_CO[3])
                                                      0.532     9.021 r  systolic_controller_instance/systolic_array_2d_instance/ARRAY_ROWS[4].ARRAY_COLUMNS[2].pe_systolic_cell_instance/mac_pe_instance/activation_data_reg[30]_i_13/CO[3]
                         net (fo=1, routed)           0.000     9.021    systolic_controller_instance/systolic_array_2d_instance/ARRAY_ROWS[4].ARRAY_COLUMNS[2].pe_systolic_cell_instance/mac_pe_instance/activation_data_reg[30]_i_13_n_0
    SLICE_X97Y33         CARRY4 (Prop_carry4_CI_CO[3])
                                                      0.114     9.135 r  systolic_controller_instance/systolic_array_2d_instance/ARRAY_ROWS[4].ARRAY_COLUMNS[2].pe_systolic_cell_instance/mac_pe_instance/activation_data_reg[30]_i_4/CO[3]
                         net (fo=1, routed)           0.000     9.135    systolic_controller_instance/systolic_array_2d_instance/ARRAY_ROWS[4].ARRAY_COLUMNS[2].pe_systolic_cell_instance/mac_pe_instance/activation_data_reg[30]_i_4_n_0
    SLICE_X97Y34         CARRY4 (Prop_carry4_CI_O[0])
                                                      0.222     9.357 f  systolic_controller_instance/systolic_array_2d_instance/ARRAY_ROWS[4].ARRAY_COLUMNS[2].pe_systolic_cell_instance/mac_pe_instance/activation_data_reg[30]_i_39/O[0]
                         net (fo=4, routed)           0.989    10.345    activation_unit_instance/activation_data_reg[30]_i_5_0[0]
    SLICE_X96Y37         LUT2 (Prop_lut2_I1_O)        0.299    10.644 r  activation_unit_instance/activation_data[30]_i_28/O
                         net (fo=1, routed)           0.000    10.644    systolic_controller_instance/systolic_array_2d_instance/ARRAY_ROWS[3].ARRAY_COLUMNS[3].pe_systolic_cell_instance/mac_pe_instance/activation_data_reg[30]_i_2_1[1]
    SLICE_X96Y37         CARRY4 (Prop_carry4_S[1]_CO[3])
                                                      0.533    11.177 r  systolic_controller_instance/systolic_array_2d_instance/ARRAY_ROWS[3].ARRAY_COLUMNS[3].pe_systolic_cell_instance/mac_pe_instance/activation_data_reg[30]_i_5/CO[3]
                         net (fo=1, routed)           0.000    11.177    systolic_controller_instance/systolic_array_2d_instance/ARRAY_ROWS[3].ARRAY_COLUMNS[3].pe_systolic_cell_instance/mac_pe_instance/activation_data_reg[30]_i_5_n_0
    SLICE_X96Y38         CARRY4 (Prop_carry4_CI_CO[0])
                                                      0.254    11.431 r  systolic_controller_instance/systolic_array_2d_instance/ARRAY_ROWS[3].ARRAY_COLUMNS[3].pe_systolic_cell_instance/mac_pe_instance/activation_data_reg[30]_i_2/CO[0]
                         net (fo=16, routed)          0.519    11.951    systolic_controller_instance/systolic_array_2d_instance/ARRAY_ROWS[3].ARRAY_COLUMNS[3].pe_systolic_cell_instance/mac_pe_instance/CO[0]
    SLICE_X94Y37         LUT3 (Prop_lut3_I0_O)        0.367    12.318 r  systolic_controller_instance/systolic_array_2d_instance/ARRAY_ROWS[3].ARRAY_COLUMNS[3].pe_systolic_cell_instance/mac_pe_instance/activation_data[29]_i_8/O
                         net (fo=21, routed)          1.313    13.631    activation_unit_instance/activation_data_reg[28]_7
    SLICE_X96Y40         LUT6 (Prop_lut6_I2_O)        0.124    13.755 r  activation_unit_instance/p_0_out_inferred__2/activation_data[27]_i_5/O
                         net (fo=1, routed)           0.000    13.755    activation_unit_instance/p_0_out_inferred__2/activation_data[27]_i_5_n_0
    SLICE_X96Y40         MUXF7 (Prop_muxf7_I1_O)      0.214    13.969 r  activation_unit_instance/p_0_out_inferred__2/activation_data_reg[27]_i_2/O
                         net (fo=1, routed)           0.432    14.401    activation_unit_instance/p_0_out_inferred__2/activation_data_reg[27]_i_2_n_0
    SLICE_X95Y38         LUT5 (Prop_lut5_I0_O)        0.297    14.698 r  activation_unit_instance/p_0_out_inferred__2/activation_data[27]_i_1/O
                         net (fo=1, routed)           0.000    14.698    activation_unit_instance/p_0_out_inferred__2/activation_data[27]_i_1_n_0
    SLICE_X95Y38         FDRE                                         r  activation_unit_instance/activation_data_reg[27]/D
  -------------------------------------------------------------------    -------------------

                         (clock s_axi_aclk rise edge)
                                                     10.000    10.000 r  
    U14                                               0.000    10.000 r  s_axi_aclk (IN)
                         net (fo=0)                   0.000    10.000    s_axi_aclk
    U14                  IBUF (Prop_ibuf_I_O)         0.940    10.940 r  s_axi_aclk_IBUF_inst/O
                         net (fo=1, routed)           2.006    12.946    s_axi_aclk_IBUF
    BUFGCTRL_X0Y16       BUFG (Prop_bufg_I_O)         0.091    13.037 r  s_axi_aclk_IBUF_BUFG_inst/O
                         net (fo=759, routed)         1.621    14.658    activation_unit_instance/s_axi_aclk_IBUF_BUFG
    SLICE_X95Y38         FDRE                                         r  activation_unit_instance/activation_data_reg[27]/C
                         clock pessimism              0.458    15.117    
                         clock uncertainty           -0.035    15.081    
    SLICE_X95Y38         FDRE (Setup_fdre_C_D)        0.032    15.113    activation_unit_instance/activation_data_reg[27]
  -------------------------------------------------------------------
                         required time                         15.113    
                         arrival time                         -14.698    
  -------------------------------------------------------------------
                         slack                                  0.415    

Slack (MET) :             0.431ns  (required time - arrival time)
  Source:                 systolic_controller_instance/systolic_array_2d_instance/ARRAY_ROWS[1].ARRAY_COLUMNS[2].pe_systolic_cell_instance/mac_pe_instance/acc_sum_reg/CLK
                            (rising edge-triggered cell DSP48E1 clocked by s_axi_aclk  {rise@0.000ns fall@5.000ns period=10.000ns})
  Destination:            activation_unit_instance/activation_data_reg[9]/D
                            (rising edge-triggered cell FDRE clocked by s_axi_aclk  {rise@0.000ns fall@5.000ns period=10.000ns})
  Path Group:             s_axi_aclk
  Path Type:              Setup (Max at Slow Process Corner)
  Requirement:            10.000ns  (s_axi_aclk rise@10.000ns - s_axi_aclk rise@0.000ns)
  Data Path Delay:        9.346ns  (logic 3.570ns (38.197%)  route 5.776ns (61.803%))
  Logic Levels:           13  (CARRY4=6 LUT2=1 LUT3=1 LUT4=1 LUT6=3 MUXF7=1)
  Clock Path Skew:        -0.251ns (DCD - SCD + CPR)
    Destination Clock Delay (DCD):    4.659ns = ( 14.659 - 10.000 ) 
    Source Clock Delay      (SCD):    5.254ns
    Clock Pessimism Removal (CPR):    0.344ns
  Clock Uncertainty:      0.035ns  ((TSJ^2 + TIJ^2)^1/2 + DJ) / 2 + PE
    Total System Jitter     (TSJ):    0.071ns
    Total Input Jitter      (TIJ):    0.000ns
    Discrete Jitter          (DJ):    0.000ns
    Phase Error              (PE):    0.000ns

    Location             Delay type                Incr(ns)  Path(ns)    Netlist Resource(s)
  -------------------------------------------------------------------    -------------------
                         (clock s_axi_aclk rise edge)
                                                      0.000     0.000 r  
    U14                                               0.000     0.000 r  s_axi_aclk (IN)
                         net (fo=0)                   0.000     0.000    s_axi_aclk
    U14                  IBUF (Prop_ibuf_I_O)         1.075     1.075 r  s_axi_aclk_IBUF_inst/O
                         net (fo=1, routed)           2.205     3.280    s_axi_aclk_IBUF
    BUFGCTRL_X0Y16       BUFG (Prop_bufg_I_O)         0.101     3.381 r  s_axi_aclk_IBUF_BUFG_inst/O
                         net (fo=759, routed)         1.874     5.254    systolic_controller_instance/systolic_array_2d_instance/ARRAY_ROWS[1].ARRAY_COLUMNS[2].pe_systolic_cell_instance/mac_pe_instance/s_axi_aclk_IBUF_BUFG
    DSP48_X3Y20          DSP48E1                                      r  systolic_controller_instance/systolic_array_2d_instance/ARRAY_ROWS[1].ARRAY_COLUMNS[2].pe_systolic_cell_instance/mac_pe_instance/acc_sum_reg/CLK
  -------------------------------------------------------------------    -------------------
    DSP48_X3Y20          DSP48E1 (Prop_dsp48e1_CLK_P[10])
                                                      0.434     5.688 r  systolic_controller_instance/systolic_array_2d_instance/ARRAY_ROWS[1].ARRAY_COLUMNS[2].pe_systolic_cell_instance/mac_pe_instance/acc_sum_reg/P[10]
                         net (fo=2, routed)           1.549     7.238    systolic_controller_instance/systolic_array_2d_instance/ARRAY_ROWS[1].ARRAY_COLUMNS[3].pe_systolic_cell_instance/mac_pe_instance/activation_data[14]_i_63_0[62]
    SLICE_X99Y49         LUT6 (Prop_lut6_I1_O)        0.124     7.362 r  systolic_controller_instance/systolic_array_2d_instance/ARRAY_ROWS[1].ARRAY_COLUMNS[3].pe_systolic_cell_instance/mac_pe_instance/activation_data[13]_i_25/O
                         net (fo=2, routed)           0.785     8.146    systolic_controller_instance/systolic_array_2d_instance/ARRAY_ROWS[2].ARRAY_COLUMNS[2].pe_systolic_cell_instance/mac_pe_instance/activation_data_reg[13]_i_14_4
    SLICE_X97Y47         LUT4 (Prop_lut4_I2_O)        0.124     8.270 r  systolic_controller_instance/systolic_array_2d_instance/ARRAY_ROWS[2].ARRAY_COLUMNS[2].pe_systolic_cell_instance/mac_pe_instance/activation_data[13]_i_20/O
                         net (fo=1, routed)           0.000     8.270    systolic_controller_instance/systolic_array_2d_instance/ARRAY_ROWS[2].ARRAY_COLUMNS[2].pe_systolic_cell_instance/mac_pe_instance/activation_data[13]_i_20_n_0
    SLICE_X97Y47         CARRY4 (Prop_carry4_S[3]_CO[3])
                                                      0.401     8.671 r  systolic_controller_instance/systolic_array_2d_instance/ARRAY_ROWS[2].ARRAY_COLUMNS[2].pe_systolic_cell_instance/mac_pe_instance/activation_data_reg[13]_i_14/CO[3]
                         net (fo=1, routed)           0.000     8.671    systolic_controller_instance/systolic_array_2d_instance/ARRAY_ROWS[2].ARRAY_COLUMNS[2].pe_systolic_cell_instance/mac_pe_instance/activation_data_reg[13]_i_14_n_0
    SLICE_X97Y48         CARRY4 (Prop_carry4_CI_CO[3])
                                                      0.114     8.785 r  systolic_controller_instance/systolic_array_2d_instance/ARRAY_ROWS[2].ARRAY_COLUMNS[2].pe_systolic_cell_instance/mac_pe_instance/activation_data_reg[14]_i_13/CO[3]
                         net (fo=1, routed)           0.000     8.785    systolic_controller_instance/systolic_array_2d_instance/ARRAY_ROWS[2].ARRAY_COLUMNS[2].pe_systolic_cell_instance/mac_pe_instance/activation_data_reg[14]_i_13_n_0
    SLICE_X97Y49         CARRY4 (Prop_carry4_CI_CO[3])
                                                      0.114     8.899 r  systolic_controller_instance/systolic_array_2d_instance/ARRAY_ROWS[2].ARRAY_COLUMNS[2].pe_systolic_cell_instance/mac_pe_instance/activation_data_reg[14]_i_4/CO[3]
                         net (fo=1, routed)           0.001     8.900    systolic_controller_instance/systolic_array_2d_instance/ARRAY_ROWS[2].ARRAY_COLUMNS[2].pe_systolic_cell_instance/mac_pe_instance/activation_data_reg[14]_i_4_n_0
    SLICE_X97Y50         CARRY4 (Prop_carry4_CI_CO[3])
                                                      0.114     9.014 r  systolic_controller_instance/systolic_array_2d_instance/ARRAY_ROWS[2].ARRAY_COLUMNS[2].pe_systolic_cell_instance/mac_pe_instance/activation_data_reg[14]_i_39/CO[3]
                         net (fo=1, routed)           0.000     9.014    systolic_controller_instance/systolic_array_2d_instance/ARRAY_ROWS[2].ARRAY_COLUMNS[2].pe_systolic_cell_instance/mac_pe_instance/activation_data_reg[14]_i_39_n_0
    SLICE_X97Y51         CARRY4 (Prop_carry4_CI_O[1])
                                                      0.334     9.348 r  systolic_controller_instance/systolic_array_2d_instance/ARRAY_ROWS[2].ARRAY_COLUMNS[2].pe_systolic_cell_instance/mac_pe_instance/activation_data_reg[14]_i_30/O[1]
                         net (fo=4, routed)           1.017    10.365    activation_unit_instance/activation_data_reg[14]_i_3_0[1]
    SLICE_X95Y48         LUT2 (Prop_lut2_I0_O)        0.303    10.668 r  activation_unit_instance/activation_data[14]_i_11/O
                         net (fo=1, routed)           0.000    10.668    activation_unit_instance/activation_data[14]_i_11_n_0
    SLICE_X95Y48         CARRY4 (Prop_carry4_S[1]_CO[1])
                                                      0.491    11.159 f  activation_unit_instance/activation_data_reg[14]_i_3/CO[1]
                         net (fo=16, routed)          0.737    11.896    systolic_controller_instance/systolic_array_2d_instance/ARRAY_ROWS[1].ARRAY_COLUMNS[3].pe_systolic_cell_instance/mac_pe_instance/activation_data_reg[12][0]
    SLICE_X94Y48         LUT3 (Prop_lut3_I1_O)        0.353    12.249 r  systolic_controller_instance/systolic_array_2d_instance/ARRAY_ROWS[1].ARRAY_COLUMNS[3].pe_systolic_cell_instance/mac_pe_instance/activation_data[13]_i_11/O
                         net (fo=20, routed)          1.115    13.363    activation_unit_instance/activation_data_reg[12]_4
    SLICE_X90Y44         LUT6 (Prop_lut6_I3_O)        0.328    13.691 r  activation_unit_instance/p_0_out_inferred__0/activation_data[9]_i_6/O
                         net (fo=1, routed)           0.573    14.264    activation_unit_instance/p_0_out_inferred__0/activation_data[9]_i_6_n_0
    SLICE_X91Y44         LUT6 (Prop_lut6_I4_O)        0.124    14.388 r  activation_unit_instance/p_0_out_inferred__0/activation_data[9]_i_2/O
                         net (fo=1, routed)           0.000    14.388    activation_unit_instance/p_0_out_inferred__0/activation_data[9]_i_2_n_0
    SLICE_X91Y44         MUXF7 (Prop_muxf7_I0_O)      0.212    14.600 r  activation_unit_instance/p_0_out_inferred__0/activation_data_reg[9]_i_1/O
                         net (fo=1, routed)           0.000    14.600    activation_unit_instance/p_0_out_inferred__0/activation_data_reg[9]_i_1_n_0
    SLICE_X91Y44         FDRE                                         r  activation_unit_instance/activation_data_reg[9]/D
  -------------------------------------------------------------------    -------------------

                         (clock s_axi_aclk rise edge)
                                                     10.000    10.000 r  
    U14                                               0.000    10.000 r  s_axi_aclk (IN)
                         net (fo=0)                   0.000    10.000    s_axi_aclk
    U14                  IBUF (Prop_ibuf_I_O)         0.940    10.940 r  s_axi_aclk_IBUF_inst/O
                         net (fo=1, routed)           2.006    12.946    s_axi_aclk_IBUF
    BUFGCTRL_X0Y16       BUFG (Prop_bufg_I_O)         0.091    13.037 r  s_axi_aclk_IBUF_BUFG_inst/O
                         net (fo=759, routed)         1.622    14.659    activation_unit_instance/s_axi_aclk_IBUF_BUFG
    SLICE_X91Y44         FDRE                                         r  activation_unit_instance/activation_data_reg[9]/C
                         clock pessimism              0.344    15.003    
                         clock uncertainty           -0.035    14.968    
    SLICE_X91Y44         FDRE (Setup_fdre_C_D)        0.064    15.032    activation_unit_instance/activation_data_reg[9]
  -------------------------------------------------------------------
                         required time                         15.032    
                         arrival time                         -14.600    
  -------------------------------------------------------------------
                         slack                                  0.431    

Slack (MET) :             0.432ns  (required time - arrival time)
  Source:                 systolic_controller_instance/systolic_array_2d_instance/ARRAY_ROWS[1].ARRAY_COLUMNS[2].pe_systolic_cell_instance/mac_pe_instance/acc_sum_reg/CLK
                            (rising edge-triggered cell DSP48E1 clocked by s_axi_aclk  {rise@0.000ns fall@5.000ns period=10.000ns})
  Destination:            activation_unit_instance/activation_data_reg[10]/D
                            (rising edge-triggered cell FDRE clocked by s_axi_aclk  {rise@0.000ns fall@5.000ns period=10.000ns})
  Path Group:             s_axi_aclk
  Path Type:              Setup (Max at Slow Process Corner)
  Requirement:            10.000ns  (s_axi_aclk rise@10.000ns - s_axi_aclk rise@0.000ns)
  Data Path Delay:        9.312ns  (logic 3.517ns (37.768%)  route 5.795ns (62.232%))
  Logic Levels:           13  (CARRY4=6 LUT2=1 LUT3=1 LUT4=1 LUT5=1 LUT6=2 MUXF7=1)
  Clock Path Skew:        -0.251ns (DCD - SCD + CPR)
    Destination Clock Delay (DCD):    4.659ns = ( 14.659 - 10.000 ) 
    Source Clock Delay      (SCD):    5.254ns
    Clock Pessimism Removal (CPR):    0.344ns
  Clock Uncertainty:      0.035ns  ((TSJ^2 + TIJ^2)^1/2 + DJ) / 2 + PE
    Total System Jitter     (TSJ):    0.071ns
    Total Input Jitter      (TIJ):    0.000ns
    Discrete Jitter          (DJ):    0.000ns
    Phase Error              (PE):    0.000ns

    Location             Delay type                Incr(ns)  Path(ns)    Netlist Resource(s)
  -------------------------------------------------------------------    -------------------
                         (clock s_axi_aclk rise edge)
                                                      0.000     0.000 r  
    U14                                               0.000     0.000 r  s_axi_aclk (IN)
                         net (fo=0)                   0.000     0.000    s_axi_aclk
    U14                  IBUF (Prop_ibuf_I_O)         1.075     1.075 r  s_axi_aclk_IBUF_inst/O
                         net (fo=1, routed)           2.205     3.280    s_axi_aclk_IBUF
    BUFGCTRL_X0Y16       BUFG (Prop_bufg_I_O)         0.101     3.381 r  s_axi_aclk_IBUF_BUFG_inst/O
                         net (fo=759, routed)         1.874     5.254    systolic_controller_instance/systolic_array_2d_instance/ARRAY_ROWS[1].ARRAY_COLUMNS[2].pe_systolic_cell_instance/mac_pe_instance/s_axi_aclk_IBUF_BUFG
    DSP48_X3Y20          DSP48E1                                      r  systolic_controller_instance/systolic_array_2d_instance/ARRAY_ROWS[1].ARRAY_COLUMNS[2].pe_systolic_cell_instance/mac_pe_instance/acc_sum_reg/CLK
  -------------------------------------------------------------------    -------------------
    DSP48_X3Y20          DSP48E1 (Prop_dsp48e1_CLK_P[10])
                                                      0.434     5.688 r  systolic_controller_instance/systolic_array_2d_instance/ARRAY_ROWS[1].ARRAY_COLUMNS[2].pe_systolic_cell_instance/mac_pe_instance/acc_sum_reg/P[10]
                         net (fo=2, routed)           1.549     7.238    systolic_controller_instance/systolic_array_2d_instance/ARRAY_ROWS[1].ARRAY_COLUMNS[3].pe_systolic_cell_instance/mac_pe_instance/activation_data[14]_i_63_0[62]
    SLICE_X99Y49         LUT6 (Prop_lut6_I1_O)        0.124     7.362 r  systolic_controller_instance/systolic_array_2d_instance/ARRAY_ROWS[1].ARRAY_COLUMNS[3].pe_systolic_cell_instance/mac_pe_instance/activation_data[13]_i_25/O
                         net (fo=2, routed)           0.785     8.146    systolic_controller_instance/systolic_array_2d_instance/ARRAY_ROWS[2].ARRAY_COLUMNS[2].pe_systolic_cell_instance/mac_pe_instance/activation_data_reg[13]_i_14_4
    SLICE_X97Y47         LUT4 (Prop_lut4_I2_O)        0.124     8.270 r  systolic_controller_instance/systolic_array_2d_instance/ARRAY_ROWS[2].ARRAY_COLUMNS[2].pe_systolic_cell_instance/mac_pe_instance/activation_data[13]_i_20/O
                         net (fo=1, routed)           0.000     8.270    systolic_controller_instance/systolic_array_2d_instance/ARRAY_ROWS[2].ARRAY_COLUMNS[2].pe_systolic_cell_instance/mac_pe_instance/activation_data[13]_i_20_n_0
    SLICE_X97Y47         CARRY4 (Prop_carry4_S[3]_CO[3])
                                                      0.401     8.671 r  systolic_controller_instance/systolic_array_2d_instance/ARRAY_ROWS[2].ARRAY_COLUMNS[2].pe_systolic_cell_instance/mac_pe_instance/activation_data_reg[13]_i_14/CO[3]
                         net (fo=1, routed)           0.000     8.671    systolic_controller_instance/systolic_array_2d_instance/ARRAY_ROWS[2].ARRAY_COLUMNS[2].pe_systolic_cell_instance/mac_pe_instance/activation_data_reg[13]_i_14_n_0
    SLICE_X97Y48         CARRY4 (Prop_carry4_CI_CO[3])
                                                      0.114     8.785 r  systolic_controller_instance/systolic_array_2d_instance/ARRAY_ROWS[2].ARRAY_COLUMNS[2].pe_systolic_cell_instance/mac_pe_instance/activation_data_reg[14]_i_13/CO[3]
                         net (fo=1, routed)           0.000     8.785    systolic_controller_instance/systolic_array_2d_instance/ARRAY_ROWS[2].ARRAY_COLUMNS[2].pe_systolic_cell_instance/mac_pe_instance/activation_data_reg[14]_i_13_n_0
    SLICE_X97Y49         CARRY4 (Prop_carry4_CI_CO[3])
                                                      0.114     8.899 r  systolic_controller_instance/systolic_array_2d_instance/ARRAY_ROWS[2].ARRAY_COLUMNS[2].pe_systolic_cell_instance/mac_pe_instance/activation_data_reg[14]_i_4/CO[3]
                         net (fo=1, routed)           0.001     8.900    systolic_controller_instance/systolic_array_2d_instance/ARRAY_ROWS[2].ARRAY_COLUMNS[2].pe_systolic_cell_instance/mac_pe_instance/activation_data_reg[14]_i_4_n_0
    SLICE_X97Y50         CARRY4 (Prop_carry4_CI_CO[3])
                                                      0.114     9.014 r  systolic_controller_instance/systolic_array_2d_instance/ARRAY_ROWS[2].ARRAY_COLUMNS[2].pe_systolic_cell_instance/mac_pe_instance/activation_data_reg[14]_i_39/CO[3]
                         net (fo=1, routed)           0.000     9.014    systolic_controller_instance/systolic_array_2d_instance/ARRAY_ROWS[2].ARRAY_COLUMNS[2].pe_systolic_cell_instance/mac_pe_instance/activation_data_reg[14]_i_39_n_0
    SLICE_X97Y51         CARRY4 (Prop_carry4_CI_O[1])
                                                      0.334     9.348 r  systolic_controller_instance/systolic_array_2d_instance/ARRAY_ROWS[2].ARRAY_COLUMNS[2].pe_systolic_cell_instance/mac_pe_instance/activation_data_reg[14]_i_30/O[1]
                         net (fo=4, routed)           1.017    10.365    activation_unit_instance/activation_data_reg[14]_i_3_0[1]
    SLICE_X95Y48         LUT2 (Prop_lut2_I0_O)        0.303    10.668 r  activation_unit_instance/activation_data[14]_i_11/O
                         net (fo=1, routed)           0.000    10.668    activation_unit_instance/activation_data[14]_i_11_n_0
    SLICE_X95Y48         CARRY4 (Prop_carry4_S[1]_CO[1])
                                                      0.491    11.159 f  activation_unit_instance/activation_data_reg[14]_i_3/CO[1]
                         net (fo=16, routed)          0.737    11.896    systolic_controller_instance/systolic_array_2d_instance/ARRAY_ROWS[1].ARRAY_COLUMNS[3].pe_systolic_cell_instance/mac_pe_instance/activation_data_reg[12][0]
    SLICE_X94Y48         LUT3 (Prop_lut3_I1_O)        0.329    12.225 r  systolic_controller_instance/systolic_array_2d_instance/ARRAY_ROWS[1].ARRAY_COLUMNS[3].pe_systolic_cell_instance/mac_pe_instance/activation_data[13]_i_10/O
                         net (fo=20, routed)          1.273    13.498    activation_unit_instance/activation_data_reg[12]_5
    SLICE_X91Y45         LUT6 (Prop_lut6_I2_O)        0.124    13.622 r  activation_unit_instance/p_0_out_inferred__0/activation_data[10]_i_4/O
                         net (fo=1, routed)           0.000    13.622    activation_unit_instance/p_0_out_inferred__0/activation_data[10]_i_4_n_0
    SLICE_X91Y45         MUXF7 (Prop_muxf7_I0_O)      0.212    13.834 r  activation_unit_instance/p_0_out_inferred__0/activation_data_reg[10]_i_2/O
                         net (fo=1, routed)           0.433    14.267    activation_unit_instance/p_0_out_inferred__0/activation_data_reg[10]_i_2_n_0
    SLICE_X91Y45         LUT5 (Prop_lut5_I0_O)        0.299    14.566 r  activation_unit_instance/p_0_out_inferred__0/activation_data[10]_i_1/O
                         net (fo=1, routed)           0.000    14.566    activation_unit_instance/p_0_out_inferred__0/activation_data[10]_i_1_n_0
    SLICE_X91Y45         FDRE                                         r  activation_unit_instance/activation_data_reg[10]/D
  -------------------------------------------------------------------    -------------------

                         (clock s_axi_aclk rise edge)
                                                     10.000    10.000 r  
    U14                                               0.000    10.000 r  s_axi_aclk (IN)
                         net (fo=0)                   0.000    10.000    s_axi_aclk
    U14                  IBUF (Prop_ibuf_I_O)         0.940    10.940 r  s_axi_aclk_IBUF_inst/O
                         net (fo=1, routed)           2.006    12.946    s_axi_aclk_IBUF
    BUFGCTRL_X0Y16       BUFG (Prop_bufg_I_O)         0.091    13.037 r  s_axi_aclk_IBUF_BUFG_inst/O
                         net (fo=759, routed)         1.622    14.659    activation_unit_instance/s_axi_aclk_IBUF_BUFG
    SLICE_X91Y45         FDRE                                         r  activation_unit_instance/activation_data_reg[10]/C
                         clock pessimism              0.344    15.003    
                         clock uncertainty           -0.035    14.968    
    SLICE_X91Y45         FDRE (Setup_fdre_C_D)        0.031    14.999    activation_unit_instance/activation_data_reg[10]
  -------------------------------------------------------------------
                         required time                         14.999    
                         arrival time                         -14.566    
  -------------------------------------------------------------------
                         slack                                  0.432    

Slack (MET) :             0.449ns  (required time - arrival time)
  Source:                 systolic_controller_instance/systolic_array_2d_instance/ARRAY_ROWS[1].ARRAY_COLUMNS[1].pe_systolic_cell_instance/mac_pe_instance/acc_sum_reg/CLK
                            (rising edge-triggered cell DSP48E1 clocked by s_axi_aclk  {rise@0.000ns fall@5.000ns period=10.000ns})
  Destination:            activation_unit_instance/activation_data_reg[2]/D
                            (rising edge-triggered cell FDRE clocked by s_axi_aclk  {rise@0.000ns fall@5.000ns period=10.000ns})
  Path Group:             s_axi_aclk
  Path Type:              Setup (Max at Slow Process Corner)
  Requirement:            10.000ns  (s_axi_aclk rise@10.000ns - s_axi_aclk rise@0.000ns)
  Data Path Delay:        9.345ns  (logic 3.754ns (40.173%)  route 5.591ns (59.827%))
  Logic Levels:           13  (CARRY4=6 LUT2=1 LUT3=1 LUT4=1 LUT5=1 LUT6=2 MUXF7=1)
  Clock Path Skew:        -0.250ns (DCD - SCD + CPR)
    Destination Clock Delay (DCD):    4.662ns = ( 14.662 - 10.000 ) 
    Source Clock Delay      (SCD):    5.256ns
    Clock Pessimism Removal (CPR):    0.344ns
  Clock Uncertainty:      0.035ns  ((TSJ^2 + TIJ^2)^1/2 + DJ) / 2 + PE
    Total System Jitter     (TSJ):    0.071ns
    Total Input Jitter      (TIJ):    0.000ns
    Discrete Jitter          (DJ):    0.000ns
    Phase Error              (PE):    0.000ns

    Location             Delay type                Incr(ns)  Path(ns)    Netlist Resource(s)
  -------------------------------------------------------------------    -------------------
                         (clock s_axi_aclk rise edge)
                                                      0.000     0.000 r  
    U14                                               0.000     0.000 r  s_axi_aclk (IN)
                         net (fo=0)                   0.000     0.000    s_axi_aclk
    U14                  IBUF (Prop_ibuf_I_O)         1.075     1.075 r  s_axi_aclk_IBUF_inst/O
                         net (fo=1, routed)           2.205     3.280    s_axi_aclk_IBUF
    BUFGCTRL_X0Y16       BUFG (Prop_bufg_I_O)         0.101     3.381 r  s_axi_aclk_IBUF_BUFG_inst/O
                         net (fo=759, routed)         1.876     5.256    systolic_controller_instance/systolic_array_2d_instance/ARRAY_ROWS[1].ARRAY_COLUMNS[1].pe_systolic_cell_instance/mac_pe_instance/s_axi_aclk_IBUF_BUFG
    DSP48_X4Y20          DSP48E1                                      r  systolic_controller_instance/systolic_array_2d_instance/ARRAY_ROWS[1].ARRAY_COLUMNS[1].pe_systolic_cell_instance/mac_pe_instance/acc_sum_reg/CLK
  -------------------------------------------------------------------    -------------------
    DSP48_X4Y20          DSP48E1 (Prop_dsp48e1_CLK_P[8])
                                                      0.434     5.690 r  systolic_controller_instance/systolic_array_2d_instance/ARRAY_ROWS[1].ARRAY_COLUMNS[1].pe_systolic_cell_instance/mac_pe_instance/acc_sum_reg/P[8]
                         net (fo=2, routed)           1.621     7.311    systolic_controller_instance/systolic_array_2d_instance/ARRAY_ROWS[1].ARRAY_COLUMNS[2].pe_systolic_cell_instance/mac_pe_instance/partial_sums[60]
    SLICE_X96Y43         LUT6 (Prop_lut6_I1_O)        0.124     7.435 r  systolic_controller_instance/systolic_array_2d_instance/ARRAY_ROWS[1].ARRAY_COLUMNS[2].pe_systolic_cell_instance/mac_pe_instance/activation_data[5]_i_28/O
                         net (fo=2, routed)           0.797     8.232    systolic_controller_instance/systolic_array_2d_instance/ARRAY_ROWS[1].ARRAY_COLUMNS[2].pe_systolic_cell_instance/mac_pe_instance/activation_data[5]_i_28_n_0
    SLICE_X97Y42         LUT4 (Prop_lut4_I0_O)        0.124     8.356 r  systolic_controller_instance/systolic_array_2d_instance/ARRAY_ROWS[1].ARRAY_COLUMNS[2].pe_systolic_cell_instance/mac_pe_instance/activation_data[5]_i_22/O
                         net (fo=1, routed)           0.000     8.356    systolic_controller_instance/systolic_array_2d_instance/ARRAY_ROWS[1].ARRAY_COLUMNS[2].pe_systolic_cell_instance/mac_pe_instance/activation_data[5]_i_22_n_0
    SLICE_X97Y42         CARRY4 (Prop_carry4_S[1]_CO[3])
                                                      0.550     8.906 r  systolic_controller_instance/systolic_array_2d_instance/ARRAY_ROWS[1].ARRAY_COLUMNS[2].pe_systolic_cell_instance/mac_pe_instance/activation_data_reg[5]_i_14/CO[3]
                         net (fo=1, routed)           0.000     8.906    systolic_controller_instance/systolic_array_2d_instance/ARRAY_ROWS[1].ARRAY_COLUMNS[2].pe_systolic_cell_instance/mac_pe_instance/activation_data_reg[5]_i_14_n_0
    SLICE_X97Y43         CARRY4 (Prop_carry4_CI_CO[3])
                                                      0.114     9.020 r  systolic_controller_instance/systolic_array_2d_instance/ARRAY_ROWS[1].ARRAY_COLUMNS[2].pe_systolic_cell_instance/mac_pe_instance/activation_data_reg[6]_i_13/CO[3]
                         net (fo=1, routed)           0.000     9.020    systolic_controller_instance/systolic_array_2d_instance/ARRAY_ROWS[1].ARRAY_COLUMNS[2].pe_systolic_cell_instance/mac_pe_instance/activation_data_reg[6]_i_13_n_0
    SLICE_X97Y44         CARRY4 (Prop_carry4_CI_CO[3])
                                                      0.114     9.134 r  systolic_controller_instance/systolic_array_2d_instance/ARRAY_ROWS[1].ARRAY_COLUMNS[2].pe_systolic_cell_instance/mac_pe_instance/activation_data_reg[6]_i_4/CO[3]
                         net (fo=1, routed)           0.000     9.134    systolic_controller_instance/systolic_array_2d_instance/ARRAY_ROWS[1].ARRAY_COLUMNS[2].pe_systolic_cell_instance/mac_pe_instance/activation_data_reg[6]_i_4_n_0
    SLICE_X97Y45         CARRY4 (Prop_carry4_CI_O[3])
                                                      0.313     9.447 f  systolic_controller_instance/systolic_array_2d_instance/ARRAY_ROWS[1].ARRAY_COLUMNS[2].pe_systolic_cell_instance/mac_pe_instance/activation_data_reg[6]_i_39/O[3]
                         net (fo=4, routed)           0.939    10.386    activation_unit_instance/activation_data_reg[6]_i_5[3]
    SLICE_X97Y40         LUT2 (Prop_lut2_I0_O)        0.306    10.692 r  activation_unit_instance/activation_data[6]_i_26/O
                         net (fo=1, routed)           0.000    10.692    systolic_controller_instance/systolic_array_2d_instance/ARRAY_ROWS[0].ARRAY_COLUMNS[3].pe_systolic_cell_instance/mac_pe_instance/activation_data_reg[6]_i_2_1[3]
    SLICE_X97Y40         CARRY4 (Prop_carry4_S[3]_CO[3])
                                                      0.401    11.093 r  systolic_controller_instance/systolic_array_2d_instance/ARRAY_ROWS[0].ARRAY_COLUMNS[3].pe_systolic_cell_instance/mac_pe_instance/activation_data_reg[6]_i_5/CO[3]
                         net (fo=1, routed)           0.000    11.093    systolic_controller_instance/systolic_array_2d_instance/ARRAY_ROWS[0].ARRAY_COLUMNS[3].pe_systolic_cell_instance/mac_pe_instance/activation_data_reg[6]_i_5_n_0
    SLICE_X97Y41         CARRY4 (Prop_carry4_CI_CO[0])
                                                      0.271    11.364 r  systolic_controller_instance/systolic_array_2d_instance/ARRAY_ROWS[0].ARRAY_COLUMNS[3].pe_systolic_cell_instance/mac_pe_instance/activation_data_reg[6]_i_2/CO[0]
                         net (fo=16, routed)          0.689    12.053    systolic_controller_instance/systolic_array_2d_instance/ARRAY_ROWS[0].ARRAY_COLUMNS[3].pe_systolic_cell_instance/mac_pe_instance/CO[0]
    SLICE_X96Y43         LUT3 (Prop_lut3_I0_O)        0.373    12.426 r  systolic_controller_instance/systolic_array_2d_instance/ARRAY_ROWS[0].ARRAY_COLUMNS[3].pe_systolic_cell_instance/mac_pe_instance/activation_data[5]_i_13/O
                         net (fo=21, routed)          1.105    13.531    activation_unit_instance/activation_data_reg[4]_8
    SLICE_X100Y46        LUT6 (Prop_lut6_I0_O)        0.124    13.655 r  activation_unit_instance/activation_data[2]_i_4/O
                         net (fo=1, routed)           0.000    13.655    activation_unit_instance/activation_data[2]_i_4_n_0
    SLICE_X100Y46        MUXF7 (Prop_muxf7_I0_O)      0.209    13.864 r  activation_unit_instance/activation_data_reg[2]_i_2/O
                         net (fo=1, routed)           0.440    14.304    activation_unit_instance/activation_data_reg[2]_i_2_n_0
    SLICE_X100Y45        LUT5 (Prop_lut5_I0_O)        0.297    14.601 r  activation_unit_instance/activation_data[2]_i_1/O
                         net (fo=1, routed)           0.000    14.601    activation_unit_instance/p_0_out[2]
    SLICE_X100Y45        FDRE                                         r  activation_unit_instance/activation_data_reg[2]/D
  -------------------------------------------------------------------    -------------------

                         (clock s_axi_aclk rise edge)
                                                     10.000    10.000 r  
    U14                                               0.000    10.000 r  s_axi_aclk (IN)
                         net (fo=0)                   0.000    10.000    s_axi_aclk
    U14                  IBUF (Prop_ibuf_I_O)         0.940    10.940 r  s_axi_aclk_IBUF_inst/O
                         net (fo=1, routed)           2.006    12.946    s_axi_aclk_IBUF
    BUFGCTRL_X0Y16       BUFG (Prop_bufg_I_O)         0.091    13.037 r  s_axi_aclk_IBUF_BUFG_inst/O
                         net (fo=759, routed)         1.625    14.662    activation_unit_instance/s_axi_aclk_IBUF_BUFG
    SLICE_X100Y45        FDRE                                         r  activation_unit_instance/activation_data_reg[2]/C
                         clock pessimism              0.344    15.006    
                         clock uncertainty           -0.035    14.971    
    SLICE_X100Y45        FDRE (Setup_fdre_C_D)        0.079    15.050    activation_unit_instance/activation_data_reg[2]
  -------------------------------------------------------------------
                         required time                         15.050    
                         arrival time                         -14.601    
  -------------------------------------------------------------------
                         slack                                  0.449    

Slack (MET) :             0.460ns  (required time - arrival time)
  Source:                 dnn_scheduler_instance/activation_column_reg[1]_rep/C
                            (rising edge-triggered cell FDRE clocked by s_axi_aclk  {rise@0.000ns fall@5.000ns period=10.000ns})
  Destination:            activation_unit_instance/activation_data_reg[24]/D
                            (rising edge-triggered cell FDRE clocked by s_axi_aclk  {rise@0.000ns fall@5.000ns period=10.000ns})
  Path Group:             s_axi_aclk
  Path Type:              Setup (Max at Slow Process Corner)
  Requirement:            10.000ns  (s_axi_aclk rise@10.000ns - s_axi_aclk rise@0.000ns)
  Data Path Delay:        9.589ns  (logic 3.495ns (36.448%)  route 6.094ns (63.552%))
  Logic Levels:           12  (CARRY4=4 LUT2=1 LUT3=1 LUT4=1 LUT5=1 LUT6=3 MUXF7=1)
  Clock Path Skew:        -0.029ns (DCD - SCD + CPR)
    Destination Clock Delay (DCD):    4.658ns = ( 14.658 - 10.000 ) 
    Source Clock Delay      (SCD):    5.183ns
    Clock Pessimism Removal (CPR):    0.495ns
  Clock Uncertainty:      0.035ns  ((TSJ^2 + TIJ^2)^1/2 + DJ) / 2 + PE
    Total System Jitter     (TSJ):    0.071ns
    Total Input Jitter      (TIJ):    0.000ns
    Discrete Jitter          (DJ):    0.000ns
    Phase Error              (PE):    0.000ns

    Location             Delay type                Incr(ns)  Path(ns)    Netlist Resource(s)
  -------------------------------------------------------------------    -------------------
                         (clock s_axi_aclk rise edge)
                                                      0.000     0.000 r  
    U14                                               0.000     0.000 r  s_axi_aclk (IN)
                         net (fo=0)                   0.000     0.000    s_axi_aclk
    U14                  IBUF (Prop_ibuf_I_O)         1.075     1.075 r  s_axi_aclk_IBUF_inst/O
                         net (fo=1, routed)           2.205     3.280    s_axi_aclk_IBUF
    BUFGCTRL_X0Y16       BUFG (Prop_bufg_I_O)         0.101     3.381 r  s_axi_aclk_IBUF_BUFG_inst/O
                         net (fo=759, routed)         1.802     5.183    dnn_scheduler_instance/s_axi_aclk_IBUF_BUFG
    SLICE_X99Y43         FDRE                                         r  dnn_scheduler_instance/activation_column_reg[1]_rep/C
  -------------------------------------------------------------------    -------------------
    SLICE_X99Y43         FDRE (Prop_fdre_C_Q)         0.456     5.639 r  dnn_scheduler_instance/activation_column_reg[1]_rep/Q
                         net (fo=87, routed)          1.140     6.778    bias_sram_instance/activation_data[38]_i_76
    SLICE_X100Y40        LUT6 (Prop_lut6_I2_O)        0.124     6.902 r  bias_sram_instance/activation_data[38]_i_95/O
                         net (fo=1, routed)           0.287     7.189    dnn_scheduler_instance/activation_data[6]_i_47
    SLICE_X99Y40         LUT5 (Prop_lut5_I4_O)        0.124     7.313 r  dnn_scheduler_instance/activation_data[38]_i_78/O
                         net (fo=5, routed)           1.051     8.365    systolic_controller_instance/systolic_array_2d_instance/ARRAY_ROWS[4].ARRAY_COLUMNS[2].pe_systolic_cell_instance/mac_pe_instance/activation_data_reg[30]_i_13_4
    SLICE_X97Y32         LUT4 (Prop_lut4_I3_O)        0.124     8.489 r  systolic_controller_instance/systolic_array_2d_instance/ARRAY_ROWS[4].ARRAY_COLUMNS[2].pe_systolic_cell_instance/mac_pe_instance/activation_data[30]_i_47/O
                         net (fo=1, routed)           0.000     8.489    systolic_controller_instance/systolic_array_2d_instance/ARRAY_ROWS[4].ARRAY_COLUMNS[2].pe_systolic_cell_instance/mac_pe_instance/activation_data[30]_i_47_n_0
    SLICE_X97Y32         CARRY4 (Prop_carry4_S[0]_CO[3])
                                                      0.532     9.021 r  systolic_controller_instance/systolic_array_2d_instance/ARRAY_ROWS[4].ARRAY_COLUMNS[2].pe_systolic_cell_instance/mac_pe_instance/activation_data_reg[30]_i_13/CO[3]
                         net (fo=1, routed)           0.000     9.021    systolic_controller_instance/systolic_array_2d_instance/ARRAY_ROWS[4].ARRAY_COLUMNS[2].pe_systolic_cell_instance/mac_pe_instance/activation_data_reg[30]_i_13_n_0
    SLICE_X97Y33         CARRY4 (Prop_carry4_CI_O[1])
                                                      0.334     9.355 r  systolic_controller_instance/systolic_array_2d_instance/ARRAY_ROWS[4].ARRAY_COLUMNS[2].pe_systolic_cell_instance/mac_pe_instance/activation_data_reg[30]_i_4/O[1]
                         net (fo=4, routed)           0.918    10.273    activation_unit_instance/activation_data_reg[30]_i_5[1]
    SLICE_X97Y36         LUT2 (Prop_lut2_I0_O)        0.303    10.576 r  activation_unit_instance/activation_data[30]_i_37/O
                         net (fo=1, routed)           0.000    10.576    activation_unit_instance/activation_data[30]_i_37_n_0
    SLICE_X97Y36         CARRY4 (Prop_carry4_S[1]_CO[3])
                                                      0.550    11.126 r  activation_unit_instance/activation_data_reg[30]_i_8/CO[3]
                         net (fo=1, routed)           0.000    11.126    activation_unit_instance/activation_data_reg[30]_i_8_n_0
    SLICE_X97Y37         CARRY4 (Prop_carry4_CI_CO[1])
                                                      0.157    11.283 f  activation_unit_instance/activation_data_reg[30]_i_3/CO[1]
                         net (fo=16, routed)          0.942    12.226    systolic_controller_instance/systolic_array_2d_instance/ARRAY_ROWS[3].ARRAY_COLUMNS[3].pe_systolic_cell_instance/mac_pe_instance/activation_data_reg[28][0]
    SLICE_X96Y39         LUT3 (Prop_lut3_I1_O)        0.329    12.555 r  systolic_controller_instance/systolic_array_2d_instance/ARRAY_ROWS[3].ARRAY_COLUMNS[3].pe_systolic_cell_instance/mac_pe_instance/activation_data[29]_i_13/O
                         net (fo=21, routed)          1.092    13.647    activation_unit_instance/activation_data_reg[28]_8
    SLICE_X99Y37         LUT6 (Prop_lut6_I0_O)        0.124    13.771 r  activation_unit_instance/p_0_out_inferred__2/activation_data[24]_i_8/O
                         net (fo=1, routed)           0.663    14.434    activation_unit_instance/p_0_out_inferred__2/activation_data[24]_i_8_n_0
    SLICE_X98Y37         LUT6 (Prop_lut6_I3_O)        0.124    14.558 r  activation_unit_instance/p_0_out_inferred__2/activation_data[24]_i_3/O
                         net (fo=1, routed)           0.000    14.558    activation_unit_instance/p_0_out_inferred__2/activation_data[24]_i_3_n_0
    SLICE_X98Y37         MUXF7 (Prop_muxf7_I1_O)      0.214    14.772 r  activation_unit_instance/p_0_out_inferred__2/activation_data_reg[24]_i_1/O
                         net (fo=1, routed)           0.000    14.772    activation_unit_instance/p_0_out_inferred__2/activation_data_reg[24]_i_1_n_0
    SLICE_X98Y37         FDRE                                         r  activation_unit_instance/activation_data_reg[24]/D
  -------------------------------------------------------------------    -------------------

                         (clock s_axi_aclk rise edge)
                                                     10.000    10.000 r  
    U14                                               0.000    10.000 r  s_axi_aclk (IN)
                         net (fo=0)                   0.000    10.000    s_axi_aclk
    U14                  IBUF (Prop_ibuf_I_O)         0.940    10.940 r  s_axi_aclk_IBUF_inst/O
                         net (fo=1, routed)           2.006    12.946    s_axi_aclk_IBUF
    BUFGCTRL_X0Y16       BUFG (Prop_bufg_I_O)         0.091    13.037 r  s_axi_aclk_IBUF_BUFG_inst/O
                         net (fo=759, routed)         1.621    14.658    activation_unit_instance/s_axi_aclk_IBUF_BUFG
    SLICE_X98Y37         FDRE                                         r  activation_unit_instance/activation_data_reg[24]/C
                         clock pessimism              0.495    15.154    
                         clock uncertainty           -0.035    15.118    
    SLICE_X98Y37         FDRE (Setup_fdre_C_D)        0.113    15.231    activation_unit_instance/activation_data_reg[24]
  -------------------------------------------------------------------
                         required time                         15.231    
                         arrival time                         -14.772    
  -------------------------------------------------------------------
                         slack                                  0.460    

Slack (MET) :             0.475ns  (required time - arrival time)
  Source:                 dnn_scheduler_instance/activation_column_reg[1]_rep/C
                            (rising edge-triggered cell FDRE clocked by s_axi_aclk  {rise@0.000ns fall@5.000ns period=10.000ns})
  Destination:            activation_unit_instance/activation_data_reg[18]/D
                            (rising edge-triggered cell FDRE clocked by s_axi_aclk  {rise@0.000ns fall@5.000ns period=10.000ns})
  Path Group:             s_axi_aclk
  Path Type:              Setup (Max at Slow Process Corner)
  Requirement:            10.000ns  (s_axi_aclk rise@10.000ns - s_axi_aclk rise@0.000ns)
  Data Path Delay:        9.395ns  (logic 3.684ns (39.212%)  route 5.711ns (60.788%))
  Logic Levels:           13  (CARRY4=5 LUT2=1 LUT3=1 LUT4=1 LUT5=2 LUT6=2 MUXF7=1)
  Clock Path Skew:        -0.126ns (DCD - SCD + CPR)
    Destination Clock Delay (DCD):    4.598ns = ( 14.598 - 10.000 ) 
    Source Clock Delay      (SCD):    5.183ns
    Clock Pessimism Removal (CPR):    0.458ns
  Clock Uncertainty:      0.035ns  ((TSJ^2 + TIJ^2)^1/2 + DJ) / 2 + PE
    Total System Jitter     (TSJ):    0.071ns
    Total Input Jitter      (TIJ):    0.000ns
    Discrete Jitter          (DJ):    0.000ns
    Phase Error              (PE):    0.000ns

    Location             Delay type                Incr(ns)  Path(ns)    Netlist Resource(s)
  -------------------------------------------------------------------    -------------------
                         (clock s_axi_aclk rise edge)
                                                      0.000     0.000 r  
    U14                                               0.000     0.000 r  s_axi_aclk (IN)
                         net (fo=0)                   0.000     0.000    s_axi_aclk
    U14                  IBUF (Prop_ibuf_I_O)         1.075     1.075 r  s_axi_aclk_IBUF_inst/O
                         net (fo=1, routed)           2.205     3.280    s_axi_aclk_IBUF
    BUFGCTRL_X0Y16       BUFG (Prop_bufg_I_O)         0.101     3.381 r  s_axi_aclk_IBUF_BUFG_inst/O
                         net (fo=759, routed)         1.802     5.183    dnn_scheduler_instance/s_axi_aclk_IBUF_BUFG
    SLICE_X99Y43         FDRE                                         r  dnn_scheduler_instance/activation_column_reg[1]_rep/C
  -------------------------------------------------------------------    -------------------
    SLICE_X99Y43         FDRE (Prop_fdre_C_Q)         0.456     5.639 r  dnn_scheduler_instance/activation_column_reg[1]_rep/Q
                         net (fo=87, routed)          1.140     6.778    bias_sram_instance/activation_data[38]_i_76
    SLICE_X100Y40        LUT6 (Prop_lut6_I2_O)        0.124     6.902 r  bias_sram_instance/activation_data[38]_i_95/O
                         net (fo=1, routed)           0.287     7.189    dnn_scheduler_instance/activation_data[6]_i_47
    SLICE_X99Y40         LUT5 (Prop_lut5_I4_O)        0.124     7.313 r  dnn_scheduler_instance/activation_data[38]_i_78/O
                         net (fo=5, routed)           0.923     8.236    systolic_controller_instance/systolic_array_2d_instance/ARRAY_ROWS[3].ARRAY_COLUMNS[2].pe_systolic_cell_instance/mac_pe_instance/activation_data_reg[22]_i_13_4
    SLICE_X93Y41         LUT4 (Prop_lut4_I3_O)        0.124     8.360 r  systolic_controller_instance/systolic_array_2d_instance/ARRAY_ROWS[3].ARRAY_COLUMNS[2].pe_systolic_cell_instance/mac_pe_instance/activation_data[22]_i_47/O
                         net (fo=1, routed)           0.000     8.360    systolic_controller_instance/systolic_array_2d_instance/ARRAY_ROWS[3].ARRAY_COLUMNS[2].pe_systolic_cell_instance/mac_pe_instance/activation_data[22]_i_47_n_0
    SLICE_X93Y41         CARRY4 (Prop_carry4_S[0]_CO[3])
                                                      0.532     8.892 r  systolic_controller_instance/systolic_array_2d_instance/ARRAY_ROWS[3].ARRAY_COLUMNS[2].pe_systolic_cell_instance/mac_pe_instance/activation_data_reg[22]_i_13/CO[3]
                         net (fo=1, routed)           0.000     8.892    systolic_controller_instance/systolic_array_2d_instance/ARRAY_ROWS[3].ARRAY_COLUMNS[2].pe_systolic_cell_instance/mac_pe_instance/activation_data_reg[22]_i_13_n_0
    SLICE_X93Y42         CARRY4 (Prop_carry4_CI_CO[3])
                                                      0.114     9.006 r  systolic_controller_instance/systolic_array_2d_instance/ARRAY_ROWS[3].ARRAY_COLUMNS[2].pe_systolic_cell_instance/mac_pe_instance/activation_data_reg[22]_i_4/CO[3]
                         net (fo=1, routed)           0.000     9.006    systolic_controller_instance/systolic_array_2d_instance/ARRAY_ROWS[3].ARRAY_COLUMNS[2].pe_systolic_cell_instance/mac_pe_instance/activation_data_reg[22]_i_4_n_0
    SLICE_X93Y43         CARRY4 (Prop_carry4_CI_CO[3])
                                                      0.114     9.120 r  systolic_controller_instance/systolic_array_2d_instance/ARRAY_ROWS[3].ARRAY_COLUMNS[2].pe_systolic_cell_instance/mac_pe_instance/activation_data_reg[22]_i_39/CO[3]
                         net (fo=1, routed)           0.000     9.120    systolic_controller_instance/systolic_array_2d_instance/ARRAY_ROWS[3].ARRAY_COLUMNS[2].pe_systolic_cell_instance/mac_pe_instance/activation_data_reg[22]_i_39_n_0
    SLICE_X93Y44         CARRY4 (Prop_carry4_CI_O[1])
                                                      0.334     9.454 r  systolic_controller_instance/systolic_array_2d_instance/ARRAY_ROWS[3].ARRAY_COLUMNS[2].pe_systolic_cell_instance/mac_pe_instance/activation_data_reg[22]_i_30/O[1]
                         net (fo=4, routed)           0.831    10.285    activation_unit_instance/activation_data_reg[22]_i_3_0[1]
    SLICE_X92Y43         LUT2 (Prop_lut2_I0_O)        0.303    10.588 r  activation_unit_instance/activation_data[22]_i_11/O
                         net (fo=1, routed)           0.000    10.588    activation_unit_instance/activation_data[22]_i_11_n_0
    SLICE_X92Y43         CARRY4 (Prop_carry4_S[1]_CO[1])
                                                      0.492    11.080 f  activation_unit_instance/activation_data_reg[22]_i_3/CO[1]
                         net (fo=16, routed)          0.803    11.883    systolic_controller_instance/systolic_array_2d_instance/ARRAY_ROWS[2].ARRAY_COLUMNS[3].pe_systolic_cell_instance/mac_pe_instance/activation_data_reg[20][0]
    SLICE_X90Y41         LUT3 (Prop_lut3_I1_O)        0.332    12.215 r  systolic_controller_instance/systolic_array_2d_instance/ARRAY_ROWS[2].ARRAY_COLUMNS[3].pe_systolic_cell_instance/mac_pe_instance/activation_data[21]_i_13/O
                         net (fo=21, routed)          1.295    13.509    activation_unit_instance/activation_data_reg[20]_8
    SLICE_X89Y40         LUT6 (Prop_lut6_I0_O)        0.124    13.633 r  activation_unit_instance/p_0_out_inferred__1/activation_data[18]_i_4/O
                         net (fo=1, routed)           0.000    13.633    activation_unit_instance/p_0_out_inferred__1/activation_data[18]_i_4_n_0
    SLICE_X89Y40         MUXF7 (Prop_muxf7_I0_O)      0.212    13.845 r  activation_unit_instance/p_0_out_inferred__1/activation_data_reg[18]_i_2/O
                         net (fo=1, routed)           0.433    14.279    activation_unit_instance/p_0_out_inferred__1/activation_data_reg[18]_i_2_n_0
    SLICE_X89Y40         LUT5 (Prop_lut5_I0_O)        0.299    14.578 r  activation_unit_instance/p_0_out_inferred__1/activation_data[18]_i_1/O
                         net (fo=1, routed)           0.000    14.578    activation_unit_instance/p_0_out_inferred__1/activation_data[18]_i_1_n_0
    SLICE_X89Y40         FDRE                                         r  activation_unit_instance/activation_data_reg[18]/D
  -------------------------------------------------------------------    -------------------

                         (clock s_axi_aclk rise edge)
                                                     10.000    10.000 r  
    U14                                               0.000    10.000 r  s_axi_aclk (IN)
                         net (fo=0)                   0.000    10.000    s_axi_aclk
    U14                  IBUF (Prop_ibuf_I_O)         0.940    10.940 r  s_axi_aclk_IBUF_inst/O
                         net (fo=1, routed)           2.006    12.946    s_axi_aclk_IBUF
    BUFGCTRL_X0Y16       BUFG (Prop_bufg_I_O)         0.091    13.037 r  s_axi_aclk_IBUF_BUFG_inst/O
                         net (fo=759, routed)         1.561    14.598    activation_unit_instance/s_axi_aclk_IBUF_BUFG
    SLICE_X89Y40         FDRE                                         r  activation_unit_instance/activation_data_reg[18]/C
                         clock pessimism              0.458    15.057    
                         clock uncertainty           -0.035    15.021    
    SLICE_X89Y40         FDRE (Setup_fdre_C_D)        0.031    15.052    activation_unit_instance/activation_data_reg[18]
  -------------------------------------------------------------------
                         required time                         15.052    
                         arrival time                         -14.578    
  -------------------------------------------------------------------
                         slack                                  0.475    

Slack (MET) :             0.510ns  (required time - arrival time)
  Source:                 dnn_scheduler_instance/activation_column_reg[1]_rep/C
                            (rising edge-triggered cell FDRE clocked by s_axi_aclk  {rise@0.000ns fall@5.000ns period=10.000ns})
  Destination:            activation_unit_instance/activation_data_reg[25]/D
                            (rising edge-triggered cell FDRE clocked by s_axi_aclk  {rise@0.000ns fall@5.000ns period=10.000ns})
  Path Group:             s_axi_aclk
  Path Type:              Setup (Max at Slow Process Corner)
  Requirement:            10.000ns  (s_axi_aclk rise@10.000ns - s_axi_aclk rise@0.000ns)
  Data Path Delay:        9.538ns  (logic 3.490ns (36.592%)  route 6.048ns (63.408%))
  Logic Levels:           12  (CARRY4=4 LUT2=1 LUT3=1 LUT4=1 LUT5=1 LUT6=3 MUXF7=1)
  Clock Path Skew:        -0.030ns (DCD - SCD + CPR)
    Destination Clock Delay (DCD):    4.657ns = ( 14.657 - 10.000 ) 
    Source Clock Delay      (SCD):    5.183ns
    Clock Pessimism Removal (CPR):    0.495ns
  Clock Uncertainty:      0.035ns  ((TSJ^2 + TIJ^2)^1/2 + DJ) / 2 + PE
    Total System Jitter     (TSJ):    0.071ns
    Total Input Jitter      (TIJ):    0.000ns
    Discrete Jitter          (DJ):    0.000ns
    Phase Error              (PE):    0.000ns

    Location             Delay type                Incr(ns)  Path(ns)    Netlist Resource(s)
  -------------------------------------------------------------------    -------------------
                         (clock s_axi_aclk rise edge)
                                                      0.000     0.000 r  
    U14                                               0.000     0.000 r  s_axi_aclk (IN)
                         net (fo=0)                   0.000     0.000    s_axi_aclk
    U14                  IBUF (Prop_ibuf_I_O)         1.075     1.075 r  s_axi_aclk_IBUF_inst/O
                         net (fo=1, routed)           2.205     3.280    s_axi_aclk_IBUF
    BUFGCTRL_X0Y16       BUFG (Prop_bufg_I_O)         0.101     3.381 r  s_axi_aclk_IBUF_BUFG_inst/O
                         net (fo=759, routed)         1.802     5.183    dnn_scheduler_instance/s_axi_aclk_IBUF_BUFG
    SLICE_X99Y43         FDRE                                         r  dnn_scheduler_instance/activation_column_reg[1]_rep/C
  -------------------------------------------------------------------    -------------------
    SLICE_X99Y43         FDRE (Prop_fdre_C_Q)         0.456     5.639 r  dnn_scheduler_instance/activation_column_reg[1]_rep/Q
                         net (fo=87, routed)          1.140     6.778    bias_sram_instance/activation_data[38]_i_76
    SLICE_X100Y40        LUT6 (Prop_lut6_I2_O)        0.124     6.902 r  bias_sram_instance/activation_data[38]_i_95/O
                         net (fo=1, routed)           0.287     7.189    dnn_scheduler_instance/activation_data[6]_i_47
    SLICE_X99Y40         LUT5 (Prop_lut5_I4_O)        0.124     7.313 r  dnn_scheduler_instance/activation_data[38]_i_78/O
                         net (fo=5, routed)           1.051     8.365    systolic_controller_instance/systolic_array_2d_instance/ARRAY_ROWS[4].ARRAY_COLUMNS[2].pe_systolic_cell_instance/mac_pe_instance/activation_data_reg[30]_i_13_4
    SLICE_X97Y32         LUT4 (Prop_lut4_I3_O)        0.124     8.489 r  systolic_controller_instance/systolic_array_2d_instance/ARRAY_ROWS[4].ARRAY_COLUMNS[2].pe_systolic_cell_instance/mac_pe_instance/activation_data[30]_i_47/O
                         net (fo=1, routed)           0.000     8.489    systolic_controller_instance/systolic_array_2d_instance/ARRAY_ROWS[4].ARRAY_COLUMNS[2].pe_systolic_cell_instance/mac_pe_instance/activation_data[30]_i_47_n_0
    SLICE_X97Y32         CARRY4 (Prop_carry4_S[0]_CO[3])
                                                      0.532     9.021 r  systolic_controller_instance/systolic_array_2d_instance/ARRAY_ROWS[4].ARRAY_COLUMNS[2].pe_systolic_cell_instance/mac_pe_instance/activation_data_reg[30]_i_13/CO[3]
                         net (fo=1, routed)           0.000     9.021    systolic_controller_instance/systolic_array_2d_instance/ARRAY_ROWS[4].ARRAY_COLUMNS[2].pe_systolic_cell_instance/mac_pe_instance/activation_data_reg[30]_i_13_n_0
    SLICE_X97Y33         CARRY4 (Prop_carry4_CI_O[1])
                                                      0.334     9.355 r  systolic_controller_instance/systolic_array_2d_instance/ARRAY_ROWS[4].ARRAY_COLUMNS[2].pe_systolic_cell_instance/mac_pe_instance/activation_data_reg[30]_i_4/O[1]
                         net (fo=4, routed)           0.918    10.273    activation_unit_instance/activation_data_reg[30]_i_5[1]
    SLICE_X97Y36         LUT2 (Prop_lut2_I0_O)        0.303    10.576 r  activation_unit_instance/activation_data[30]_i_37/O
                         net (fo=1, routed)           0.000    10.576    activation_unit_instance/activation_data[30]_i_37_n_0
    SLICE_X97Y36         CARRY4 (Prop_carry4_S[1]_CO[3])
                                                      0.550    11.126 r  activation_unit_instance/activation_data_reg[30]_i_8/CO[3]
                         net (fo=1, routed)           0.000    11.126    activation_unit_instance/activation_data_reg[30]_i_8_n_0
    SLICE_X97Y37         CARRY4 (Prop_carry4_CI_CO[1])
                                                      0.157    11.283 f  activation_unit_instance/activation_data_reg[30]_i_3/CO[1]
                         net (fo=16, routed)          0.942    12.226    systolic_controller_instance/systolic_array_2d_instance/ARRAY_ROWS[3].ARRAY_COLUMNS[3].pe_systolic_cell_instance/mac_pe_instance/activation_data_reg[28][0]
    SLICE_X96Y39         LUT3 (Prop_lut3_I1_O)        0.329    12.555 r  systolic_controller_instance/systolic_array_2d_instance/ARRAY_ROWS[3].ARRAY_COLUMNS[3].pe_systolic_cell_instance/mac_pe_instance/activation_data[29]_i_13/O
                         net (fo=21, routed)          1.070    13.624    activation_unit_instance/activation_data_reg[28]_8
    SLICE_X98Y38         LUT6 (Prop_lut6_I0_O)        0.124    13.748 r  activation_unit_instance/p_0_out_inferred__2/activation_data[25]_i_4/O
                         net (fo=1, routed)           0.639    14.387    activation_unit_instance/p_0_out_inferred__2/activation_data[25]_i_4_n_0
    SLICE_X98Y36         LUT6 (Prop_lut6_I0_O)        0.124    14.511 r  activation_unit_instance/p_0_out_inferred__2/activation_data[25]_i_2/O
                         net (fo=1, routed)           0.000    14.511    activation_unit_instance/p_0_out_inferred__2/activation_data[25]_i_2_n_0
    SLICE_X98Y36         MUXF7 (Prop_muxf7_I0_O)      0.209    14.720 r  activation_unit_instance/p_0_out_inferred__2/activation_data_reg[25]_i_1/O
                         net (fo=1, routed)           0.000    14.720    activation_unit_instance/p_0_out_inferred__2/activation_data_reg[25]_i_1_n_0
    SLICE_X98Y36         FDRE                                         r  activation_unit_instance/activation_data_reg[25]/D
  -------------------------------------------------------------------    -------------------

                         (clock s_axi_aclk rise edge)
                                                     10.000    10.000 r  
    U14                                               0.000    10.000 r  s_axi_aclk (IN)
                         net (fo=0)                   0.000    10.000    s_axi_aclk
    U14                  IBUF (Prop_ibuf_I_O)         0.940    10.940 r  s_axi_aclk_IBUF_inst/O
                         net (fo=1, routed)           2.006    12.946    s_axi_aclk_IBUF
    BUFGCTRL_X0Y16       BUFG (Prop_bufg_I_O)         0.091    13.037 r  s_axi_aclk_IBUF_BUFG_inst/O
                         net (fo=759, routed)         1.620    14.657    activation_unit_instance/s_axi_aclk_IBUF_BUFG
    SLICE_X98Y36         FDRE                                         r  activation_unit_instance/activation_data_reg[25]/C
                         clock pessimism              0.495    15.153    
                         clock uncertainty           -0.035    15.117    
    SLICE_X98Y36         FDRE (Setup_fdre_C_D)        0.113    15.230    activation_unit_instance/activation_data_reg[25]
  -------------------------------------------------------------------
                         required time                         15.230    
                         arrival time                         -14.720    
  -------------------------------------------------------------------
                         slack                                  0.510    

Slack (MET) :             0.582ns  (required time - arrival time)
  Source:                 dnn_scheduler_instance/activation_column_reg[1]_rep/C
                            (rising edge-triggered cell FDRE clocked by s_axi_aclk  {rise@0.000ns fall@5.000ns period=10.000ns})
  Destination:            activation_unit_instance/activation_data_reg[28]/D
                            (rising edge-triggered cell FDRE clocked by s_axi_aclk  {rise@0.000ns fall@5.000ns period=10.000ns})
  Path Group:             s_axi_aclk
  Path Type:              Setup (Max at Slow Process Corner)
  Requirement:            10.000ns  (s_axi_aclk rise@10.000ns - s_axi_aclk rise@0.000ns)
  Data Path Delay:        9.346ns  (logic 3.281ns (35.105%)  route 6.065ns (64.895%))
  Logic Levels:           11  (CARRY4=4 LUT2=1 LUT3=1 LUT4=1 LUT5=1 LUT6=3)
  Clock Path Skew:        -0.065ns (DCD - SCD + CPR)
    Destination Clock Delay (DCD):    4.659ns = ( 14.659 - 10.000 ) 
    Source Clock Delay      (SCD):    5.183ns
    Clock Pessimism Removal (CPR):    0.458ns
  Clock Uncertainty:      0.035ns  ((TSJ^2 + TIJ^2)^1/2 + DJ) / 2 + PE
    Total System Jitter     (TSJ):    0.071ns
    Total Input Jitter      (TIJ):    0.000ns
    Discrete Jitter          (DJ):    0.000ns
    Phase Error              (PE):    0.000ns

    Location             Delay type                Incr(ns)  Path(ns)    Netlist Resource(s)
  -------------------------------------------------------------------    -------------------
                         (clock s_axi_aclk rise edge)
                                                      0.000     0.000 r  
    U14                                               0.000     0.000 r  s_axi_aclk (IN)
                         net (fo=0)                   0.000     0.000    s_axi_aclk
    U14                  IBUF (Prop_ibuf_I_O)         1.075     1.075 r  s_axi_aclk_IBUF_inst/O
                         net (fo=1, routed)           2.205     3.280    s_axi_aclk_IBUF
    BUFGCTRL_X0Y16       BUFG (Prop_bufg_I_O)         0.101     3.381 r  s_axi_aclk_IBUF_BUFG_inst/O
                         net (fo=759, routed)         1.802     5.183    dnn_scheduler_instance/s_axi_aclk_IBUF_BUFG
    SLICE_X99Y43         FDRE                                         r  dnn_scheduler_instance/activation_column_reg[1]_rep/C
  -------------------------------------------------------------------    -------------------
    SLICE_X99Y43         FDRE (Prop_fdre_C_Q)         0.456     5.639 r  dnn_scheduler_instance/activation_column_reg[1]_rep/Q
                         net (fo=87, routed)          1.140     6.778    bias_sram_instance/activation_data[38]_i_76
    SLICE_X100Y40        LUT6 (Prop_lut6_I2_O)        0.124     6.902 r  bias_sram_instance/activation_data[38]_i_95/O
                         net (fo=1, routed)           0.287     7.189    dnn_scheduler_instance/activation_data[6]_i_47
    SLICE_X99Y40         LUT5 (Prop_lut5_I4_O)        0.124     7.313 r  dnn_scheduler_instance/activation_data[38]_i_78/O
                         net (fo=5, routed)           1.051     8.365    systolic_controller_instance/systolic_array_2d_instance/ARRAY_ROWS[4].ARRAY_COLUMNS[2].pe_systolic_cell_instance/mac_pe_instance/activation_data_reg[30]_i_13_4
    SLICE_X97Y32         LUT4 (Prop_lut4_I3_O)        0.124     8.489 r  systolic_controller_instance/systolic_array_2d_instance/ARRAY_ROWS[4].ARRAY_COLUMNS[2].pe_systolic_cell_instance/mac_pe_instance/activation_data[30]_i_47/O
                         net (fo=1, routed)           0.000     8.489    systolic_controller_instance/systolic_array_2d_instance/ARRAY_ROWS[4].ARRAY_COLUMNS[2].pe_systolic_cell_instance/mac_pe_instance/activation_data[30]_i_47_n_0
    SLICE_X97Y32         CARRY4 (Prop_carry4_S[0]_CO[3])
                                                      0.532     9.021 r  systolic_controller_instance/systolic_array_2d_instance/ARRAY_ROWS[4].ARRAY_COLUMNS[2].pe_systolic_cell_instance/mac_pe_instance/activation_data_reg[30]_i_13/CO[3]
                         net (fo=1, routed)           0.000     9.021    systolic_controller_instance/systolic_array_2d_instance/ARRAY_ROWS[4].ARRAY_COLUMNS[2].pe_systolic_cell_instance/mac_pe_instance/activation_data_reg[30]_i_13_n_0
    SLICE_X97Y33         CARRY4 (Prop_carry4_CI_O[1])
                                                      0.334     9.355 r  systolic_controller_instance/systolic_array_2d_instance/ARRAY_ROWS[4].ARRAY_COLUMNS[2].pe_systolic_cell_instance/mac_pe_instance/activation_data_reg[30]_i_4/O[1]
                         net (fo=4, routed)           0.918    10.273    activation_unit_instance/activation_data_reg[30]_i_5[1]
    SLICE_X97Y36         LUT2 (Prop_lut2_I0_O)        0.303    10.576 r  activation_unit_instance/activation_data[30]_i_37/O
                         net (fo=1, routed)           0.000    10.576    activation_unit_instance/activation_data[30]_i_37_n_0
    SLICE_X97Y36         CARRY4 (Prop_carry4_S[1]_CO[3])
                                                      0.550    11.126 r  activation_unit_instance/activation_data_reg[30]_i_8/CO[3]
                         net (fo=1, routed)           0.000    11.126    activation_unit_instance/activation_data_reg[30]_i_8_n_0
    SLICE_X97Y37         CARRY4 (Prop_carry4_CI_CO[1])
                                                      0.157    11.283 f  activation_unit_instance/activation_data_reg[30]_i_3/CO[1]
                         net (fo=16, routed)          0.942    12.226    systolic_controller_instance/systolic_array_2d_instance/ARRAY_ROWS[3].ARRAY_COLUMNS[3].pe_systolic_cell_instance/mac_pe_instance/activation_data_reg[28][0]
    SLICE_X96Y39         LUT3 (Prop_lut3_I1_O)        0.329    12.555 r  systolic_controller_instance/systolic_array_2d_instance/ARRAY_ROWS[3].ARRAY_COLUMNS[3].pe_systolic_cell_instance/mac_pe_instance/activation_data[29]_i_13/O
                         net (fo=21, routed)          1.129    13.683    activation_unit_instance/activation_data_reg[28]_8
    SLICE_X96Y39         LUT6 (Prop_lut6_I0_O)        0.124    13.807 r  activation_unit_instance/p_0_out_inferred__2/activation_data[28]_i_2/O
                         net (fo=1, routed)           0.597    14.405    activation_unit_instance/p_0_out_inferred__2/activation_data[28]_i_2_n_0
    SLICE_X95Y39         LUT6 (Prop_lut6_I0_O)        0.124    14.529 r  activation_unit_instance/p_0_out_inferred__2/activation_data[28]_i_1/O
                         net (fo=1, routed)           0.000    14.529    activation_unit_instance/p_0_out_inferred__2/activation_data[28]_i_1_n_0
    SLICE_X95Y39         FDRE                                         r  activation_unit_instance/activation_data_reg[28]/D
  -------------------------------------------------------------------    -------------------

                         (clock s_axi_aclk rise edge)
                                                     10.000    10.000 r  
    U14                                               0.000    10.000 r  s_axi_aclk (IN)
                         net (fo=0)                   0.000    10.000    s_axi_aclk
    U14                  IBUF (Prop_ibuf_I_O)         0.940    10.940 r  s_axi_aclk_IBUF_inst/O
                         net (fo=1, routed)           2.006    12.946    s_axi_aclk_IBUF
    BUFGCTRL_X0Y16       BUFG (Prop_bufg_I_O)         0.091    13.037 r  s_axi_aclk_IBUF_BUFG_inst/O
                         net (fo=759, routed)         1.622    14.659    activation_unit_instance/s_axi_aclk_IBUF_BUFG
    SLICE_X95Y39         FDRE                                         r  activation_unit_instance/activation_data_reg[28]/C
                         clock pessimism              0.458    15.118    
                         clock uncertainty           -0.035    15.082    
    SLICE_X95Y39         FDRE (Setup_fdre_C_D)        0.029    15.111    activation_unit_instance/activation_data_reg[28]
  -------------------------------------------------------------------
                         required time                         15.111    
                         arrival time                         -14.529    
  -------------------------------------------------------------------
                         slack                                  0.582    

Slack (MET) :             0.586ns  (required time - arrival time)
  Source:                 dnn_scheduler_instance/activation_column_reg[1]_rep/C
                            (rising edge-triggered cell FDRE clocked by s_axi_aclk  {rise@0.000ns fall@5.000ns period=10.000ns})
  Destination:            activation_unit_instance/activation_data_reg[16]/D
                            (rising edge-triggered cell FDRE clocked by s_axi_aclk  {rise@0.000ns fall@5.000ns period=10.000ns})
  Path Group:             s_axi_aclk
  Path Type:              Setup (Max at Slow Process Corner)
  Requirement:            10.000ns  (s_axi_aclk rise@10.000ns - s_axi_aclk rise@0.000ns)
  Data Path Delay:        9.318ns  (logic 3.509ns (37.660%)  route 5.809ns (62.340%))
  Logic Levels:           13  (CARRY4=5 LUT2=1 LUT3=1 LUT4=1 LUT5=1 LUT6=3 MUXF7=1)
  Clock Path Skew:        -0.125ns (DCD - SCD + CPR)
    Destination Clock Delay (DCD):    4.599ns = ( 14.599 - 10.000 ) 
    Source Clock Delay      (SCD):    5.183ns
    Clock Pessimism Removal (CPR):    0.458ns
  Clock Uncertainty:      0.035ns  ((TSJ^2 + TIJ^2)^1/2 + DJ) / 2 + PE
    Total System Jitter     (TSJ):    0.071ns
    Total Input Jitter      (TIJ):    0.000ns
    Discrete Jitter          (DJ):    0.000ns
    Phase Error              (PE):    0.000ns

    Location             Delay type                Incr(ns)  Path(ns)    Netlist Resource(s)
  -------------------------------------------------------------------    -------------------
                         (clock s_axi_aclk rise edge)
                                                      0.000     0.000 r  
    U14                                               0.000     0.000 r  s_axi_aclk (IN)
                         net (fo=0)                   0.000     0.000    s_axi_aclk
    U14                  IBUF (Prop_ibuf_I_O)         1.075     1.075 r  s_axi_aclk_IBUF_inst/O
                         net (fo=1, routed)           2.205     3.280    s_axi_aclk_IBUF
    BUFGCTRL_X0Y16       BUFG (Prop_bufg_I_O)         0.101     3.381 r  s_axi_aclk_IBUF_BUFG_inst/O
                         net (fo=759, routed)         1.802     5.183    dnn_scheduler_instance/s_axi_aclk_IBUF_BUFG
    SLICE_X99Y43         FDRE                                         r  dnn_scheduler_instance/activation_column_reg[1]_rep/C
  -------------------------------------------------------------------    -------------------
    SLICE_X99Y43         FDRE (Prop_fdre_C_Q)         0.456     5.639 r  dnn_scheduler_instance/activation_column_reg[1]_rep/Q
                         net (fo=87, routed)          1.140     6.778    bias_sram_instance/activation_data[38]_i_76
    SLICE_X100Y40        LUT6 (Prop_lut6_I2_O)        0.124     6.902 r  bias_sram_instance/activation_data[38]_i_95/O
                         net (fo=1, routed)           0.287     7.189    dnn_scheduler_instance/activation_data[6]_i_47
    SLICE_X99Y40         LUT5 (Prop_lut5_I4_O)        0.124     7.313 r  dnn_scheduler_instance/activation_data[38]_i_78/O
                         net (fo=5, routed)           0.923     8.236    systolic_controller_instance/systolic_array_2d_instance/ARRAY_ROWS[3].ARRAY_COLUMNS[2].pe_systolic_cell_instance/mac_pe_instance/activation_data_reg[22]_i_13_4
    SLICE_X93Y41         LUT4 (Prop_lut4_I3_O)        0.124     8.360 r  systolic_controller_instance/systolic_array_2d_instance/ARRAY_ROWS[3].ARRAY_COLUMNS[2].pe_systolic_cell_instance/mac_pe_instance/activation_data[22]_i_47/O
                         net (fo=1, routed)           0.000     8.360    systolic_controller_instance/systolic_array_2d_instance/ARRAY_ROWS[3].ARRAY_COLUMNS[2].pe_systolic_cell_instance/mac_pe_instance/activation_data[22]_i_47_n_0
    SLICE_X93Y41         CARRY4 (Prop_carry4_S[0]_CO[3])
                                                      0.532     8.892 r  systolic_controller_instance/systolic_array_2d_instance/ARRAY_ROWS[3].ARRAY_COLUMNS[2].pe_systolic_cell_instance/mac_pe_instance/activation_data_reg[22]_i_13/CO[3]
                         net (fo=1, routed)           0.000     8.892    systolic_controller_instance/systolic_array_2d_instance/ARRAY_ROWS[3].ARRAY_COLUMNS[2].pe_systolic_cell_instance/mac_pe_instance/activation_data_reg[22]_i_13_n_0
    SLICE_X93Y42         CARRY4 (Prop_carry4_CI_CO[3])
                                                      0.114     9.006 r  systolic_controller_instance/systolic_array_2d_instance/ARRAY_ROWS[3].ARRAY_COLUMNS[2].pe_systolic_cell_instance/mac_pe_instance/activation_data_reg[22]_i_4/CO[3]
                         net (fo=1, routed)           0.000     9.006    systolic_controller_instance/systolic_array_2d_instance/ARRAY_ROWS[3].ARRAY_COLUMNS[2].pe_systolic_cell_instance/mac_pe_instance/activation_data_reg[22]_i_4_n_0
    SLICE_X93Y43         CARRY4 (Prop_carry4_CI_CO[3])
                                                      0.114     9.120 r  systolic_controller_instance/systolic_array_2d_instance/ARRAY_ROWS[3].ARRAY_COLUMNS[2].pe_systolic_cell_instance/mac_pe_instance/activation_data_reg[22]_i_39/CO[3]
                         net (fo=1, routed)           0.000     9.120    systolic_controller_instance/systolic_array_2d_instance/ARRAY_ROWS[3].ARRAY_COLUMNS[2].pe_systolic_cell_instance/mac_pe_instance/activation_data_reg[22]_i_39_n_0
    SLICE_X93Y44         CARRY4 (Prop_carry4_CI_O[1])
                                                      0.334     9.454 r  systolic_controller_instance/systolic_array_2d_instance/ARRAY_ROWS[3].ARRAY_COLUMNS[2].pe_systolic_cell_instance/mac_pe_instance/activation_data_reg[22]_i_30/O[1]
                         net (fo=4, routed)           0.831    10.285    activation_unit_instance/activation_data_reg[22]_i_3_0[1]
    SLICE_X92Y43         LUT2 (Prop_lut2_I0_O)        0.303    10.588 r  activation_unit_instance/activation_data[22]_i_11/O
                         net (fo=1, routed)           0.000    10.588    activation_unit_instance/activation_data[22]_i_11_n_0
    SLICE_X92Y43         CARRY4 (Prop_carry4_S[1]_CO[1])
                                                      0.492    11.080 f  activation_unit_instance/activation_data_reg[22]_i_3/CO[1]
                         net (fo=16, routed)          0.803    11.883    systolic_controller_instance/systolic_array_2d_instance/ARRAY_ROWS[2].ARRAY_COLUMNS[3].pe_systolic_cell_instance/mac_pe_instance/activation_data_reg[20][0]
    SLICE_X90Y41         LUT3 (Prop_lut3_I1_O)        0.332    12.215 r  systolic_controller_instance/systolic_array_2d_instance/ARRAY_ROWS[2].ARRAY_COLUMNS[3].pe_systolic_cell_instance/mac_pe_instance/activation_data[21]_i_13/O
                         net (fo=21, routed)          1.338    13.552    activation_unit_instance/activation_data_reg[20]_8
    SLICE_X88Y41         LUT6 (Prop_lut6_I0_O)        0.124    13.676 r  activation_unit_instance/p_0_out_inferred__1/activation_data[16]_i_5/O
                         net (fo=1, routed)           0.488    14.164    activation_unit_instance/p_0_out_inferred__1/activation_data[16]_i_5_n_0
    SLICE_X88Y41         LUT6 (Prop_lut6_I2_O)        0.124    14.288 r  activation_unit_instance/p_0_out_inferred__1/activation_data[16]_i_2/O
                         net (fo=1, routed)           0.000    14.288    activation_unit_instance/p_0_out_inferred__1/activation_data[16]_i_2_n_0
    SLICE_X88Y41         MUXF7 (Prop_muxf7_I0_O)      0.212    14.500 r  activation_unit_instance/p_0_out_inferred__1/activation_data_reg[16]_i_1/O
                         net (fo=1, routed)           0.000    14.500    activation_unit_instance/p_0_out_inferred__1/activation_data_reg[16]_i_1_n_0
    SLICE_X88Y41         FDRE                                         r  activation_unit_instance/activation_data_reg[16]/D
  -------------------------------------------------------------------    -------------------

                         (clock s_axi_aclk rise edge)
                                                     10.000    10.000 r  
    U14                                               0.000    10.000 r  s_axi_aclk (IN)
                         net (fo=0)                   0.000    10.000    s_axi_aclk
    U14                  IBUF (Prop_ibuf_I_O)         0.940    10.940 r  s_axi_aclk_IBUF_inst/O
                         net (fo=1, routed)           2.006    12.946    s_axi_aclk_IBUF
    BUFGCTRL_X0Y16       BUFG (Prop_bufg_I_O)         0.091    13.037 r  s_axi_aclk_IBUF_BUFG_inst/O
                         net (fo=759, routed)         1.562    14.599    activation_unit_instance/s_axi_aclk_IBUF_BUFG
    SLICE_X88Y41         FDRE                                         r  activation_unit_instance/activation_data_reg[16]/C
                         clock pessimism              0.458    15.058    
                         clock uncertainty           -0.035    15.022    
    SLICE_X88Y41         FDRE (Setup_fdre_C_D)        0.064    15.086    activation_unit_instance/activation_data_reg[16]
  -------------------------------------------------------------------
                         required time                         15.086    
                         arrival time                         -14.500    
  -------------------------------------------------------------------
                         slack                                  0.586    





Min Delay Paths
--------------------------------------------------------------------------------------
Slack (MET) :             0.027ns  (arrival time - required time)
  Source:                 dnn_scheduler_instance/clear_batch_reg/C
                            (rising edge-triggered cell FDRE clocked by s_axi_aclk  {rise@0.000ns fall@5.000ns period=10.000ns})
  Destination:            maxFinder_instance/results_ready_reg/D
                            (rising edge-triggered cell FDRE clocked by s_axi_aclk  {rise@0.000ns fall@5.000ns period=10.000ns})
  Path Group:             s_axi_aclk
  Path Type:              Hold (Min at Fast Process Corner)
  Requirement:            0.000ns  (s_axi_aclk rise@0.000ns - s_axi_aclk rise@0.000ns)
  Data Path Delay:        0.412ns  (logic 0.209ns (50.735%)  route 0.203ns (49.265%))
  Logic Levels:           1  (LUT6=1)
  Clock Path Skew:        0.264ns (DCD - SCD - CPR)
    Destination Clock Delay (DCD):    2.129ns
    Source Clock Delay      (SCD):    1.615ns
    Clock Pessimism Removal (CPR):    0.250ns

    Location             Delay type                Incr(ns)  Path(ns)    Netlist Resource(s)
  -------------------------------------------------------------------    -------------------
                         (clock s_axi_aclk rise edge)
                                                      0.000     0.000 r  
    U14                                               0.000     0.000 r  s_axi_aclk (IN)
                         net (fo=0)                   0.000     0.000    s_axi_aclk
    U14                  IBUF (Prop_ibuf_I_O)         0.302     0.302 r  s_axi_aclk_IBUF_inst/O
                         net (fo=1, routed)           0.674     0.976    s_axi_aclk_IBUF
    BUFGCTRL_X0Y16       BUFG (Prop_bufg_I_O)         0.026     1.002 r  s_axi_aclk_IBUF_BUFG_inst/O
                         net (fo=759, routed)         0.613     1.615    dnn_scheduler_instance/s_axi_aclk_IBUF_BUFG
    SLICE_X90Y49         FDRE                                         r  dnn_scheduler_instance/clear_batch_reg/C
  -------------------------------------------------------------------    -------------------
    SLICE_X90Y49         FDRE (Prop_fdre_C_Q)         0.164     1.779 f  dnn_scheduler_instance/clear_batch_reg/Q
                         net (fo=5, routed)           0.203     1.982    dnn_scheduler_instance/clear_batch
    SLICE_X90Y50         LUT6 (Prop_lut6_I5_O)        0.045     2.027 r  dnn_scheduler_instance/results_ready_i_1/O
                         net (fo=1, routed)           0.000     2.027    maxFinder_instance/results_ready_reg_1
    SLICE_X90Y50         FDRE                                         r  maxFinder_instance/results_ready_reg/D
  -------------------------------------------------------------------    -------------------

                         (clock s_axi_aclk rise edge)
                                                      0.000     0.000 r  
    U14                                               0.000     0.000 r  s_axi_aclk (IN)
                         net (fo=0)                   0.000     0.000    s_axi_aclk
    U14                  IBUF (Prop_ibuf_I_O)         0.492     0.492 r  s_axi_aclk_IBUF_inst/O
                         net (fo=1, routed)           0.731     1.223    s_axi_aclk_IBUF
    BUFGCTRL_X0Y16       BUFG (Prop_bufg_I_O)         0.029     1.252 r  s_axi_aclk_IBUF_BUFG_inst/O
                         net (fo=759, routed)         0.877     2.129    maxFinder_instance/s_axi_aclk_IBUF_BUFG
    SLICE_X90Y50         FDRE                                         r  maxFinder_instance/results_ready_reg/C
                         clock pessimism             -0.250     1.879    
    SLICE_X90Y50         FDRE (Hold_fdre_C_D)         0.121     2.000    maxFinder_instance/results_ready_reg
  -------------------------------------------------------------------
                         required time                         -2.000    
                         arrival time                           2.027    
  -------------------------------------------------------------------
                         slack                                  0.027    

Slack (MET) :             0.058ns  (arrival time - required time)
  Source:                 systolic_controller_instance/systolic_array_2d_instance/ARRAY_ROWS[1].ARRAY_COLUMNS[2].pe_systolic_cell_instance/b_register_reg[4]/C
                            (rising edge-triggered cell FDCE clocked by s_axi_aclk  {rise@0.000ns fall@5.000ns period=10.000ns})
  Destination:            systolic_controller_instance/systolic_array_2d_instance/ARRAY_ROWS[2].ARRAY_COLUMNS[2].pe_systolic_cell_instance/b_register_reg[4]/D
                            (rising edge-triggered cell FDCE clocked by s_axi_aclk  {rise@0.000ns fall@5.000ns period=10.000ns})
  Path Group:             s_axi_aclk
  Path Type:              Hold (Min at Fast Process Corner)
  Requirement:            0.000ns  (s_axi_aclk rise@0.000ns - s_axi_aclk rise@0.000ns)
  Data Path Delay:        0.405ns  (logic 0.164ns (40.542%)  route 0.241ns (59.458%))
  Logic Levels:           0  
  Clock Path Skew:        0.276ns (DCD - SCD - CPR)
    Destination Clock Delay (DCD):    2.136ns
    Source Clock Delay      (SCD):    1.610ns
    Clock Pessimism Removal (CPR):    0.250ns

    Location             Delay type                Incr(ns)  Path(ns)    Netlist Resource(s)
  -------------------------------------------------------------------    -------------------
                         (clock s_axi_aclk rise edge)
                                                      0.000     0.000 r  
    U14                                               0.000     0.000 r  s_axi_aclk (IN)
                         net (fo=0)                   0.000     0.000    s_axi_aclk
    U14                  IBUF (Prop_ibuf_I_O)         0.302     0.302 r  s_axi_aclk_IBUF_inst/O
                         net (fo=1, routed)           0.674     0.976    s_axi_aclk_IBUF
    BUFGCTRL_X0Y16       BUFG (Prop_bufg_I_O)         0.026     1.002 r  s_axi_aclk_IBUF_BUFG_inst/O
                         net (fo=759, routed)         0.608     1.610    systolic_controller_instance/systolic_array_2d_instance/ARRAY_ROWS[1].ARRAY_COLUMNS[2].pe_systolic_cell_instance/s_axi_aclk_IBUF_BUFG
    SLICE_X96Y52         FDCE                                         r  systolic_controller_instance/systolic_array_2d_instance/ARRAY_ROWS[1].ARRAY_COLUMNS[2].pe_systolic_cell_instance/b_register_reg[4]/C
  -------------------------------------------------------------------    -------------------
    SLICE_X96Y52         FDCE (Prop_fdce_C_Q)         0.164     1.774 r  systolic_controller_instance/systolic_array_2d_instance/ARRAY_ROWS[1].ARRAY_COLUMNS[2].pe_systolic_cell_instance/b_register_reg[4]/Q
                         net (fo=2, routed)           0.241     2.015    systolic_controller_instance/systolic_array_2d_instance/ARRAY_ROWS[2].ARRAY_COLUMNS[2].pe_systolic_cell_instance/b_register_reg[7]_1[4]
    SLICE_X99Y48         FDCE                                         r  systolic_controller_instance/systolic_array_2d_instance/ARRAY_ROWS[2].ARRAY_COLUMNS[2].pe_systolic_cell_instance/b_register_reg[4]/D
  -------------------------------------------------------------------    -------------------

                         (clock s_axi_aclk rise edge)
                                                      0.000     0.000 r  
    U14                                               0.000     0.000 r  s_axi_aclk (IN)
                         net (fo=0)                   0.000     0.000    s_axi_aclk
    U14                  IBUF (Prop_ibuf_I_O)         0.492     0.492 r  s_axi_aclk_IBUF_inst/O
                         net (fo=1, routed)           0.731     1.223    s_axi_aclk_IBUF
    BUFGCTRL_X0Y16       BUFG (Prop_bufg_I_O)         0.029     1.252 r  s_axi_aclk_IBUF_BUFG_inst/O
                         net (fo=759, routed)         0.884     2.136    systolic_controller_instance/systolic_array_2d_instance/ARRAY_ROWS[2].ARRAY_COLUMNS[2].pe_systolic_cell_instance/s_axi_aclk_IBUF_BUFG
    SLICE_X99Y48         FDCE                                         r  systolic_controller_instance/systolic_array_2d_instance/ARRAY_ROWS[2].ARRAY_COLUMNS[2].pe_systolic_cell_instance/b_register_reg[4]/C
                         clock pessimism             -0.250     1.886    
    SLICE_X99Y48         FDCE (Hold_fdce_C_D)         0.070     1.956    systolic_controller_instance/systolic_array_2d_instance/ARRAY_ROWS[2].ARRAY_COLUMNS[2].pe_systolic_cell_instance/b_register_reg[4]
  -------------------------------------------------------------------
                         required time                         -1.956    
                         arrival time                           2.015    
  -------------------------------------------------------------------
                         slack                                  0.058    

Slack (MET) :             0.063ns  (arrival time - required time)
  Source:                 systolic_controller_instance/systolic_array_2d_instance/ARRAY_ROWS[1].ARRAY_COLUMNS[2].pe_systolic_cell_instance/a_register_reg[6]/C
                            (rising edge-triggered cell FDCE clocked by s_axi_aclk  {rise@0.000ns fall@5.000ns period=10.000ns})
  Destination:            systolic_controller_instance/systolic_array_2d_instance/ARRAY_ROWS[1].ARRAY_COLUMNS[3].pe_systolic_cell_instance/a_register_reg[6]/D
                            (rising edge-triggered cell FDCE clocked by s_axi_aclk  {rise@0.000ns fall@5.000ns period=10.000ns})
  Path Group:             s_axi_aclk
  Path Type:              Hold (Min at Fast Process Corner)
  Requirement:            0.000ns  (s_axi_aclk rise@0.000ns - s_axi_aclk rise@0.000ns)
  Data Path Delay:        0.403ns  (logic 0.141ns (35.019%)  route 0.262ns (64.981%))
  Logic Levels:           0  
  Clock Path Skew:        0.276ns (DCD - SCD - CPR)
    Destination Clock Delay (DCD):    2.137ns
    Source Clock Delay      (SCD):    1.611ns
    Clock Pessimism Removal (CPR):    0.250ns

    Location             Delay type                Incr(ns)  Path(ns)    Netlist Resource(s)
  -------------------------------------------------------------------    -------------------
                         (clock s_axi_aclk rise edge)
                                                      0.000     0.000 r  
    U14                                               0.000     0.000 r  s_axi_aclk (IN)
                         net (fo=0)                   0.000     0.000    s_axi_aclk
    U14                  IBUF (Prop_ibuf_I_O)         0.302     0.302 r  s_axi_aclk_IBUF_inst/O
                         net (fo=1, routed)           0.674     0.976    s_axi_aclk_IBUF
    BUFGCTRL_X0Y16       BUFG (Prop_bufg_I_O)         0.026     1.002 r  s_axi_aclk_IBUF_BUFG_inst/O
                         net (fo=759, routed)         0.609     1.611    systolic_controller_instance/systolic_array_2d_instance/ARRAY_ROWS[1].ARRAY_COLUMNS[2].pe_systolic_cell_instance/s_axi_aclk_IBUF_BUFG
    SLICE_X101Y51        FDCE                                         r  systolic_controller_instance/systolic_array_2d_instance/ARRAY_ROWS[1].ARRAY_COLUMNS[2].pe_systolic_cell_instance/a_register_reg[6]/C
  -------------------------------------------------------------------    -------------------
    SLICE_X101Y51        FDCE (Prop_fdce_C_Q)         0.141     1.752 r  systolic_controller_instance/systolic_array_2d_instance/ARRAY_ROWS[1].ARRAY_COLUMNS[2].pe_systolic_cell_instance/a_register_reg[6]/Q
                         net (fo=2, routed)           0.262     2.014    systolic_controller_instance/systolic_array_2d_instance/ARRAY_ROWS[1].ARRAY_COLUMNS[3].pe_systolic_cell_instance/D[6]
    SLICE_X102Y47        FDCE                                         r  systolic_controller_instance/systolic_array_2d_instance/ARRAY_ROWS[1].ARRAY_COLUMNS[3].pe_systolic_cell_instance/a_register_reg[6]/D
  -------------------------------------------------------------------    -------------------

                         (clock s_axi_aclk rise edge)
                                                      0.000     0.000 r  
    U14                                               0.000     0.000 r  s_axi_aclk (IN)
                         net (fo=0)                   0.000     0.000    s_axi_aclk
    U14                  IBUF (Prop_ibuf_I_O)         0.492     0.492 r  s_axi_aclk_IBUF_inst/O
                         net (fo=1, routed)           0.731     1.223    s_axi_aclk_IBUF
    BUFGCTRL_X0Y16       BUFG (Prop_bufg_I_O)         0.029     1.252 r  s_axi_aclk_IBUF_BUFG_inst/O
                         net (fo=759, routed)         0.885     2.137    systolic_controller_instance/systolic_array_2d_instance/ARRAY_ROWS[1].ARRAY_COLUMNS[3].pe_systolic_cell_instance/s_axi_aclk_IBUF_BUFG
    SLICE_X102Y47        FDCE                                         r  systolic_controller_instance/systolic_array_2d_instance/ARRAY_ROWS[1].ARRAY_COLUMNS[3].pe_systolic_cell_instance/a_register_reg[6]/C
                         clock pessimism             -0.250     1.887    
    SLICE_X102Y47        FDCE (Hold_fdce_C_D)         0.063     1.950    systolic_controller_instance/systolic_array_2d_instance/ARRAY_ROWS[1].ARRAY_COLUMNS[3].pe_systolic_cell_instance/a_register_reg[6]
  -------------------------------------------------------------------
                         required time                         -1.950    
                         arrival time                           2.014    
  -------------------------------------------------------------------
                         slack                                  0.063    

Slack (MET) :             0.068ns  (arrival time - required time)
  Source:                 systolic_controller_instance/systolic_array_2d_instance/ARRAY_ROWS[1].ARRAY_COLUMNS[2].pe_systolic_cell_instance/a_register_reg[7]/C
                            (rising edge-triggered cell FDCE clocked by s_axi_aclk  {rise@0.000ns fall@5.000ns period=10.000ns})
  Destination:            systolic_controller_instance/systolic_array_2d_instance/ARRAY_ROWS[1].ARRAY_COLUMNS[3].pe_systolic_cell_instance/a_register_reg[7]/D
                            (rising edge-triggered cell FDCE clocked by s_axi_aclk  {rise@0.000ns fall@5.000ns period=10.000ns})
  Path Group:             s_axi_aclk
  Path Type:              Hold (Min at Fast Process Corner)
  Requirement:            0.000ns  (s_axi_aclk rise@0.000ns - s_axi_aclk rise@0.000ns)
  Data Path Delay:        0.407ns  (logic 0.141ns (34.625%)  route 0.266ns (65.375%))
  Logic Levels:           0  
  Clock Path Skew:        0.276ns (DCD - SCD - CPR)
    Destination Clock Delay (DCD):    2.137ns
    Source Clock Delay      (SCD):    1.611ns
    Clock Pessimism Removal (CPR):    0.250ns

    Location             Delay type                Incr(ns)  Path(ns)    Netlist Resource(s)
  -------------------------------------------------------------------    -------------------
                         (clock s_axi_aclk rise edge)
                                                      0.000     0.000 r  
    U14                                               0.000     0.000 r  s_axi_aclk (IN)
                         net (fo=0)                   0.000     0.000    s_axi_aclk
    U14                  IBUF (Prop_ibuf_I_O)         0.302     0.302 r  s_axi_aclk_IBUF_inst/O
                         net (fo=1, routed)           0.674     0.976    s_axi_aclk_IBUF
    BUFGCTRL_X0Y16       BUFG (Prop_bufg_I_O)         0.026     1.002 r  s_axi_aclk_IBUF_BUFG_inst/O
                         net (fo=759, routed)         0.609     1.611    systolic_controller_instance/systolic_array_2d_instance/ARRAY_ROWS[1].ARRAY_COLUMNS[2].pe_systolic_cell_instance/s_axi_aclk_IBUF_BUFG
    SLICE_X101Y51        FDCE                                         r  systolic_controller_instance/systolic_array_2d_instance/ARRAY_ROWS[1].ARRAY_COLUMNS[2].pe_systolic_cell_instance/a_register_reg[7]/C
  -------------------------------------------------------------------    -------------------
    SLICE_X101Y51        FDCE (Prop_fdce_C_Q)         0.141     1.752 r  systolic_controller_instance/systolic_array_2d_instance/ARRAY_ROWS[1].ARRAY_COLUMNS[2].pe_systolic_cell_instance/a_register_reg[7]/Q
                         net (fo=24, routed)          0.266     2.018    systolic_controller_instance/systolic_array_2d_instance/ARRAY_ROWS[1].ARRAY_COLUMNS[3].pe_systolic_cell_instance/D[7]
    SLICE_X102Y47        FDCE                                         r  systolic_controller_instance/systolic_array_2d_instance/ARRAY_ROWS[1].ARRAY_COLUMNS[3].pe_systolic_cell_instance/a_register_reg[7]/D
  -------------------------------------------------------------------    -------------------

                         (clock s_axi_aclk rise edge)
                                                      0.000     0.000 r  
    U14                                               0.000     0.000 r  s_axi_aclk (IN)
                         net (fo=0)                   0.000     0.000    s_axi_aclk
    U14                  IBUF (Prop_ibuf_I_O)         0.492     0.492 r  s_axi_aclk_IBUF_inst/O
                         net (fo=1, routed)           0.731     1.223    s_axi_aclk_IBUF
    BUFGCTRL_X0Y16       BUFG (Prop_bufg_I_O)         0.029     1.252 r  s_axi_aclk_IBUF_BUFG_inst/O
                         net (fo=759, routed)         0.885     2.137    systolic_controller_instance/systolic_array_2d_instance/ARRAY_ROWS[1].ARRAY_COLUMNS[3].pe_systolic_cell_instance/s_axi_aclk_IBUF_BUFG
    SLICE_X102Y47        FDCE                                         r  systolic_controller_instance/systolic_array_2d_instance/ARRAY_ROWS[1].ARRAY_COLUMNS[3].pe_systolic_cell_instance/a_register_reg[7]/C
                         clock pessimism             -0.250     1.887    
    SLICE_X102Y47        FDCE (Hold_fdce_C_D)         0.063     1.950    systolic_controller_instance/systolic_array_2d_instance/ARRAY_ROWS[1].ARRAY_COLUMNS[3].pe_systolic_cell_instance/a_register_reg[7]
  -------------------------------------------------------------------
                         required time                         -1.950    
                         arrival time                           2.018    
  -------------------------------------------------------------------
                         slack                                  0.068    

Slack (MET) :             0.072ns  (arrival time - required time)
  Source:                 systolic_controller_instance/systolic_array_2d_instance/ARRAY_ROWS[1].ARRAY_COLUMNS[0].pe_systolic_cell_instance/b_register_reg[2]/C
                            (rising edge-triggered cell FDCE clocked by s_axi_aclk  {rise@0.000ns fall@5.000ns period=10.000ns})
  Destination:            systolic_controller_instance/systolic_array_2d_instance/ARRAY_ROWS[2].ARRAY_COLUMNS[0].pe_systolic_cell_instance/b_register_reg[2]/D
                            (rising edge-triggered cell FDCE clocked by s_axi_aclk  {rise@0.000ns fall@5.000ns period=10.000ns})
  Path Group:             s_axi_aclk
  Path Type:              Hold (Min at Fast Process Corner)
  Requirement:            0.000ns  (s_axi_aclk rise@0.000ns - s_axi_aclk rise@0.000ns)
  Data Path Delay:        0.418ns  (logic 0.164ns (39.237%)  route 0.254ns (60.763%))
  Logic Levels:           0  
  Clock Path Skew:        0.276ns (DCD - SCD - CPR)
    Destination Clock Delay (DCD):    2.136ns
    Source Clock Delay      (SCD):    1.610ns
    Clock Pessimism Removal (CPR):    0.250ns

    Location             Delay type                Incr(ns)  Path(ns)    Netlist Resource(s)
  -------------------------------------------------------------------    -------------------
                         (clock s_axi_aclk rise edge)
                                                      0.000     0.000 r  
    U14                                               0.000     0.000 r  s_axi_aclk (IN)
                         net (fo=0)                   0.000     0.000    s_axi_aclk
    U14                  IBUF (Prop_ibuf_I_O)         0.302     0.302 r  s_axi_aclk_IBUF_inst/O
                         net (fo=1, routed)           0.674     0.976    s_axi_aclk_IBUF
    BUFGCTRL_X0Y16       BUFG (Prop_bufg_I_O)         0.026     1.002 r  s_axi_aclk_IBUF_BUFG_inst/O
                         net (fo=759, routed)         0.608     1.610    systolic_controller_instance/systolic_array_2d_instance/ARRAY_ROWS[1].ARRAY_COLUMNS[0].pe_systolic_cell_instance/s_axi_aclk_IBUF_BUFG
    SLICE_X98Y53         FDCE                                         r  systolic_controller_instance/systolic_array_2d_instance/ARRAY_ROWS[1].ARRAY_COLUMNS[0].pe_systolic_cell_instance/b_register_reg[2]/C
  -------------------------------------------------------------------    -------------------
    SLICE_X98Y53         FDCE (Prop_fdce_C_Q)         0.164     1.774 r  systolic_controller_instance/systolic_array_2d_instance/ARRAY_ROWS[1].ARRAY_COLUMNS[0].pe_systolic_cell_instance/b_register_reg[2]/Q
                         net (fo=2, routed)           0.254     2.028    systolic_controller_instance/systolic_array_2d_instance/ARRAY_ROWS[2].ARRAY_COLUMNS[0].pe_systolic_cell_instance/D[2]
    SLICE_X99Y49         FDCE                                         r  systolic_controller_instance/systolic_array_2d_instance/ARRAY_ROWS[2].ARRAY_COLUMNS[0].pe_systolic_cell_instance/b_register_reg[2]/D
  -------------------------------------------------------------------    -------------------

                         (clock s_axi_aclk rise edge)
                                                      0.000     0.000 r  
    U14                                               0.000     0.000 r  s_axi_aclk (IN)
                         net (fo=0)                   0.000     0.000    s_axi_aclk
    U14                  IBUF (Prop_ibuf_I_O)         0.492     0.492 r  s_axi_aclk_IBUF_inst/O
                         net (fo=1, routed)           0.731     1.223    s_axi_aclk_IBUF
    BUFGCTRL_X0Y16       BUFG (Prop_bufg_I_O)         0.029     1.252 r  s_axi_aclk_IBUF_BUFG_inst/O
                         net (fo=759, routed)         0.884     2.136    systolic_controller_instance/systolic_array_2d_instance/ARRAY_ROWS[2].ARRAY_COLUMNS[0].pe_systolic_cell_instance/s_axi_aclk_IBUF_BUFG
    SLICE_X99Y49         FDCE                                         r  systolic_controller_instance/systolic_array_2d_instance/ARRAY_ROWS[2].ARRAY_COLUMNS[0].pe_systolic_cell_instance/b_register_reg[2]/C
                         clock pessimism             -0.250     1.886    
    SLICE_X99Y49         FDCE (Hold_fdce_C_D)         0.070     1.956    systolic_controller_instance/systolic_array_2d_instance/ARRAY_ROWS[2].ARRAY_COLUMNS[0].pe_systolic_cell_instance/b_register_reg[2]
  -------------------------------------------------------------------
                         required time                         -1.956    
                         arrival time                           2.028    
  -------------------------------------------------------------------
                         slack                                  0.072    

Slack (MET) :             0.073ns  (arrival time - required time)
  Source:                 systolic_controller_instance/systolic_array_2d_instance/ARRAY_ROWS[1].ARRAY_COLUMNS[2].pe_systolic_cell_instance/a_register_reg[4]/C
                            (rising edge-triggered cell FDCE clocked by s_axi_aclk  {rise@0.000ns fall@5.000ns period=10.000ns})
  Destination:            systolic_controller_instance/systolic_array_2d_instance/ARRAY_ROWS[1].ARRAY_COLUMNS[3].pe_systolic_cell_instance/a_register_reg[4]/D
                            (rising edge-triggered cell FDCE clocked by s_axi_aclk  {rise@0.000ns fall@5.000ns period=10.000ns})
  Path Group:             s_axi_aclk
  Path Type:              Hold (Min at Fast Process Corner)
  Requirement:            0.000ns  (s_axi_aclk rise@0.000ns - s_axi_aclk rise@0.000ns)
  Data Path Delay:        0.408ns  (logic 0.141ns (34.557%)  route 0.267ns (65.443%))
  Logic Levels:           0  
  Clock Path Skew:        0.276ns (DCD - SCD - CPR)
    Destination Clock Delay (DCD):    2.137ns
    Source Clock Delay      (SCD):    1.611ns
    Clock Pessimism Removal (CPR):    0.250ns

    Location             Delay type                Incr(ns)  Path(ns)    Netlist Resource(s)
  -------------------------------------------------------------------    -------------------
                         (clock s_axi_aclk rise edge)
                                                      0.000     0.000 r  
    U14                                               0.000     0.000 r  s_axi_aclk (IN)
                         net (fo=0)                   0.000     0.000    s_axi_aclk
    U14                  IBUF (Prop_ibuf_I_O)         0.302     0.302 r  s_axi_aclk_IBUF_inst/O
                         net (fo=1, routed)           0.674     0.976    s_axi_aclk_IBUF
    BUFGCTRL_X0Y16       BUFG (Prop_bufg_I_O)         0.026     1.002 r  s_axi_aclk_IBUF_BUFG_inst/O
                         net (fo=759, routed)         0.609     1.611    systolic_controller_instance/systolic_array_2d_instance/ARRAY_ROWS[1].ARRAY_COLUMNS[2].pe_systolic_cell_instance/s_axi_aclk_IBUF_BUFG
    SLICE_X101Y51        FDCE                                         r  systolic_controller_instance/systolic_array_2d_instance/ARRAY_ROWS[1].ARRAY_COLUMNS[2].pe_systolic_cell_instance/a_register_reg[4]/C
  -------------------------------------------------------------------    -------------------
    SLICE_X101Y51        FDCE (Prop_fdce_C_Q)         0.141     1.752 r  systolic_controller_instance/systolic_array_2d_instance/ARRAY_ROWS[1].ARRAY_COLUMNS[2].pe_systolic_cell_instance/a_register_reg[4]/Q
                         net (fo=2, routed)           0.267     2.019    systolic_controller_instance/systolic_array_2d_instance/ARRAY_ROWS[1].ARRAY_COLUMNS[3].pe_systolic_cell_instance/D[4]
    SLICE_X102Y47        FDCE                                         r  systolic_controller_instance/systolic_array_2d_instance/ARRAY_ROWS[1].ARRAY_COLUMNS[3].pe_systolic_cell_instance/a_register_reg[4]/D
  -------------------------------------------------------------------    -------------------

                         (clock s_axi_aclk rise edge)
                                                      0.000     0.000 r  
    U14                                               0.000     0.000 r  s_axi_aclk (IN)
                         net (fo=0)                   0.000     0.000    s_axi_aclk
    U14                  IBUF (Prop_ibuf_I_O)         0.492     0.492 r  s_axi_aclk_IBUF_inst/O
                         net (fo=1, routed)           0.731     1.223    s_axi_aclk_IBUF
    BUFGCTRL_X0Y16       BUFG (Prop_bufg_I_O)         0.029     1.252 r  s_axi_aclk_IBUF_BUFG_inst/O
                         net (fo=759, routed)         0.885     2.137    systolic_controller_instance/systolic_array_2d_instance/ARRAY_ROWS[1].ARRAY_COLUMNS[3].pe_systolic_cell_instance/s_axi_aclk_IBUF_BUFG
    SLICE_X102Y47        FDCE                                         r  systolic_controller_instance/systolic_array_2d_instance/ARRAY_ROWS[1].ARRAY_COLUMNS[3].pe_systolic_cell_instance/a_register_reg[4]/C
                         clock pessimism             -0.250     1.887    
    SLICE_X102Y47        FDCE (Hold_fdce_C_D)         0.059     1.946    systolic_controller_instance/systolic_array_2d_instance/ARRAY_ROWS[1].ARRAY_COLUMNS[3].pe_systolic_cell_instance/a_register_reg[4]
  -------------------------------------------------------------------
                         required time                         -1.946    
                         arrival time                           2.019    
  -------------------------------------------------------------------
                         slack                                  0.073    

Slack (MET) :             0.098ns  (arrival time - required time)
  Source:                 dnn_scheduler_instance/FSM_onehot_scheduler_state_reg[10]/C
                            (rising edge-triggered cell FDRE clocked by s_axi_aclk  {rise@0.000ns fall@5.000ns period=10.000ns})
  Destination:            dnn_scheduler_instance/intr_reg/D
                            (rising edge-triggered cell FDRE clocked by s_axi_aclk  {rise@0.000ns fall@5.000ns period=10.000ns})
  Path Group:             s_axi_aclk
  Path Type:              Hold (Min at Fast Process Corner)
  Requirement:            0.000ns  (s_axi_aclk rise@0.000ns - s_axi_aclk rise@0.000ns)
  Data Path Delay:        0.481ns  (logic 0.186ns (38.669%)  route 0.295ns (61.331%))
  Logic Levels:           1  (LUT2=1)
  Clock Path Skew:        0.263ns (DCD - SCD - CPR)
    Destination Clock Delay (DCD):    2.128ns
    Source Clock Delay      (SCD):    1.615ns
    Clock Pessimism Removal (CPR):    0.250ns

    Location             Delay type                Incr(ns)  Path(ns)    Netlist Resource(s)
  -------------------------------------------------------------------    -------------------
                         (clock s_axi_aclk rise edge)
                                                      0.000     0.000 r  
    U14                                               0.000     0.000 r  s_axi_aclk (IN)
                         net (fo=0)                   0.000     0.000    s_axi_aclk
    U14                  IBUF (Prop_ibuf_I_O)         0.302     0.302 r  s_axi_aclk_IBUF_inst/O
                         net (fo=1, routed)           0.674     0.976    s_axi_aclk_IBUF
    BUFGCTRL_X0Y16       BUFG (Prop_bufg_I_O)         0.026     1.002 r  s_axi_aclk_IBUF_BUFG_inst/O
                         net (fo=759, routed)         0.613     1.615    dnn_scheduler_instance/s_axi_aclk_IBUF_BUFG
    SLICE_X91Y49         FDRE                                         r  dnn_scheduler_instance/FSM_onehot_scheduler_state_reg[10]/C
  -------------------------------------------------------------------    -------------------
    SLICE_X91Y49         FDRE (Prop_fdre_C_Q)         0.141     1.756 r  dnn_scheduler_instance/FSM_onehot_scheduler_state_reg[10]/Q
                         net (fo=3, routed)           0.295     2.051    maxFinder_instance/intr_reg[0]
    SLICE_X92Y56         LUT2 (Prop_lut2_I1_O)        0.045     2.096 r  maxFinder_instance/intr_i_1/O
                         net (fo=1, routed)           0.000     2.096    dnn_scheduler_instance/intr_reg_0
    SLICE_X92Y56         FDRE                                         r  dnn_scheduler_instance/intr_reg/D
  -------------------------------------------------------------------    -------------------

                         (clock s_axi_aclk rise edge)
                                                      0.000     0.000 r  
    U14                                               0.000     0.000 r  s_axi_aclk (IN)
                         net (fo=0)                   0.000     0.000    s_axi_aclk
    U14                  IBUF (Prop_ibuf_I_O)         0.492     0.492 r  s_axi_aclk_IBUF_inst/O
                         net (fo=1, routed)           0.731     1.223    s_axi_aclk_IBUF
    BUFGCTRL_X0Y16       BUFG (Prop_bufg_I_O)         0.029     1.252 r  s_axi_aclk_IBUF_BUFG_inst/O
                         net (fo=759, routed)         0.876     2.128    dnn_scheduler_instance/s_axi_aclk_IBUF_BUFG
    SLICE_X92Y56         FDRE                                         r  dnn_scheduler_instance/intr_reg/C
                         clock pessimism             -0.250     1.878    
    SLICE_X92Y56         FDRE (Hold_fdre_C_D)         0.120     1.998    dnn_scheduler_instance/intr_reg
  -------------------------------------------------------------------
                         required time                         -1.998    
                         arrival time                           2.096    
  -------------------------------------------------------------------
                         slack                                  0.098    

Slack (MET) :             0.101ns  (arrival time - required time)
  Source:                 systolic_controller_instance/systolic_array_2d_instance/ARRAY_ROWS[1].ARRAY_COLUMNS[2].pe_systolic_cell_instance/a_register_reg[5]/C
                            (rising edge-triggered cell FDCE clocked by s_axi_aclk  {rise@0.000ns fall@5.000ns period=10.000ns})
  Destination:            systolic_controller_instance/systolic_array_2d_instance/ARRAY_ROWS[1].ARRAY_COLUMNS[3].pe_systolic_cell_instance/a_register_reg[5]/D
                            (rising edge-triggered cell FDCE clocked by s_axi_aclk  {rise@0.000ns fall@5.000ns period=10.000ns})
  Path Group:             s_axi_aclk
  Path Type:              Hold (Min at Fast Process Corner)
  Requirement:            0.000ns  (s_axi_aclk rise@0.000ns - s_axi_aclk rise@0.000ns)
  Data Path Delay:        0.429ns  (logic 0.141ns (32.832%)  route 0.288ns (67.168%))
  Logic Levels:           0  
  Clock Path Skew:        0.276ns (DCD - SCD - CPR)
    Destination Clock Delay (DCD):    2.137ns
    Source Clock Delay      (SCD):    1.611ns
    Clock Pessimism Removal (CPR):    0.250ns

    Location             Delay type                Incr(ns)  Path(ns)    Netlist Resource(s)
  -------------------------------------------------------------------    -------------------
                         (clock s_axi_aclk rise edge)
                                                      0.000     0.000 r  
    U14                                               0.000     0.000 r  s_axi_aclk (IN)
                         net (fo=0)                   0.000     0.000    s_axi_aclk
    U14                  IBUF (Prop_ibuf_I_O)         0.302     0.302 r  s_axi_aclk_IBUF_inst/O
                         net (fo=1, routed)           0.674     0.976    s_axi_aclk_IBUF
    BUFGCTRL_X0Y16       BUFG (Prop_bufg_I_O)         0.026     1.002 r  s_axi_aclk_IBUF_BUFG_inst/O
                         net (fo=759, routed)         0.609     1.611    systolic_controller_instance/systolic_array_2d_instance/ARRAY_ROWS[1].ARRAY_COLUMNS[2].pe_systolic_cell_instance/s_axi_aclk_IBUF_BUFG
    SLICE_X101Y51        FDCE                                         r  systolic_controller_instance/systolic_array_2d_instance/ARRAY_ROWS[1].ARRAY_COLUMNS[2].pe_systolic_cell_instance/a_register_reg[5]/C
  -------------------------------------------------------------------    -------------------
    SLICE_X101Y51        FDCE (Prop_fdce_C_Q)         0.141     1.752 r  systolic_controller_instance/systolic_array_2d_instance/ARRAY_ROWS[1].ARRAY_COLUMNS[2].pe_systolic_cell_instance/a_register_reg[5]/Q
                         net (fo=2, routed)           0.288     2.041    systolic_controller_instance/systolic_array_2d_instance/ARRAY_ROWS[1].ARRAY_COLUMNS[3].pe_systolic_cell_instance/D[5]
    SLICE_X102Y47        FDCE                                         r  systolic_controller_instance/systolic_array_2d_instance/ARRAY_ROWS[1].ARRAY_COLUMNS[3].pe_systolic_cell_instance/a_register_reg[5]/D
  -------------------------------------------------------------------    -------------------

                         (clock s_axi_aclk rise edge)
                                                      0.000     0.000 r  
    U14                                               0.000     0.000 r  s_axi_aclk (IN)
                         net (fo=0)                   0.000     0.000    s_axi_aclk
    U14                  IBUF (Prop_ibuf_I_O)         0.492     0.492 r  s_axi_aclk_IBUF_inst/O
                         net (fo=1, routed)           0.731     1.223    s_axi_aclk_IBUF
    BUFGCTRL_X0Y16       BUFG (Prop_bufg_I_O)         0.029     1.252 r  s_axi_aclk_IBUF_BUFG_inst/O
                         net (fo=759, routed)         0.885     2.137    systolic_controller_instance/systolic_array_2d_instance/ARRAY_ROWS[1].ARRAY_COLUMNS[3].pe_systolic_cell_instance/s_axi_aclk_IBUF_BUFG
    SLICE_X102Y47        FDCE                                         r  systolic_controller_instance/systolic_array_2d_instance/ARRAY_ROWS[1].ARRAY_COLUMNS[3].pe_systolic_cell_instance/a_register_reg[5]/C
                         clock pessimism             -0.250     1.887    
    SLICE_X102Y47        FDCE (Hold_fdce_C_D)         0.052     1.939    systolic_controller_instance/systolic_array_2d_instance/ARRAY_ROWS[1].ARRAY_COLUMNS[3].pe_systolic_cell_instance/a_register_reg[5]
  -------------------------------------------------------------------
                         required time                         -1.939    
                         arrival time                           2.041    
  -------------------------------------------------------------------
                         slack                                  0.101    

Slack (MET) :             0.108ns  (arrival time - required time)
  Source:                 systolic_controller_instance/systolic_array_2d_instance/ARRAY_ROWS[1].ARRAY_COLUMNS[2].pe_systolic_cell_instance/b_register_reg[1]/C
                            (rising edge-triggered cell FDCE clocked by s_axi_aclk  {rise@0.000ns fall@5.000ns period=10.000ns})
  Destination:            systolic_controller_instance/systolic_array_2d_instance/ARRAY_ROWS[2].ARRAY_COLUMNS[2].pe_systolic_cell_instance/b_register_reg[1]/D
                            (rising edge-triggered cell FDCE clocked by s_axi_aclk  {rise@0.000ns fall@5.000ns period=10.000ns})
  Path Group:             s_axi_aclk
  Path Type:              Hold (Min at Fast Process Corner)
  Requirement:            0.000ns  (s_axi_aclk rise@0.000ns - s_axi_aclk rise@0.000ns)
  Data Path Delay:        0.437ns  (logic 0.141ns (32.288%)  route 0.296ns (67.712%))
  Logic Levels:           0  
  Clock Path Skew:        0.276ns (DCD - SCD - CPR)
    Destination Clock Delay (DCD):    2.136ns
    Source Clock Delay      (SCD):    1.610ns
    Clock Pessimism Removal (CPR):    0.250ns

    Location             Delay type                Incr(ns)  Path(ns)    Netlist Resource(s)
  -------------------------------------------------------------------    -------------------
                         (clock s_axi_aclk rise edge)
                                                      0.000     0.000 r  
    U14                                               0.000     0.000 r  s_axi_aclk (IN)
                         net (fo=0)                   0.000     0.000    s_axi_aclk
    U14                  IBUF (Prop_ibuf_I_O)         0.302     0.302 r  s_axi_aclk_IBUF_inst/O
                         net (fo=1, routed)           0.674     0.976    s_axi_aclk_IBUF
    BUFGCTRL_X0Y16       BUFG (Prop_bufg_I_O)         0.026     1.002 r  s_axi_aclk_IBUF_BUFG_inst/O
                         net (fo=759, routed)         0.608     1.610    systolic_controller_instance/systolic_array_2d_instance/ARRAY_ROWS[1].ARRAY_COLUMNS[2].pe_systolic_cell_instance/s_axi_aclk_IBUF_BUFG
    SLICE_X97Y52         FDCE                                         r  systolic_controller_instance/systolic_array_2d_instance/ARRAY_ROWS[1].ARRAY_COLUMNS[2].pe_systolic_cell_instance/b_register_reg[1]/C
  -------------------------------------------------------------------    -------------------
    SLICE_X97Y52         FDCE (Prop_fdce_C_Q)         0.141     1.751 r  systolic_controller_instance/systolic_array_2d_instance/ARRAY_ROWS[1].ARRAY_COLUMNS[2].pe_systolic_cell_instance/b_register_reg[1]/Q
                         net (fo=2, routed)           0.296     2.047    systolic_controller_instance/systolic_array_2d_instance/ARRAY_ROWS[2].ARRAY_COLUMNS[2].pe_systolic_cell_instance/b_register_reg[7]_1[1]
    SLICE_X98Y48         FDCE                                         r  systolic_controller_instance/systolic_array_2d_instance/ARRAY_ROWS[2].ARRAY_COLUMNS[2].pe_systolic_cell_instance/b_register_reg[1]/D
  -------------------------------------------------------------------    -------------------

                         (clock s_axi_aclk rise edge)
                                                      0.000     0.000 r  
    U14                                               0.000     0.000 r  s_axi_aclk (IN)
                         net (fo=0)                   0.000     0.000    s_axi_aclk
    U14                  IBUF (Prop_ibuf_I_O)         0.492     0.492 r  s_axi_aclk_IBUF_inst/O
                         net (fo=1, routed)           0.731     1.223    s_axi_aclk_IBUF
    BUFGCTRL_X0Y16       BUFG (Prop_bufg_I_O)         0.029     1.252 r  s_axi_aclk_IBUF_BUFG_inst/O
                         net (fo=759, routed)         0.884     2.136    systolic_controller_instance/systolic_array_2d_instance/ARRAY_ROWS[2].ARRAY_COLUMNS[2].pe_systolic_cell_instance/s_axi_aclk_IBUF_BUFG
    SLICE_X98Y48         FDCE                                         r  systolic_controller_instance/systolic_array_2d_instance/ARRAY_ROWS[2].ARRAY_COLUMNS[2].pe_systolic_cell_instance/b_register_reg[1]/C
                         clock pessimism             -0.250     1.886    
    SLICE_X98Y48         FDCE (Hold_fdce_C_D)         0.052     1.938    systolic_controller_instance/systolic_array_2d_instance/ARRAY_ROWS[2].ARRAY_COLUMNS[2].pe_systolic_cell_instance/b_register_reg[1]
  -------------------------------------------------------------------
                         required time                         -1.938    
                         arrival time                           2.047    
  -------------------------------------------------------------------
                         slack                                  0.108    

Slack (MET) :             0.129ns  (arrival time - required time)
  Source:                 axi_lite_wrapper_instance/results_consumed_reg/C
                            (rising edge-triggered cell FDRE clocked by s_axi_aclk  {rise@0.000ns fall@5.000ns period=10.000ns})
  Destination:            dnn_scheduler_instance/clear_batch_reg/D
                            (rising edge-triggered cell FDRE clocked by s_axi_aclk  {rise@0.000ns fall@5.000ns period=10.000ns})
  Path Group:             s_axi_aclk
  Path Type:              Hold (Min at Fast Process Corner)
  Requirement:            0.000ns  (s_axi_aclk rise@0.000ns - s_axi_aclk rise@0.000ns)
  Data Path Delay:        0.457ns  (logic 0.186ns (40.664%)  route 0.271ns (59.336%))
  Logic Levels:           1  (LUT2=1)
  Clock Path Skew:        0.276ns (DCD - SCD - CPR)
    Destination Clock Delay (DCD):    2.134ns
    Source Clock Delay      (SCD):    1.608ns
    Clock Pessimism Removal (CPR):    0.250ns

    Location             Delay type                Incr(ns)  Path(ns)    Netlist Resource(s)
  -------------------------------------------------------------------    -------------------
                         (clock s_axi_aclk rise edge)
                                                      0.000     0.000 r  
    U14                                               0.000     0.000 r  s_axi_aclk (IN)
                         net (fo=0)                   0.000     0.000    s_axi_aclk
    U14                  IBUF (Prop_ibuf_I_O)         0.302     0.302 r  s_axi_aclk_IBUF_inst/O
                         net (fo=1, routed)           0.674     0.976    s_axi_aclk_IBUF
    BUFGCTRL_X0Y16       BUFG (Prop_bufg_I_O)         0.026     1.002 r  s_axi_aclk_IBUF_BUFG_inst/O
                         net (fo=759, routed)         0.606     1.608    axi_lite_wrapper_instance/s_axi_aclk_IBUF_BUFG
    SLICE_X91Y53         FDRE                                         r  axi_lite_wrapper_instance/results_consumed_reg/C
  -------------------------------------------------------------------    -------------------
    SLICE_X91Y53         FDRE (Prop_fdre_C_Q)         0.141     1.749 r  axi_lite_wrapper_instance/results_consumed_reg/Q
                         net (fo=1, routed)           0.205     1.954    axi_lite_wrapper_instance/results_consumed
    SLICE_X91Y49         LUT2 (Prop_lut2_I0_O)        0.045     1.999 r  axi_lite_wrapper_instance/clear_batch_i_1/O
                         net (fo=2, routed)           0.067     2.065    dnn_scheduler_instance/clear_batch_reg_0
    SLICE_X90Y49         FDRE                                         r  dnn_scheduler_instance/clear_batch_reg/D
  -------------------------------------------------------------------    -------------------

                         (clock s_axi_aclk rise edge)
                                                      0.000     0.000 r  
    U14                                               0.000     0.000 r  s_axi_aclk (IN)
                         net (fo=0)                   0.000     0.000    s_axi_aclk
    U14                  IBUF (Prop_ibuf_I_O)         0.492     0.492 r  s_axi_aclk_IBUF_inst/O
                         net (fo=1, routed)           0.731     1.223    s_axi_aclk_IBUF
    BUFGCTRL_X0Y16       BUFG (Prop_bufg_I_O)         0.029     1.252 r  s_axi_aclk_IBUF_BUFG_inst/O
                         net (fo=759, routed)         0.882     2.134    dnn_scheduler_instance/s_axi_aclk_IBUF_BUFG
    SLICE_X90Y49         FDRE                                         r  dnn_scheduler_instance/clear_batch_reg/C
                         clock pessimism             -0.250     1.884    
    SLICE_X90Y49         FDRE (Hold_fdre_C_D)         0.052     1.936    dnn_scheduler_instance/clear_batch_reg
  -------------------------------------------------------------------
                         required time                         -1.936    
                         arrival time                           2.065    
  -------------------------------------------------------------------
                         slack                                  0.129    

Slack (MET) :             0.130ns  (arrival time - required time)
  Source:                 systolic_controller_instance/systolic_array_2d_instance/ARRAY_ROWS[1].ARRAY_COLUMNS[1].pe_systolic_cell_instance/b_register_reg[7]/C
                            (rising edge-triggered cell FDCE clocked by s_axi_aclk  {rise@0.000ns fall@5.000ns period=10.000ns})
  Destination:            systolic_controller_instance/systolic_array_2d_instance/ARRAY_ROWS[2].ARRAY_COLUMNS[1].pe_systolic_cell_instance/b_register_reg[7]/D
                            (rising edge-triggered cell FDCE clocked by s_axi_aclk  {rise@0.000ns fall@5.000ns period=10.000ns})
  Path Group:             s_axi_aclk
  Path Type:              Hold (Min at Fast Process Corner)
  Requirement:            0.000ns  (s_axi_aclk rise@0.000ns - s_axi_aclk rise@0.000ns)
  Data Path Delay:        0.471ns  (logic 0.164ns (34.847%)  route 0.307ns (65.153%))
  Logic Levels:           0  
  Clock Path Skew:        0.276ns (DCD - SCD - CPR)
    Destination Clock Delay (DCD):    2.136ns
    Source Clock Delay      (SCD):    1.610ns
    Clock Pessimism Removal (CPR):    0.250ns

    Location             Delay type                Incr(ns)  Path(ns)    Netlist Resource(s)
  -------------------------------------------------------------------    -------------------
                         (clock s_axi_aclk rise edge)
                                                      0.000     0.000 r  
    U14                                               0.000     0.000 r  s_axi_aclk (IN)
                         net (fo=0)                   0.000     0.000    s_axi_aclk
    U14                  IBUF (Prop_ibuf_I_O)         0.302     0.302 r  s_axi_aclk_IBUF_inst/O
                         net (fo=1, routed)           0.674     0.976    s_axi_aclk_IBUF
    BUFGCTRL_X0Y16       BUFG (Prop_bufg_I_O)         0.026     1.002 r  s_axi_aclk_IBUF_BUFG_inst/O
                         net (fo=759, routed)         0.608     1.610    systolic_controller_instance/systolic_array_2d_instance/ARRAY_ROWS[1].ARRAY_COLUMNS[1].pe_systolic_cell_instance/s_axi_aclk_IBUF_BUFG
    SLICE_X94Y52         FDCE                                         r  systolic_controller_instance/systolic_array_2d_instance/ARRAY_ROWS[1].ARRAY_COLUMNS[1].pe_systolic_cell_instance/b_register_reg[7]/C
  -------------------------------------------------------------------    -------------------
    SLICE_X94Y52         FDCE (Prop_fdce_C_Q)         0.164     1.774 r  systolic_controller_instance/systolic_array_2d_instance/ARRAY_ROWS[1].ARRAY_COLUMNS[1].pe_systolic_cell_instance/b_register_reg[7]/Q
                         net (fo=13, routed)          0.307     2.081    systolic_controller_instance/systolic_array_2d_instance/ARRAY_ROWS[2].ARRAY_COLUMNS[1].pe_systolic_cell_instance/b_register_reg[7]_1[6]
    SLICE_X100Y48        FDCE                                         r  systolic_controller_instance/systolic_array_2d_instance/ARRAY_ROWS[2].ARRAY_COLUMNS[1].pe_systolic_cell_instance/b_register_reg[7]/D
  -------------------------------------------------------------------    -------------------

                         (clock s_axi_aclk rise edge)
                                                      0.000     0.000 r  
    U14                                               0.000     0.000 r  s_axi_aclk (IN)
                         net (fo=0)                   0.000     0.000    s_axi_aclk
    U14                  IBUF (Prop_ibuf_I_O)         0.492     0.492 r  s_axi_aclk_IBUF_inst/O
                         net (fo=1, routed)           0.731     1.223    s_axi_aclk_IBUF
    BUFGCTRL_X0Y16       BUFG (Prop_bufg_I_O)         0.029     1.252 r  s_axi_aclk_IBUF_BUFG_inst/O
                         net (fo=759, routed)         0.884     2.136    systolic_controller_instance/systolic_array_2d_instance/ARRAY_ROWS[2].ARRAY_COLUMNS[1].pe_systolic_cell_instance/s_axi_aclk_IBUF_BUFG
    SLICE_X100Y48        FDCE                                         r  systolic_controller_instance/systolic_array_2d_instance/ARRAY_ROWS[2].ARRAY_COLUMNS[1].pe_systolic_cell_instance/b_register_reg[7]/C
                         clock pessimism             -0.250     1.886    
    SLICE_X100Y48        FDCE (Hold_fdce_C_D)         0.064     1.950    systolic_controller_instance/systolic_array_2d_instance/ARRAY_ROWS[2].ARRAY_COLUMNS[1].pe_systolic_cell_instance/b_register_reg[7]
  -------------------------------------------------------------------
                         required time                         -1.950    
                         arrival time                           2.081    
  -------------------------------------------------------------------
                         slack                                  0.130    

Slack (MET) :             0.152ns  (arrival time - required time)
  Source:                 weight_sram_instance/read_valid_reg[1]/C
                            (rising edge-triggered cell FDRE clocked by s_axi_aclk  {rise@0.000ns fall@5.000ns period=10.000ns})
  Destination:            systolic_controller_instance/systolic_array_2d_instance/ARRAY_ROWS[0].ARRAY_COLUMNS[1].pe_systolic_cell_instance/b_valid_register_reg/D
                            (rising edge-triggered cell FDCE clocked by s_axi_aclk  {rise@0.000ns fall@5.000ns period=10.000ns})
  Path Group:             s_axi_aclk
  Path Type:              Hold (Min at Fast Process Corner)
  Requirement:            0.000ns  (s_axi_aclk rise@0.000ns - s_axi_aclk rise@0.000ns)
  Data Path Delay:        0.310ns  (logic 0.186ns (59.926%)  route 0.124ns (40.074%))
  Logic Levels:           1  (LUT3=1)
  Clock Path Skew:        0.037ns (DCD - SCD - CPR)
    Destination Clock Delay (DCD):    2.129ns
    Source Clock Delay      (SCD):    1.608ns
    Clock Pessimism Removal (CPR):    0.484ns

    Location             Delay type                Incr(ns)  Path(ns)    Netlist Resource(s)
  -------------------------------------------------------------------    -------------------
                         (clock s_axi_aclk rise edge)
                                                      0.000     0.000 r  
    U14                                               0.000     0.000 r  s_axi_aclk (IN)
                         net (fo=0)                   0.000     0.000    s_axi_aclk
    U14                  IBUF (Prop_ibuf_I_O)         0.302     0.302 r  s_axi_aclk_IBUF_inst/O
                         net (fo=1, routed)           0.674     0.976    s_axi_aclk_IBUF
    BUFGCTRL_X0Y16       BUFG (Prop_bufg_I_O)         0.026     1.002 r  s_axi_aclk_IBUF_BUFG_inst/O
                         net (fo=759, routed)         0.606     1.608    weight_sram_instance/s_axi_aclk_IBUF_BUFG
    SLICE_X91Y53         FDRE                                         r  weight_sram_instance/read_valid_reg[1]/C
  -------------------------------------------------------------------    -------------------
    SLICE_X91Y53         FDRE (Prop_fdre_C_Q)         0.141     1.749 r  weight_sram_instance/read_valid_reg[1]/Q
                         net (fo=2, routed)           0.124     1.873    systolic_controller_instance/systolic_array_2d_instance/ARRAY_ROWS[0].ARRAY_COLUMNS[1].pe_systolic_cell_instance/b_register_reg[0]_1[0]
    SLICE_X92Y52         LUT3 (Prop_lut3_I2_O)        0.045     1.918 r  systolic_controller_instance/systolic_array_2d_instance/ARRAY_ROWS[0].ARRAY_COLUMNS[1].pe_systolic_cell_instance/b_valid_register_i_1__22/O
                         net (fo=1, routed)           0.000     1.918    systolic_controller_instance/systolic_array_2d_instance/ARRAY_ROWS[0].ARRAY_COLUMNS[1].pe_systolic_cell_instance/b_valid_register_i_1__22_n_0
    SLICE_X92Y52         FDCE                                         r  systolic_controller_instance/systolic_array_2d_instance/ARRAY_ROWS[0].ARRAY_COLUMNS[1].pe_systolic_cell_instance/b_valid_register_reg/D
  -------------------------------------------------------------------    -------------------

                         (clock s_axi_aclk rise edge)
                                                      0.000     0.000 r  
    U14                                               0.000     0.000 r  s_axi_aclk (IN)
                         net (fo=0)                   0.000     0.000    s_axi_aclk
    U14                  IBUF (Prop_ibuf_I_O)         0.492     0.492 r  s_axi_aclk_IBUF_inst/O
                         net (fo=1, routed)           0.731     1.223    s_axi_aclk_IBUF
    BUFGCTRL_X0Y16       BUFG (Prop_bufg_I_O)         0.029     1.252 r  s_axi_aclk_IBUF_BUFG_inst/O
                         net (fo=759, routed)         0.877     2.129    systolic_controller_instance/systolic_array_2d_instance/ARRAY_ROWS[0].ARRAY_COLUMNS[1].pe_systolic_cell_instance/s_axi_aclk_IBUF_BUFG
    SLICE_X92Y52         FDCE                                         r  systolic_controller_instance/systolic_array_2d_instance/ARRAY_ROWS[0].ARRAY_COLUMNS[1].pe_systolic_cell_instance/b_valid_register_reg/C
                         clock pessimism             -0.484     1.645    
    SLICE_X92Y52         FDCE (Hold_fdce_C_D)         0.121     1.766    systolic_controller_instance/systolic_array_2d_instance/ARRAY_ROWS[0].ARRAY_COLUMNS[1].pe_systolic_cell_instance/b_valid_register_reg
  -------------------------------------------------------------------
                         required time                         -1.766    
                         arrival time                           1.918    
  -------------------------------------------------------------------
                         slack                                  0.152    

Slack (MET) :             0.154ns  (arrival time - required time)
  Source:                 systolic_controller_instance/systolic_array_2d_instance/ARRAY_ROWS[1].ARRAY_COLUMNS[1].pe_systolic_cell_instance/b_register_reg[0]/C
                            (rising edge-triggered cell FDCE clocked by s_axi_aclk  {rise@0.000ns fall@5.000ns period=10.000ns})
  Destination:            systolic_controller_instance/systolic_array_2d_instance/ARRAY_ROWS[2].ARRAY_COLUMNS[1].pe_systolic_cell_instance/b_register_reg[0]/D
                            (rising edge-triggered cell FDCE clocked by s_axi_aclk  {rise@0.000ns fall@5.000ns period=10.000ns})
  Path Group:             s_axi_aclk
  Path Type:              Hold (Min at Fast Process Corner)
  Requirement:            0.000ns  (s_axi_aclk rise@0.000ns - s_axi_aclk rise@0.000ns)
  Data Path Delay:        0.506ns  (logic 0.141ns (27.839%)  route 0.365ns (72.161%))
  Logic Levels:           0  
  Clock Path Skew:        0.277ns (DCD - SCD - CPR)
    Destination Clock Delay (DCD):    2.136ns
    Source Clock Delay      (SCD):    1.609ns
    Clock Pessimism Removal (CPR):    0.250ns

    Location             Delay type                Incr(ns)  Path(ns)    Netlist Resource(s)
  -------------------------------------------------------------------    -------------------
                         (clock s_axi_aclk rise edge)
                                                      0.000     0.000 r  
    U14                                               0.000     0.000 r  s_axi_aclk (IN)
                         net (fo=0)                   0.000     0.000    s_axi_aclk
    U14                  IBUF (Prop_ibuf_I_O)         0.302     0.302 r  s_axi_aclk_IBUF_inst/O
                         net (fo=1, routed)           0.674     0.976    s_axi_aclk_IBUF
    BUFGCTRL_X0Y16       BUFG (Prop_bufg_I_O)         0.026     1.002 r  s_axi_aclk_IBUF_BUFG_inst/O
                         net (fo=759, routed)         0.607     1.609    systolic_controller_instance/systolic_array_2d_instance/ARRAY_ROWS[1].ARRAY_COLUMNS[1].pe_systolic_cell_instance/s_axi_aclk_IBUF_BUFG
    SLICE_X93Y51         FDCE                                         r  systolic_controller_instance/systolic_array_2d_instance/ARRAY_ROWS[1].ARRAY_COLUMNS[1].pe_systolic_cell_instance/b_register_reg[0]/C
  -------------------------------------------------------------------    -------------------
    SLICE_X93Y51         FDCE (Prop_fdce_C_Q)         0.141     1.750 r  systolic_controller_instance/systolic_array_2d_instance/ARRAY_ROWS[1].ARRAY_COLUMNS[1].pe_systolic_cell_instance/b_register_reg[0]/Q
                         net (fo=2, routed)           0.365     2.116    systolic_controller_instance/systolic_array_2d_instance/ARRAY_ROWS[2].ARRAY_COLUMNS[1].pe_systolic_cell_instance/b_register_reg[7]_1[0]
    SLICE_X100Y48        FDCE                                         r  systolic_controller_instance/systolic_array_2d_instance/ARRAY_ROWS[2].ARRAY_COLUMNS[1].pe_systolic_cell_instance/b_register_reg[0]/D
  -------------------------------------------------------------------    -------------------

                         (clock s_axi_aclk rise edge)
                                                      0.000     0.000 r  
    U14                                               0.000     0.000 r  s_axi_aclk (IN)
                         net (fo=0)                   0.000     0.000    s_axi_aclk
    U14                  IBUF (Prop_ibuf_I_O)         0.492     0.492 r  s_axi_aclk_IBUF_inst/O
                         net (fo=1, routed)           0.731     1.223    s_axi_aclk_IBUF
    BUFGCTRL_X0Y16       BUFG (Prop_bufg_I_O)         0.029     1.252 r  s_axi_aclk_IBUF_BUFG_inst/O
                         net (fo=759, routed)         0.884     2.136    systolic_controller_instance/systolic_array_2d_instance/ARRAY_ROWS[2].ARRAY_COLUMNS[1].pe_systolic_cell_instance/s_axi_aclk_IBUF_BUFG
    SLICE_X100Y48        FDCE                                         r  systolic_controller_instance/systolic_array_2d_instance/ARRAY_ROWS[2].ARRAY_COLUMNS[1].pe_systolic_cell_instance/b_register_reg[0]/C
                         clock pessimism             -0.250     1.886    
    SLICE_X100Y48        FDCE (Hold_fdce_C_D)         0.075     1.961    systolic_controller_instance/systolic_array_2d_instance/ARRAY_ROWS[2].ARRAY_COLUMNS[1].pe_systolic_cell_instance/b_register_reg[0]
  -------------------------------------------------------------------
                         required time                         -1.961    
                         arrival time                           2.116    
  -------------------------------------------------------------------
                         slack                                  0.154    

Slack (MET) :             0.155ns  (arrival time - required time)
  Source:                 systolic_controller_instance/systolic_array_2d_instance/ARRAY_ROWS[1].ARRAY_COLUMNS[2].pe_systolic_cell_instance/b_register_reg[5]/C
                            (rising edge-triggered cell FDCE clocked by s_axi_aclk  {rise@0.000ns fall@5.000ns period=10.000ns})
  Destination:            systolic_controller_instance/systolic_array_2d_instance/ARRAY_ROWS[2].ARRAY_COLUMNS[2].pe_systolic_cell_instance/b_register_reg[5]/D
                            (rising edge-triggered cell FDCE clocked by s_axi_aclk  {rise@0.000ns fall@5.000ns period=10.000ns})
  Path Group:             s_axi_aclk
  Path Type:              Hold (Min at Fast Process Corner)
  Requirement:            0.000ns  (s_axi_aclk rise@0.000ns - s_axi_aclk rise@0.000ns)
  Data Path Delay:        0.498ns  (logic 0.164ns (32.960%)  route 0.334ns (67.040%))
  Logic Levels:           0  
  Clock Path Skew:        0.276ns (DCD - SCD - CPR)
    Destination Clock Delay (DCD):    2.136ns
    Source Clock Delay      (SCD):    1.610ns
    Clock Pessimism Removal (CPR):    0.250ns

    Location             Delay type                Incr(ns)  Path(ns)    Netlist Resource(s)
  -------------------------------------------------------------------    -------------------
                         (clock s_axi_aclk rise edge)
                                                      0.000     0.000 r  
    U14                                               0.000     0.000 r  s_axi_aclk (IN)
                         net (fo=0)                   0.000     0.000    s_axi_aclk
    U14                  IBUF (Prop_ibuf_I_O)         0.302     0.302 r  s_axi_aclk_IBUF_inst/O
                         net (fo=1, routed)           0.674     0.976    s_axi_aclk_IBUF
    BUFGCTRL_X0Y16       BUFG (Prop_bufg_I_O)         0.026     1.002 r  s_axi_aclk_IBUF_BUFG_inst/O
                         net (fo=759, routed)         0.608     1.610    systolic_controller_instance/systolic_array_2d_instance/ARRAY_ROWS[1].ARRAY_COLUMNS[2].pe_systolic_cell_instance/s_axi_aclk_IBUF_BUFG
    SLICE_X96Y52         FDCE                                         r  systolic_controller_instance/systolic_array_2d_instance/ARRAY_ROWS[1].ARRAY_COLUMNS[2].pe_systolic_cell_instance/b_register_reg[5]/C
  -------------------------------------------------------------------    -------------------
    SLICE_X96Y52         FDCE (Prop_fdce_C_Q)         0.164     1.774 r  systolic_controller_instance/systolic_array_2d_instance/ARRAY_ROWS[1].ARRAY_COLUMNS[2].pe_systolic_cell_instance/b_register_reg[5]/Q
                         net (fo=2, routed)           0.334     2.108    systolic_controller_instance/systolic_array_2d_instance/ARRAY_ROWS[2].ARRAY_COLUMNS[2].pe_systolic_cell_instance/b_register_reg[7]_1[5]
    SLICE_X99Y48         FDCE                                         r  systolic_controller_instance/systolic_array_2d_instance/ARRAY_ROWS[2].ARRAY_COLUMNS[2].pe_systolic_cell_instance/b_register_reg[5]/D
  -------------------------------------------------------------------    -------------------

                         (clock s_axi_aclk rise edge)
                                                      0.000     0.000 r  
    U14                                               0.000     0.000 r  s_axi_aclk (IN)
                         net (fo=0)                   0.000     0.000    s_axi_aclk
    U14                  IBUF (Prop_ibuf_I_O)         0.492     0.492 r  s_axi_aclk_IBUF_inst/O
                         net (fo=1, routed)           0.731     1.223    s_axi_aclk_IBUF
    BUFGCTRL_X0Y16       BUFG (Prop_bufg_I_O)         0.029     1.252 r  s_axi_aclk_IBUF_BUFG_inst/O
                         net (fo=759, routed)         0.884     2.136    systolic_controller_instance/systolic_array_2d_instance/ARRAY_ROWS[2].ARRAY_COLUMNS[2].pe_systolic_cell_instance/s_axi_aclk_IBUF_BUFG
    SLICE_X99Y48         FDCE                                         r  systolic_controller_instance/systolic_array_2d_instance/ARRAY_ROWS[2].ARRAY_COLUMNS[2].pe_systolic_cell_instance/b_register_reg[5]/C
                         clock pessimism             -0.250     1.886    
    SLICE_X99Y48         FDCE (Hold_fdce_C_D)         0.066     1.952    systolic_controller_instance/systolic_array_2d_instance/ARRAY_ROWS[2].ARRAY_COLUMNS[2].pe_systolic_cell_instance/b_register_reg[5]
  -------------------------------------------------------------------
                         required time                         -1.952    
                         arrival time                           2.108    
  -------------------------------------------------------------------
                         slack                                  0.155    

Slack (MET) :             0.157ns  (arrival time - required time)
  Source:                 systolic_controller_instance/systolic_array_2d_instance/ARRAY_ROWS[1].ARRAY_COLUMNS[2].pe_systolic_cell_instance/b_register_reg[6]/C
                            (rising edge-triggered cell FDCE clocked by s_axi_aclk  {rise@0.000ns fall@5.000ns period=10.000ns})
  Destination:            systolic_controller_instance/systolic_array_2d_instance/ARRAY_ROWS[2].ARRAY_COLUMNS[2].pe_systolic_cell_instance/b_register_reg[6]/D
                            (rising edge-triggered cell FDCE clocked by s_axi_aclk  {rise@0.000ns fall@5.000ns period=10.000ns})
  Path Group:             s_axi_aclk
  Path Type:              Hold (Min at Fast Process Corner)
  Requirement:            0.000ns  (s_axi_aclk rise@0.000ns - s_axi_aclk rise@0.000ns)
  Data Path Delay:        0.504ns  (logic 0.164ns (32.561%)  route 0.340ns (67.439%))
  Logic Levels:           0  
  Clock Path Skew:        0.276ns (DCD - SCD - CPR)
    Destination Clock Delay (DCD):    2.136ns
    Source Clock Delay      (SCD):    1.610ns
    Clock Pessimism Removal (CPR):    0.250ns

    Location             Delay type                Incr(ns)  Path(ns)    Netlist Resource(s)
  -------------------------------------------------------------------    -------------------
                         (clock s_axi_aclk rise edge)
                                                      0.000     0.000 r  
    U14                                               0.000     0.000 r  s_axi_aclk (IN)
                         net (fo=0)                   0.000     0.000    s_axi_aclk
    U14                  IBUF (Prop_ibuf_I_O)         0.302     0.302 r  s_axi_aclk_IBUF_inst/O
                         net (fo=1, routed)           0.674     0.976    s_axi_aclk_IBUF
    BUFGCTRL_X0Y16       BUFG (Prop_bufg_I_O)         0.026     1.002 r  s_axi_aclk_IBUF_BUFG_inst/O
                         net (fo=759, routed)         0.608     1.610    systolic_controller_instance/systolic_array_2d_instance/ARRAY_ROWS[1].ARRAY_COLUMNS[2].pe_systolic_cell_instance/s_axi_aclk_IBUF_BUFG
    SLICE_X96Y52         FDCE                                         r  systolic_controller_instance/systolic_array_2d_instance/ARRAY_ROWS[1].ARRAY_COLUMNS[2].pe_systolic_cell_instance/b_register_reg[6]/C
  -------------------------------------------------------------------    -------------------
    SLICE_X96Y52         FDCE (Prop_fdce_C_Q)         0.164     1.774 r  systolic_controller_instance/systolic_array_2d_instance/ARRAY_ROWS[1].ARRAY_COLUMNS[2].pe_systolic_cell_instance/b_register_reg[6]/Q
                         net (fo=2, routed)           0.340     2.114    systolic_controller_instance/systolic_array_2d_instance/ARRAY_ROWS[2].ARRAY_COLUMNS[2].pe_systolic_cell_instance/b_register_reg[7]_1[6]
    SLICE_X99Y48         FDCE                                         r  systolic_controller_instance/systolic_array_2d_instance/ARRAY_ROWS[2].ARRAY_COLUMNS[2].pe_systolic_cell_instance/b_register_reg[6]/D
  -------------------------------------------------------------------    -------------------

                         (clock s_axi_aclk rise edge)
                                                      0.000     0.000 r  
    U14                                               0.000     0.000 r  s_axi_aclk (IN)
                         net (fo=0)                   0.000     0.000    s_axi_aclk
    U14                  IBUF (Prop_ibuf_I_O)         0.492     0.492 r  s_axi_aclk_IBUF_inst/O
                         net (fo=1, routed)           0.731     1.223    s_axi_aclk_IBUF
    BUFGCTRL_X0Y16       BUFG (Prop_bufg_I_O)         0.029     1.252 r  s_axi_aclk_IBUF_BUFG_inst/O
                         net (fo=759, routed)         0.884     2.136    systolic_controller_instance/systolic_array_2d_instance/ARRAY_ROWS[2].ARRAY_COLUMNS[2].pe_systolic_cell_instance/s_axi_aclk_IBUF_BUFG
    SLICE_X99Y48         FDCE                                         r  systolic_controller_instance/systolic_array_2d_instance/ARRAY_ROWS[2].ARRAY_COLUMNS[2].pe_systolic_cell_instance/b_register_reg[6]/C
                         clock pessimism             -0.250     1.886    
    SLICE_X99Y48         FDCE (Hold_fdce_C_D)         0.070     1.956    systolic_controller_instance/systolic_array_2d_instance/ARRAY_ROWS[2].ARRAY_COLUMNS[2].pe_systolic_cell_instance/b_register_reg[6]
  -------------------------------------------------------------------
                         required time                         -1.956    
                         arrival time                           2.114    
  -------------------------------------------------------------------
                         slack                                  0.157    

Slack (MET) :             0.161ns  (arrival time - required time)
  Source:                 systolic_controller_instance/systolic_array_2d_instance/ARRAY_ROWS[1].ARRAY_COLUMNS[1].pe_systolic_cell_instance/b_register_reg[3]/C
                            (rising edge-triggered cell FDCE clocked by s_axi_aclk  {rise@0.000ns fall@5.000ns period=10.000ns})
  Destination:            systolic_controller_instance/systolic_array_2d_instance/ARRAY_ROWS[2].ARRAY_COLUMNS[1].pe_systolic_cell_instance/b_register_reg[3]/D
                            (rising edge-triggered cell FDCE clocked by s_axi_aclk  {rise@0.000ns fall@5.000ns period=10.000ns})
  Path Group:             s_axi_aclk
  Path Type:              Hold (Min at Fast Process Corner)
  Requirement:            0.000ns  (s_axi_aclk rise@0.000ns - s_axi_aclk rise@0.000ns)
  Data Path Delay:        0.500ns  (logic 0.164ns (32.807%)  route 0.336ns (67.193%))
  Logic Levels:           0  
  Clock Path Skew:        0.276ns (DCD - SCD - CPR)
    Destination Clock Delay (DCD):    2.136ns
    Source Clock Delay      (SCD):    1.610ns
    Clock Pessimism Removal (CPR):    0.250ns

    Location             Delay type                Incr(ns)  Path(ns)    Netlist Resource(s)
  -------------------------------------------------------------------    -------------------
                         (clock s_axi_aclk rise edge)
                                                      0.000     0.000 r  
    U14                                               0.000     0.000 r  s_axi_aclk (IN)
                         net (fo=0)                   0.000     0.000    s_axi_aclk
    U14                  IBUF (Prop_ibuf_I_O)         0.302     0.302 r  s_axi_aclk_IBUF_inst/O
                         net (fo=1, routed)           0.674     0.976    s_axi_aclk_IBUF
    BUFGCTRL_X0Y16       BUFG (Prop_bufg_I_O)         0.026     1.002 r  s_axi_aclk_IBUF_BUFG_inst/O
                         net (fo=759, routed)         0.608     1.610    systolic_controller_instance/systolic_array_2d_instance/ARRAY_ROWS[1].ARRAY_COLUMNS[1].pe_systolic_cell_instance/s_axi_aclk_IBUF_BUFG
    SLICE_X94Y52         FDCE                                         r  systolic_controller_instance/systolic_array_2d_instance/ARRAY_ROWS[1].ARRAY_COLUMNS[1].pe_systolic_cell_instance/b_register_reg[3]/C
  -------------------------------------------------------------------    -------------------
    SLICE_X94Y52         FDCE (Prop_fdce_C_Q)         0.164     1.774 r  systolic_controller_instance/systolic_array_2d_instance/ARRAY_ROWS[1].ARRAY_COLUMNS[1].pe_systolic_cell_instance/b_register_reg[3]/Q
                         net (fo=2, routed)           0.336     2.110    systolic_controller_instance/systolic_array_2d_instance/ARRAY_ROWS[2].ARRAY_COLUMNS[1].pe_systolic_cell_instance/b_register_reg[7]_1[3]
    SLICE_X100Y48        FDCE                                         r  systolic_controller_instance/systolic_array_2d_instance/ARRAY_ROWS[2].ARRAY_COLUMNS[1].pe_systolic_cell_instance/b_register_reg[3]/D
  -------------------------------------------------------------------    -------------------

                         (clock s_axi_aclk rise edge)
                                                      0.000     0.000 r  
    U14                                               0.000     0.000 r  s_axi_aclk (IN)
                         net (fo=0)                   0.000     0.000    s_axi_aclk
    U14                  IBUF (Prop_ibuf_I_O)         0.492     0.492 r  s_axi_aclk_IBUF_inst/O
                         net (fo=1, routed)           0.731     1.223    s_axi_aclk_IBUF
    BUFGCTRL_X0Y16       BUFG (Prop_bufg_I_O)         0.029     1.252 r  s_axi_aclk_IBUF_BUFG_inst/O
                         net (fo=759, routed)         0.884     2.136    systolic_controller_instance/systolic_array_2d_instance/ARRAY_ROWS[2].ARRAY_COLUMNS[1].pe_systolic_cell_instance/s_axi_aclk_IBUF_BUFG
    SLICE_X100Y48        FDCE                                         r  systolic_controller_instance/systolic_array_2d_instance/ARRAY_ROWS[2].ARRAY_COLUMNS[1].pe_systolic_cell_instance/b_register_reg[3]/C
                         clock pessimism             -0.250     1.886    
    SLICE_X100Y48        FDCE (Hold_fdce_C_D)         0.063     1.949    systolic_controller_instance/systolic_array_2d_instance/ARRAY_ROWS[2].ARRAY_COLUMNS[1].pe_systolic_cell_instance/b_register_reg[3]
  -------------------------------------------------------------------
                         required time                         -1.949    
                         arrival time                           2.110    
  -------------------------------------------------------------------
                         slack                                  0.161    

Slack (MET) :             0.169ns  (arrival time - required time)
  Source:                 systolic_controller_instance/systolic_array_2d_instance/ARRAY_ROWS[2].ARRAY_COLUMNS[1].pe_systolic_cell_instance/a_register_reg[0]/C
                            (rising edge-triggered cell FDCE clocked by s_axi_aclk  {rise@0.000ns fall@5.000ns period=10.000ns})
  Destination:            systolic_controller_instance/systolic_array_2d_instance/ARRAY_ROWS[2].ARRAY_COLUMNS[2].pe_systolic_cell_instance/a_register_reg[0]/D
                            (rising edge-triggered cell FDCE clocked by s_axi_aclk  {rise@0.000ns fall@5.000ns period=10.000ns})
  Path Group:             s_axi_aclk
  Path Type:              Hold (Min at Fast Process Corner)
  Requirement:            0.000ns  (s_axi_aclk rise@0.000ns - s_axi_aclk rise@0.000ns)
  Data Path Delay:        0.255ns  (logic 0.141ns (55.379%)  route 0.114ns (44.621%))
  Logic Levels:           0  
  Clock Path Skew:        0.016ns (DCD - SCD - CPR)
    Destination Clock Delay (DCD):    2.135ns
    Source Clock Delay      (SCD):    1.615ns
    Clock Pessimism Removal (CPR):    0.504ns

    Location             Delay type                Incr(ns)  Path(ns)    Netlist Resource(s)
  -------------------------------------------------------------------    -------------------
                         (clock s_axi_aclk rise edge)
                                                      0.000     0.000 r  
    U14                                               0.000     0.000 r  s_axi_aclk (IN)
                         net (fo=0)                   0.000     0.000    s_axi_aclk
    U14                  IBUF (Prop_ibuf_I_O)         0.302     0.302 r  s_axi_aclk_IBUF_inst/O
                         net (fo=1, routed)           0.674     0.976    s_axi_aclk_IBUF
    BUFGCTRL_X0Y16       BUFG (Prop_bufg_I_O)         0.026     1.002 r  s_axi_aclk_IBUF_BUFG_inst/O
                         net (fo=759, routed)         0.613     1.615    systolic_controller_instance/systolic_array_2d_instance/ARRAY_ROWS[2].ARRAY_COLUMNS[1].pe_systolic_cell_instance/s_axi_aclk_IBUF_BUFG
    SLICE_X95Y44         FDCE                                         r  systolic_controller_instance/systolic_array_2d_instance/ARRAY_ROWS[2].ARRAY_COLUMNS[1].pe_systolic_cell_instance/a_register_reg[0]/C
  -------------------------------------------------------------------    -------------------
    SLICE_X95Y44         FDCE (Prop_fdce_C_Q)         0.141     1.756 r  systolic_controller_instance/systolic_array_2d_instance/ARRAY_ROWS[2].ARRAY_COLUMNS[1].pe_systolic_cell_instance/a_register_reg[0]/Q
                         net (fo=2, routed)           0.114     1.870    systolic_controller_instance/systolic_array_2d_instance/ARRAY_ROWS[2].ARRAY_COLUMNS[2].pe_systolic_cell_instance/D[0]
    SLICE_X97Y45         FDCE                                         r  systolic_controller_instance/systolic_array_2d_instance/ARRAY_ROWS[2].ARRAY_COLUMNS[2].pe_systolic_cell_instance/a_register_reg[0]/D
  -------------------------------------------------------------------    -------------------

                         (clock s_axi_aclk rise edge)
                                                      0.000     0.000 r  
    U14                                               0.000     0.000 r  s_axi_aclk (IN)
                         net (fo=0)                   0.000     0.000    s_axi_aclk
    U14                  IBUF (Prop_ibuf_I_O)         0.492     0.492 r  s_axi_aclk_IBUF_inst/O
                         net (fo=1, routed)           0.731     1.223    s_axi_aclk_IBUF
    BUFGCTRL_X0Y16       BUFG (Prop_bufg_I_O)         0.029     1.252 r  s_axi_aclk_IBUF_BUFG_inst/O
                         net (fo=759, routed)         0.883     2.135    systolic_controller_instance/systolic_array_2d_instance/ARRAY_ROWS[2].ARRAY_COLUMNS[2].pe_systolic_cell_instance/s_axi_aclk_IBUF_BUFG
    SLICE_X97Y45         FDCE                                         r  systolic_controller_instance/systolic_array_2d_instance/ARRAY_ROWS[2].ARRAY_COLUMNS[2].pe_systolic_cell_instance/a_register_reg[0]/C
                         clock pessimism             -0.504     1.631    
    SLICE_X97Y45         FDCE (Hold_fdce_C_D)         0.070     1.701    systolic_controller_instance/systolic_array_2d_instance/ARRAY_ROWS[2].ARRAY_COLUMNS[2].pe_systolic_cell_instance/a_register_reg[0]
  -------------------------------------------------------------------
                         required time                         -1.701    
                         arrival time                           1.870    
  -------------------------------------------------------------------
                         slack                                  0.169    

Slack (MET) :             0.170ns  (arrival time - required time)
  Source:                 systolic_controller_instance/systolic_array_2d_instance/ARRAY_ROWS[2].ARRAY_COLUMNS[1].pe_systolic_cell_instance/a_register_reg[2]/C
                            (rising edge-triggered cell FDCE clocked by s_axi_aclk  {rise@0.000ns fall@5.000ns period=10.000ns})
  Destination:            systolic_controller_instance/systolic_array_2d_instance/ARRAY_ROWS[2].ARRAY_COLUMNS[2].pe_systolic_cell_instance/a_register_reg[2]/D
                            (rising edge-triggered cell FDCE clocked by s_axi_aclk  {rise@0.000ns fall@5.000ns period=10.000ns})
  Path Group:             s_axi_aclk
  Path Type:              Hold (Min at Fast Process Corner)
  Requirement:            0.000ns  (s_axi_aclk rise@0.000ns - s_axi_aclk rise@0.000ns)
  Data Path Delay:        0.256ns  (logic 0.141ns (55.162%)  route 0.115ns (44.838%))
  Logic Levels:           0  
  Clock Path Skew:        0.016ns (DCD - SCD - CPR)
    Destination Clock Delay (DCD):    2.135ns
    Source Clock Delay      (SCD):    1.615ns
    Clock Pessimism Removal (CPR):    0.504ns

    Location             Delay type                Incr(ns)  Path(ns)    Netlist Resource(s)
  -------------------------------------------------------------------    -------------------
                         (clock s_axi_aclk rise edge)
                                                      0.000     0.000 r  
    U14                                               0.000     0.000 r  s_axi_aclk (IN)
                         net (fo=0)                   0.000     0.000    s_axi_aclk
    U14                  IBUF (Prop_ibuf_I_O)         0.302     0.302 r  s_axi_aclk_IBUF_inst/O
                         net (fo=1, routed)           0.674     0.976    s_axi_aclk_IBUF
    BUFGCTRL_X0Y16       BUFG (Prop_bufg_I_O)         0.026     1.002 r  s_axi_aclk_IBUF_BUFG_inst/O
                         net (fo=759, routed)         0.613     1.615    systolic_controller_instance/systolic_array_2d_instance/ARRAY_ROWS[2].ARRAY_COLUMNS[1].pe_systolic_cell_instance/s_axi_aclk_IBUF_BUFG
    SLICE_X95Y44         FDCE                                         r  systolic_controller_instance/systolic_array_2d_instance/ARRAY_ROWS[2].ARRAY_COLUMNS[1].pe_systolic_cell_instance/a_register_reg[2]/C
  -------------------------------------------------------------------    -------------------
    SLICE_X95Y44         FDCE (Prop_fdce_C_Q)         0.141     1.756 r  systolic_controller_instance/systolic_array_2d_instance/ARRAY_ROWS[2].ARRAY_COLUMNS[1].pe_systolic_cell_instance/a_register_reg[2]/Q
                         net (fo=2, routed)           0.115     1.871    systolic_controller_instance/systolic_array_2d_instance/ARRAY_ROWS[2].ARRAY_COLUMNS[2].pe_systolic_cell_instance/D[2]
    SLICE_X97Y45         FDCE                                         r  systolic_controller_instance/systolic_array_2d_instance/ARRAY_ROWS[2].ARRAY_COLUMNS[2].pe_systolic_cell_instance/a_register_reg[2]/D
  -------------------------------------------------------------------    -------------------

                         (clock s_axi_aclk rise edge)
                                                      0.000     0.000 r  
    U14                                               0.000     0.000 r  s_axi_aclk (IN)
                         net (fo=0)                   0.000     0.000    s_axi_aclk
    U14                  IBUF (Prop_ibuf_I_O)         0.492     0.492 r  s_axi_aclk_IBUF_inst/O
                         net (fo=1, routed)           0.731     1.223    s_axi_aclk_IBUF
    BUFGCTRL_X0Y16       BUFG (Prop_bufg_I_O)         0.029     1.252 r  s_axi_aclk_IBUF_BUFG_inst/O
                         net (fo=759, routed)         0.883     2.135    systolic_controller_instance/systolic_array_2d_instance/ARRAY_ROWS[2].ARRAY_COLUMNS[2].pe_systolic_cell_instance/s_axi_aclk_IBUF_BUFG
    SLICE_X97Y45         FDCE                                         r  systolic_controller_instance/systolic_array_2d_instance/ARRAY_ROWS[2].ARRAY_COLUMNS[2].pe_systolic_cell_instance/a_register_reg[2]/C
                         clock pessimism             -0.504     1.631    
    SLICE_X97Y45         FDCE (Hold_fdce_C_D)         0.070     1.701    systolic_controller_instance/systolic_array_2d_instance/ARRAY_ROWS[2].ARRAY_COLUMNS[2].pe_systolic_cell_instance/a_register_reg[2]
  -------------------------------------------------------------------
                         required time                         -1.701    
                         arrival time                           1.871    
  -------------------------------------------------------------------
                         slack                                  0.170    

Slack (MET) :             0.171ns  (arrival time - required time)
  Source:                 systolic_controller_instance/systolic_array_2d_instance/ARRAY_ROWS[1].ARRAY_COLUMNS[3].pe_systolic_cell_instance/b_valid_register_reg/C
                            (rising edge-triggered cell FDCE clocked by s_axi_aclk  {rise@0.000ns fall@5.000ns period=10.000ns})
  Destination:            systolic_controller_instance/systolic_array_2d_instance/ARRAY_ROWS[2].ARRAY_COLUMNS[3].pe_systolic_cell_instance/b_valid_register_reg/D
                            (rising edge-triggered cell FDCE clocked by s_axi_aclk  {rise@0.000ns fall@5.000ns period=10.000ns})
  Path Group:             s_axi_aclk
  Path Type:              Hold (Min at Fast Process Corner)
  Requirement:            0.000ns  (s_axi_aclk rise@0.000ns - s_axi_aclk rise@0.000ns)
  Data Path Delay:        0.554ns  (logic 0.223ns (40.286%)  route 0.331ns (59.714%))
  Logic Levels:           1  (LUT3=1)
  Clock Path Skew:        0.275ns (DCD - SCD - CPR)
    Destination Clock Delay (DCD):    2.136ns
    Source Clock Delay      (SCD):    1.611ns
    Clock Pessimism Removal (CPR):    0.250ns

    Location             Delay type                Incr(ns)  Path(ns)    Netlist Resource(s)
  -------------------------------------------------------------------    -------------------
                         (clock s_axi_aclk rise edge)
                                                      0.000     0.000 r  
    U14                                               0.000     0.000 r  s_axi_aclk (IN)
                         net (fo=0)                   0.000     0.000    s_axi_aclk
    U14                  IBUF (Prop_ibuf_I_O)         0.302     0.302 r  s_axi_aclk_IBUF_inst/O
                         net (fo=1, routed)           0.674     0.976    s_axi_aclk_IBUF
    BUFGCTRL_X0Y16       BUFG (Prop_bufg_I_O)         0.026     1.002 r  s_axi_aclk_IBUF_BUFG_inst/O
                         net (fo=759, routed)         0.609     1.611    systolic_controller_instance/systolic_array_2d_instance/ARRAY_ROWS[1].ARRAY_COLUMNS[3].pe_systolic_cell_instance/s_axi_aclk_IBUF_BUFG
    SLICE_X103Y51        FDCE                                         r  systolic_controller_instance/systolic_array_2d_instance/ARRAY_ROWS[1].ARRAY_COLUMNS[3].pe_systolic_cell_instance/b_valid_register_reg/C
  -------------------------------------------------------------------    -------------------
    SLICE_X103Y51        FDCE (Prop_fdce_C_Q)         0.128     1.739 r  systolic_controller_instance/systolic_array_2d_instance/ARRAY_ROWS[1].ARRAY_COLUMNS[3].pe_systolic_cell_instance/b_valid_register_reg/Q
                         net (fo=3, routed)           0.331     2.070    systolic_controller_instance/systolic_array_2d_instance/ARRAY_ROWS[1].ARRAY_COLUMNS[3].pe_systolic_cell_instance/b_valid_connection[2][3]_16
    SLICE_X103Y46        LUT3 (Prop_lut3_I2_O)        0.095     2.165 r  systolic_controller_instance/systolic_array_2d_instance/ARRAY_ROWS[1].ARRAY_COLUMNS[3].pe_systolic_cell_instance/b_valid_register_i_1__10/O
                         net (fo=1, routed)           0.000     2.165    systolic_controller_instance/systolic_array_2d_instance/ARRAY_ROWS[2].ARRAY_COLUMNS[3].pe_systolic_cell_instance/b_valid_register_reg_0
    SLICE_X103Y46        FDCE                                         r  systolic_controller_instance/systolic_array_2d_instance/ARRAY_ROWS[2].ARRAY_COLUMNS[3].pe_systolic_cell_instance/b_valid_register_reg/D
  -------------------------------------------------------------------    -------------------

                         (clock s_axi_aclk rise edge)
                                                      0.000     0.000 r  
    U14                                               0.000     0.000 r  s_axi_aclk (IN)
                         net (fo=0)                   0.000     0.000    s_axi_aclk
    U14                  IBUF (Prop_ibuf_I_O)         0.492     0.492 r  s_axi_aclk_IBUF_inst/O
                         net (fo=1, routed)           0.731     1.223    s_axi_aclk_IBUF
    BUFGCTRL_X0Y16       BUFG (Prop_bufg_I_O)         0.029     1.252 r  s_axi_aclk_IBUF_BUFG_inst/O
                         net (fo=759, routed)         0.884     2.136    systolic_controller_instance/systolic_array_2d_instance/ARRAY_ROWS[2].ARRAY_COLUMNS[3].pe_systolic_cell_instance/s_axi_aclk_IBUF_BUFG
    SLICE_X103Y46        FDCE                                         r  systolic_controller_instance/systolic_array_2d_instance/ARRAY_ROWS[2].ARRAY_COLUMNS[3].pe_systolic_cell_instance/b_valid_register_reg/C
                         clock pessimism             -0.250     1.886    
    SLICE_X103Y46        FDCE (Hold_fdce_C_D)         0.107     1.993    systolic_controller_instance/systolic_array_2d_instance/ARRAY_ROWS[2].ARRAY_COLUMNS[3].pe_systolic_cell_instance/b_valid_register_reg
  -------------------------------------------------------------------
                         required time                         -1.993    
                         arrival time                           2.165    
  -------------------------------------------------------------------
                         slack                                  0.171    

Slack (MET) :             0.171ns  (arrival time - required time)
  Source:                 systolic_controller_instance/systolic_array_2d_instance/ARRAY_ROWS[0].ARRAY_COLUMNS[3].pe_systolic_cell_instance/a_register_reg[2]/C
                            (rising edge-triggered cell FDCE clocked by s_axi_aclk  {rise@0.000ns fall@5.000ns period=10.000ns})
  Destination:            systolic_controller_instance/systolic_array_2d_instance/ARRAY_ROWS[0].ARRAY_COLUMNS[4].pe_systolic_cell_instance/a_register_reg[2]/D
                            (rising edge-triggered cell FDCE clocked by s_axi_aclk  {rise@0.000ns fall@5.000ns period=10.000ns})
  Path Group:             s_axi_aclk
  Path Type:              Hold (Min at Fast Process Corner)
  Requirement:            0.000ns  (s_axi_aclk rise@0.000ns - s_axi_aclk rise@0.000ns)
  Data Path Delay:        0.250ns  (logic 0.141ns (56.317%)  route 0.109ns (43.683%))
  Logic Levels:           0  
  Clock Path Skew:        0.016ns (DCD - SCD - CPR)
    Destination Clock Delay (DCD):    2.129ns
    Source Clock Delay      (SCD):    1.609ns
    Clock Pessimism Removal (CPR):    0.504ns

    Location             Delay type                Incr(ns)  Path(ns)    Netlist Resource(s)
  -------------------------------------------------------------------    -------------------
                         (clock s_axi_aclk rise edge)
                                                      0.000     0.000 r  
    U14                                               0.000     0.000 r  s_axi_aclk (IN)
                         net (fo=0)                   0.000     0.000    s_axi_aclk
    U14                  IBUF (Prop_ibuf_I_O)         0.302     0.302 r  s_axi_aclk_IBUF_inst/O
                         net (fo=1, routed)           0.674     0.976    s_axi_aclk_IBUF
    BUFGCTRL_X0Y16       BUFG (Prop_bufg_I_O)         0.026     1.002 r  s_axi_aclk_IBUF_BUFG_inst/O
                         net (fo=759, routed)         0.607     1.609    systolic_controller_instance/systolic_array_2d_instance/ARRAY_ROWS[0].ARRAY_COLUMNS[3].pe_systolic_cell_instance/s_axi_aclk_IBUF_BUFG
    SLICE_X97Y54         FDCE                                         r  systolic_controller_instance/systolic_array_2d_instance/ARRAY_ROWS[0].ARRAY_COLUMNS[3].pe_systolic_cell_instance/a_register_reg[2]/C
  -------------------------------------------------------------------    -------------------
    SLICE_X97Y54         FDCE (Prop_fdce_C_Q)         0.141     1.750 r  systolic_controller_instance/systolic_array_2d_instance/ARRAY_ROWS[0].ARRAY_COLUMNS[3].pe_systolic_cell_instance/a_register_reg[2]/Q
                         net (fo=2, routed)           0.109     1.859    systolic_controller_instance/systolic_array_2d_instance/ARRAY_ROWS[0].ARRAY_COLUMNS[4].pe_systolic_cell_instance/D[2]
    SLICE_X94Y53         FDCE                                         r  systolic_controller_instance/systolic_array_2d_instance/ARRAY_ROWS[0].ARRAY_COLUMNS[4].pe_systolic_cell_instance/a_register_reg[2]/D
  -------------------------------------------------------------------    -------------------

                         (clock s_axi_aclk rise edge)
                                                      0.000     0.000 r  
    U14                                               0.000     0.000 r  s_axi_aclk (IN)
                         net (fo=0)                   0.000     0.000    s_axi_aclk
    U14                  IBUF (Prop_ibuf_I_O)         0.492     0.492 r  s_axi_aclk_IBUF_inst/O
                         net (fo=1, routed)           0.731     1.223    s_axi_aclk_IBUF
    BUFGCTRL_X0Y16       BUFG (Prop_bufg_I_O)         0.029     1.252 r  s_axi_aclk_IBUF_BUFG_inst/O
                         net (fo=759, routed)         0.877     2.129    systolic_controller_instance/systolic_array_2d_instance/ARRAY_ROWS[0].ARRAY_COLUMNS[4].pe_systolic_cell_instance/s_axi_aclk_IBUF_BUFG
    SLICE_X94Y53         FDCE                                         r  systolic_controller_instance/systolic_array_2d_instance/ARRAY_ROWS[0].ARRAY_COLUMNS[4].pe_systolic_cell_instance/a_register_reg[2]/C
                         clock pessimism             -0.504     1.625    
    SLICE_X94Y53         FDCE (Hold_fdce_C_D)         0.063     1.688    systolic_controller_instance/systolic_array_2d_instance/ARRAY_ROWS[0].ARRAY_COLUMNS[4].pe_systolic_cell_instance/a_register_reg[2]
  -------------------------------------------------------------------
                         required time                         -1.688    
                         arrival time                           1.859    
  -------------------------------------------------------------------
                         slack                                  0.171    





Pulse Width Checks
--------------------------------------------------------------------------------------
Clock Name:         s_axi_aclk
Waveform(ns):       { 0.000 5.000 }
Period(ns):         10.000
Sources:            { s_axi_aclk }

Check Type        Corner  Lib Pin             Reference Pin  Required(ns)  Actual(ns)  Slack(ns)  Location       Pin
Min Period        n/a     RAMB18E1/CLKARDCLK  n/a            2.944         10.000      7.056      RAMB18_X4Y18   unified_buffer_instance/memory_bank_0_reg/CLKARDCLK
Min Period        n/a     RAMB18E1/CLKARDCLK  n/a            2.944         10.000      7.056      RAMB18_X4Y19   unified_buffer_instance/memory_bank_1_reg/CLKARDCLK
Min Period        n/a     RAMB18E1/CLKARDCLK  n/a            2.944         10.000      7.056      RAMB18_X4Y16   unified_buffer_instance/memory_bank_2_reg/CLKARDCLK
Min Period        n/a     RAMB18E1/CLKARDCLK  n/a            2.944         10.000      7.056      RAMB18_X4Y14   unified_buffer_instance/memory_bank_3_reg/CLKARDCLK
Min Period        n/a     RAMB18E1/CLKARDCLK  n/a            2.944         10.000      7.056      RAMB18_X4Y15   unified_buffer_instance/memory_bank_4_reg/CLKARDCLK
Min Period        n/a     RAMB18E1/CLKBWRCLK  n/a            2.576         10.000      7.424      RAMB18_X4Y18   unified_buffer_instance/memory_bank_0_reg/CLKBWRCLK
Min Period        n/a     RAMB18E1/CLKBWRCLK  n/a            2.576         10.000      7.424      RAMB18_X4Y19   unified_buffer_instance/memory_bank_1_reg/CLKBWRCLK
Min Period        n/a     RAMB18E1/CLKBWRCLK  n/a            2.576         10.000      7.424      RAMB18_X4Y16   unified_buffer_instance/memory_bank_2_reg/CLKBWRCLK
Min Period        n/a     RAMB18E1/CLKBWRCLK  n/a            2.576         10.000      7.424      RAMB18_X4Y14   unified_buffer_instance/memory_bank_3_reg/CLKBWRCLK
Min Period        n/a     RAMB18E1/CLKBWRCLK  n/a            2.576         10.000      7.424      RAMB18_X4Y15   unified_buffer_instance/memory_bank_4_reg/CLKBWRCLK
Min Period        n/a     RAMB36E1/CLKARDCLK  n/a            2.576         10.000      7.424      RAMB36_X3Y11   weight_sram_instance/WEIGHT_BANK[0].read_register_reg_0/CLKARDCLK
Min Period        n/a     RAMB36E1/CLKARDCLK  n/a            2.576         10.000      7.424      RAMB36_X3Y12   weight_sram_instance/WEIGHT_BANK[0].read_register_reg_1/CLKARDCLK
Min Period        n/a     RAMB36E1/CLKARDCLK  n/a            2.576         10.000      7.424      RAMB36_X4Y10   weight_sram_instance/WEIGHT_BANK[1].read_register_reg_0/CLKARDCLK
Min Period        n/a     RAMB36E1/CLKARDCLK  n/a            2.576         10.000      7.424      RAMB36_X4Y11   weight_sram_instance/WEIGHT_BANK[1].read_register_reg_1/CLKARDCLK
Min Period        n/a     RAMB36E1/CLKARDCLK  n/a            2.576         10.000      7.424      RAMB36_X3Y10   weight_sram_instance/WEIGHT_BANK[2].read_register_reg_0/CLKARDCLK
Min Period        n/a     RAMB36E1/CLKARDCLK  n/a            2.576         10.000      7.424      RAMB36_X3Y9    weight_sram_instance/WEIGHT_BANK[2].read_register_reg_1/CLKARDCLK
Min Period        n/a     RAMB36E1/CLKARDCLK  n/a            2.576         10.000      7.424      RAMB36_X3Y7    weight_sram_instance/WEIGHT_BANK[3].read_register_reg_0/CLKARDCLK
Min Period        n/a     RAMB36E1/CLKARDCLK  n/a            2.576         10.000      7.424      RAMB36_X3Y8    weight_sram_instance/WEIGHT_BANK[3].read_register_reg_1/CLKARDCLK
Min Period        n/a     RAMB36E1/CLKARDCLK  n/a            2.576         10.000      7.424      RAMB36_X4Y5    weight_sram_instance/WEIGHT_BANK[4].read_register_reg_0/CLKARDCLK
Min Period        n/a     RAMB36E1/CLKARDCLK  n/a            2.576         10.000      7.424      RAMB36_X4Y6    weight_sram_instance/WEIGHT_BANK[4].read_register_reg_1/CLKARDCLK
Low Pulse Width   Slow    FDRE/C              n/a            0.500         5.000       4.500      SLICE_X91Y46   activation_column_pipeline_reg[0]/C
Low Pulse Width   Fast    FDRE/C              n/a            0.500         5.000       4.500      SLICE_X91Y46   activation_column_pipeline_reg[0]/C
Low Pulse Width   Slow    FDRE/C              n/a            0.500         5.000       4.500      SLICE_X91Y46   activation_column_pipeline_reg[1]/C
Low Pulse Width   Fast    FDRE/C              n/a            0.500         5.000       4.500      SLICE_X91Y46   activation_column_pipeline_reg[1]/C
Low Pulse Width   Slow    FDRE/C              n/a            0.500         5.000       4.500      SLICE_X91Y46   activation_column_pipeline_reg[2]/C
Low Pulse Width   Fast    FDRE/C              n/a            0.500         5.000       4.500      SLICE_X91Y46   activation_column_pipeline_reg[2]/C
Low Pulse Width   Slow    FDRE/C              n/a            0.500         5.000       4.500      SLICE_X105Y44  activation_unit_instance/activation_data_reg[0]/C
Low Pulse Width   Fast    FDRE/C              n/a            0.500         5.000       4.500      SLICE_X105Y44  activation_unit_instance/activation_data_reg[0]/C
Low Pulse Width   Slow    FDRE/C              n/a            0.500         5.000       4.500      SLICE_X91Y45   activation_unit_instance/activation_data_reg[10]/C
Low Pulse Width   Fast    FDRE/C              n/a            0.500         5.000       4.500      SLICE_X91Y45   activation_unit_instance/activation_data_reg[10]/C
Low Pulse Width   Slow    FDRE/C              n/a            0.500         5.000       4.500      SLICE_X92Y46   activation_unit_instance/activation_data_reg[11]/C
Low Pulse Width   Fast    FDRE/C              n/a            0.500         5.000       4.500      SLICE_X92Y46   activation_unit_instance/activation_data_reg[11]/C
Low Pulse Width   Slow    FDRE/C              n/a            0.500         5.000       4.500      SLICE_X92Y48   activation_unit_instance/activation_data_reg[12]/C
Low Pulse Width   Fast    FDRE/C              n/a            0.500         5.000       4.500      SLICE_X92Y48   activation_unit_instance/activation_data_reg[12]/C
Low Pulse Width   Slow    FDRE/C              n/a            0.500         5.000       4.500      SLICE_X93Y45   activation_unit_instance/activation_data_reg[13]/C
Low Pulse Width   Fast    FDRE/C              n/a            0.500         5.000       4.500      SLICE_X93Y45   activation_unit_instance/activation_data_reg[13]/C
Low Pulse Width   Slow    FDRE/C              n/a            0.500         5.000       4.500      SLICE_X92Y47   activation_unit_instance/activation_data_reg[14]/C
Low Pulse Width   Fast    FDRE/C              n/a            0.500         5.000       4.500      SLICE_X92Y47   activation_unit_instance/activation_data_reg[14]/C
Low Pulse Width   Slow    FDRE/C              n/a            0.500         5.000       4.500      SLICE_X88Y41   activation_unit_instance/activation_data_reg[16]/C
Low Pulse Width   Fast    FDRE/C              n/a            0.500         5.000       4.500      SLICE_X88Y41   activation_unit_instance/activation_data_reg[16]/C
High Pulse Width  Slow    FDRE/C              n/a            0.500         5.000       4.500      SLICE_X91Y46   activation_column_pipeline_reg[0]/C
High Pulse Width  Fast    FDRE/C              n/a            0.500         5.000       4.500      SLICE_X91Y46   activation_column_pipeline_reg[0]/C
High Pulse Width  Slow    FDRE/C              n/a            0.500         5.000       4.500      SLICE_X91Y46   activation_column_pipeline_reg[1]/C
High Pulse Width  Fast    FDRE/C              n/a            0.500         5.000       4.500      SLICE_X91Y46   activation_column_pipeline_reg[1]/C
High Pulse Width  Slow    FDRE/C              n/a            0.500         5.000       4.500      SLICE_X91Y46   activation_column_pipeline_reg[2]/C
High Pulse Width  Fast    FDRE/C              n/a            0.500         5.000       4.500      SLICE_X91Y46   activation_column_pipeline_reg[2]/C
High Pulse Width  Slow    FDRE/C              n/a            0.500         5.000       4.500      SLICE_X105Y44  activation_unit_instance/activation_data_reg[0]/C
High Pulse Width  Fast    FDRE/C              n/a            0.500         5.000       4.500      SLICE_X105Y44  activation_unit_instance/activation_data_reg[0]/C
High Pulse Width  Slow    FDRE/C              n/a            0.500         5.000       4.500      SLICE_X91Y45   activation_unit_instance/activation_data_reg[10]/C
High Pulse Width  Fast    FDRE/C              n/a            0.500         5.000       4.500      SLICE_X91Y45   activation_unit_instance/activation_data_reg[10]/C
High Pulse Width  Slow    FDRE/C              n/a            0.500         5.000       4.500      SLICE_X92Y46   activation_unit_instance/activation_data_reg[11]/C
High Pulse Width  Fast    FDRE/C              n/a            0.500         5.000       4.500      SLICE_X92Y46   activation_unit_instance/activation_data_reg[11]/C
High Pulse Width  Slow    FDRE/C              n/a            0.500         5.000       4.500      SLICE_X92Y48   activation_unit_instance/activation_data_reg[12]/C
High Pulse Width  Fast    FDRE/C              n/a            0.500         5.000       4.500      SLICE_X92Y48   activation_unit_instance/activation_data_reg[12]/C
High Pulse Width  Slow    FDRE/C              n/a            0.500         5.000       4.500      SLICE_X93Y45   activation_unit_instance/activation_data_reg[13]/C
High Pulse Width  Fast    FDRE/C              n/a            0.500         5.000       4.500      SLICE_X93Y45   activation_unit_instance/activation_data_reg[13]/C
High Pulse Width  Slow    FDRE/C              n/a            0.500         5.000       4.500      SLICE_X92Y47   activation_unit_instance/activation_data_reg[14]/C
High Pulse Width  Fast    FDRE/C              n/a            0.500         5.000       4.500      SLICE_X92Y47   activation_unit_instance/activation_data_reg[14]/C
High Pulse Width  Slow    FDRE/C              n/a            0.500         5.000       4.500      SLICE_X88Y41   activation_unit_instance/activation_data_reg[16]/C
High Pulse Width  Fast    FDRE/C              n/a            0.500         5.000       4.500      SLICE_X88Y41   activation_unit_instance/activation_data_reg[16]/C



