Copyright 1986-2022 Xilinx, Inc. All Rights Reserved.
----------------------------------------------------------------------------------------------------------------------------------------------------------------------------------------
| Tool Version : Vivado v.2022.1 (win64) Build 3526262 Mon Apr 18 15:48:16 MDT 2022
| Date         : Sat Sep 19 17:25:37 2026
| Host         : BOOK-P2O9FRPHFQ running 64-bit major release  (build 9200)
| Command      : report_timing_summary -delay_type min_max -max_paths 20 -file C:/Users/iuhj0/Eddie/rag_db_project/artifacts/synthesis/optimized_accelerator/run_004/timing_summary.rpt
| Design       : zyNet
| Device       : 7z020-clg400
| Speed File   : -1  PRODUCTION 1.12 2019-11-22
----------------------------------------------------------------------------------------------------------------------------------------------------------------------------------------

Timing Summary Report

------------------------------------------------------------------------------------------------
| Timer Settings
| --------------
------------------------------------------------------------------------------------------------

  Enable Multi Corner Analysis               :  Yes
  Enable Pessimism Removal                   :  Yes
  Pessimism Removal Resolution               :  Nearest Common Node
  Enable Input Delay Default Clock           :  No
  Enable Preset / Clear Arcs                 :  No
  Disable Flight Delays                      :  No
  Ignore I/O Paths                           :  No
  Timing Early Launch at Borrowing Latches   :  No
  Borrow Time for Max Delay Exceptions       :  Yes
  Merge Timing Exceptions                    :  Yes

  Corner  Analyze    Analyze    
  Name    Max Paths  Min Paths  
  ------  ---------  ---------  
  Slow    Yes        Yes        
  Fast    Yes        Yes        


------------------------------------------------------------------------------------------------
| Report Methodology
| ------------------
------------------------------------------------------------------------------------------------

No report available as report_methodology has not been run prior. Run report_methodology on the current design for the summary of methodology violations.



check_timing report

Table of Contents
-----------------
1. checking no_clock (0)
2. checking constant_clock (0)
3. checking pulse_width_clock (0)
4. checking unconstrained_internal_endpoints (0)
5. checking no_input_delay (20)
6. checking no_output_delay (11)
7. checking multiple_clock (0)
8. checking generated_clocks (0)
9. checking loops (0)
10. checking partial_input_delay (0)
11. checking partial_output_delay (0)
12. checking latch_loops (0)

1. checking no_clock (0)
------------------------
 There are 0 register/latch pins with no clock.


2. checking constant_clock (0)
------------------------------
 There are 0 register/latch pins with constant_clock.


3. checking pulse_width_clock (0)
---------------------------------
 There are 0 register/latch pins which need pulse_width check


4. checking unconstrained_internal_endpoints (0)
------------------------------------------------
 There are 0 pins that are not constrained for maximum delay.

 There are 0 pins that are not constrained for maximum delay due to constant clock.


5. checking no_input_delay (20)
-------------------------------
 There are 20 input ports with no input delay specified. (HIGH)

 There are 0 input ports with no input delay but user has a false path constraint.


6. checking no_output_delay (11)
--------------------------------
 There are 11 ports with no output delay specified. (HIGH)

 There are 0 ports with no output delay but user has a false path constraint

 There are 0 ports with no output delay but with a timing clock defined on it or propagating through it


7. checking multiple_clock (0)
------------------------------
 There are 0 register/latch pins with multiple clocks.


8. checking generated_clocks (0)
--------------------------------
 There are 0 generated clocks that are not connected to a clock source.


9. checking loops (0)
---------------------
 There are 0 combinational loops in the design.


10. checking partial_input_delay (0)
------------------------------------
 There are 0 input ports with partial input delay specified.


11. checking partial_output_delay (0)
-------------------------------------
 There are 0 ports with partial output delay specified.


12. checking latch_loops (0)
----------------------------
 There are 0 combinational latch loops in the design through latch input



------------------------------------------------------------------------------------------------
| Design Timing Summary
| ---------------------
------------------------------------------------------------------------------------------------

    WNS(ns)      TNS(ns)  TNS Failing Endpoints  TNS Total Endpoints      WHS(ns)      THS(ns)  THS Failing Endpoints  THS Total Endpoints     WPWS(ns)     TPWS(ns)  TPWS Failing Endpoints  TPWS Total Endpoints  
    -------      -------  ---------------------  -------------------      -------      -------  ---------------------  -------------------     --------     --------  ----------------------  --------------------  
      0.281        0.000                      0                 2987        0.137        0.000                      0                 2987        4.500        0.000                       0                   760  


All user specified timing constraints are met.


------------------------------------------------------------------------------------------------
| Clock Summary
| -------------
------------------------------------------------------------------------------------------------

Clock       Waveform(ns)       Period(ns)      Frequency(MHz)
-----       ------------       ----------      --------------
s_axi_aclk  {0.000 5.000}      10.000          100.000         


------------------------------------------------------------------------------------------------
| Intra Clock Table
| -----------------
------------------------------------------------------------------------------------------------

Clock             WNS(ns)      TNS(ns)  TNS Failing Endpoints  TNS Total Endpoints      WHS(ns)      THS(ns)  THS Failing Endpoints  THS Total Endpoints     WPWS(ns)     TPWS(ns)  TPWS Failing Endpoints  TPWS Total Endpoints  
-----             -------      -------  ---------------------  -------------------      -------      -------  ---------------------  -------------------     --------     --------  ----------------------  --------------------  
s_axi_aclk          0.281        0.000                      0                 2987        0.137        0.000                      0                 2987        4.500        0.000                       0                   760  


------------------------------------------------------------------------------------------------
| Inter Clock Table
| -----------------
------------------------------------------------------------------------------------------------

From Clock    To Clock          WNS(ns)      TNS(ns)  TNS Failing Endpoints  TNS Total Endpoints      WHS(ns)      THS(ns)  THS Failing Endpoints  THS Total Endpoints  
----------    --------          -------      -------  ---------------------  -------------------      -------      -------  ---------------------  -------------------  


------------------------------------------------------------------------------------------------
| Other Path Groups Table
| -----------------------
------------------------------------------------------------------------------------------------

Path Group    From Clock    To Clock          WNS(ns)      TNS(ns)  TNS Failing Endpoints  TNS Total Endpoints      WHS(ns)      THS(ns)  THS Failing Endpoints  THS Total Endpoints  
----------    ----------    --------          -------      -------  ---------------------  -------------------      -------      -------  ---------------------  -------------------  


------------------------------------------------------------------------------------------------
| Timing Details
| --------------
------------------------------------------------------------------------------------------------


---------------------------------------------------------------------------------------------------
From Clock:  s_axi_aclk
  To Clock:  s_axi_aclk

Setup :            0  Failing Endpoints,  Worst Slack        0.281ns,  Total Violation        0.000ns
Hold  :            0  Failing Endpoints,  Worst Slack        0.137ns,  Total Violation        0.000ns
PW    :            0  Failing Endpoints,  Worst Slack        4.500ns,  Total Violation        0.000ns
---------------------------------------------------------------------------------------------------


Max Delay Paths
--------------------------------------------------------------------------------------
Slack (MET) :             0.281ns  (required time - arrival time)
  Source:                 bias_sram_instance/bias_data_reg[31]/C
                            (rising edge-triggered cell FDRE clocked by s_axi_aclk  {rise@0.000ns fall@5.000ns period=10.000ns})
  Destination:            activation_unit_instance/activation_data_reg[32]/D
                            (rising edge-triggered cell FDRE clocked by s_axi_aclk  {rise@0.000ns fall@5.000ns period=10.000ns})
  Path Group:             s_axi_aclk
  Path Type:              Setup (Max at Slow Process Corner)
  Requirement:            10.000ns  (s_axi_aclk rise@10.000ns - s_axi_aclk rise@0.000ns)
  Data Path Delay:        9.619ns  (logic 3.670ns (38.154%)  route 5.949ns (61.846%))
  Logic Levels:           12  (CARRY4=4 LUT1=1 LUT2=1 LUT3=1 LUT5=1 LUT6=3 MUXF7=1)
  Clock Path Skew:        -0.145ns (DCD - SCD + CPR)
    Destination Clock Delay (DCD):    2.128ns = ( 12.128 - 10.000 ) 
    Source Clock Delay      (SCD):    2.456ns
    Clock Pessimism Removal (CPR):    0.184ns
  Clock Uncertainty:      0.035ns  ((TSJ^2 + TIJ^2)^1/2 + DJ) / 2 + PE
    Total System Jitter     (TSJ):    0.071ns
    Total Input Jitter      (TIJ):    0.000ns
    Discrete Jitter          (DJ):    0.000ns
    Phase Error              (PE):    0.000ns

    Location             Delay type                Incr(ns)  Path(ns)    Netlist Resource(s)
  -------------------------------------------------------------------    -------------------
                         (clock s_axi_aclk rise edge)
                                                      0.000     0.000 r  
                                                      0.000     0.000 r  s_axi_aclk (IN)
                         net (fo=0)                   0.000     0.000    s_axi_aclk
                         IBUF (Prop_ibuf_I_O)         0.972     0.972 r  s_axi_aclk_IBUF_inst/O
                         net (fo=1, unplaced)         0.800     1.771    s_axi_aclk_IBUF
                         BUFG (Prop_bufg_I_O)         0.101     1.872 r  s_axi_aclk_IBUF_BUFG_inst/O
                         net (fo=759, unplaced)       0.584     2.456    bias_sram_instance/s_axi_aclk_IBUF_BUFG
                         FDRE                                         r  bias_sram_instance/bias_data_reg[31]/C
  -------------------------------------------------------------------    -------------------
                         FDRE (Prop_fdre_C_Q)         0.478     2.934 f  bias_sram_instance/bias_data_reg[31]/Q
                         net (fo=1, unplaced)         0.965     3.899    bias_sram_instance/bias_data_reg_n_0_[31]
                         LUT6 (Prop_lut6_I0_O)        0.295     4.194 f  bias_sram_instance/activation_data[38]_i_51/O
                         net (fo=1, unplaced)         0.449     4.643    dnn_scheduler_instance/activation_data_reg[6]_i_4_2
                         LUT5 (Prop_lut5_I4_O)        0.124     4.767 f  dnn_scheduler_instance/activation_data[38]_i_17/O
                         net (fo=25, unplaced)        0.514     5.281    dnn_scheduler_instance/activation_column_reg[0]_0
                         LUT1 (Prop_lut1_I0_O)        0.124     5.405 r  dnn_scheduler_instance/activation_data[38]_i_16/O
                         net (fo=1, unplaced)         0.639     6.044    dnn_scheduler_instance/activation_data[38]_i_16_n_0
                         CARRY4 (Prop_carry4_DI[1]_CO[3])
                                                      0.520     6.564 r  dnn_scheduler_instance/activation_data_reg[38]_i_4/CO[3]
                         net (fo=1, unplaced)         0.000     6.564    dnn_scheduler_instance/activation_data_reg[38]_i_4_n_0
                         CARRY4 (Prop_carry4_CI_O[1])
                                                      0.337     6.901 f  dnn_scheduler_instance/activation_data_reg[38]_i_40/O[1]
                         net (fo=4, unplaced)         0.635     7.536    activation_unit_instance/saturated_q5_52[13]
                         LUT2 (Prop_lut2_I0_O)        0.331     7.867 r  activation_unit_instance/activation_data[38]_i_32/O
                         net (fo=1, unplaced)         0.000     7.867    activation_unit_instance/activation_data[38]_i_32_n_0
                         CARRY4 (Prop_carry4_DI[3]_CO[3])
                                                      0.429     8.296 r  activation_unit_instance/activation_data_reg[38]_i_8/CO[3]
                         net (fo=1, unplaced)         0.009     8.305    activation_unit_instance/activation_data_reg[38]_i_8_n_0
                         CARRY4 (Prop_carry4_CI_CO[1])
                                                      0.179     8.484 f  activation_unit_instance/activation_data_reg[38]_i_3/CO[1]
                         net (fo=16, unplaced)        0.665     9.149    dnn_scheduler_instance/activation_data_reg[32][0]
                         LUT3 (Prop_lut3_I1_O)        0.358     9.507 r  dnn_scheduler_instance/activation_data[37]_i_11/O
                         net (fo=20, unplaced)        1.171    10.678    activation_unit_instance/sel[1]
                         LUT6 (Prop_lut6_I1_O)        0.124    10.802 r  activation_unit_instance/p_0_out_inferred__3/activation_data[32]_i_7/O
                         net (fo=1, unplaced)         0.902    11.704    activation_unit_instance/p_0_out_inferred__3/activation_data[32]_i_7_n_0
                         LUT6 (Prop_lut6_I1_O)        0.124    11.828 r  activation_unit_instance/p_0_out_inferred__3/activation_data[32]_i_3/O
                         net (fo=1, unplaced)         0.000    11.828    activation_unit_instance/p_0_out_inferred__3/activation_data[32]_i_3_n_0
                         MUXF7 (Prop_muxf7_I1_O)      0.247    12.075 r  activation_unit_instance/p_0_out_inferred__3/activation_data_reg[32]_i_1/O
                         net (fo=1, unplaced)         0.000    12.075    activation_unit_instance/p_0_out_inferred__3/activation_data_reg[32]_i_1_n_0
                         FDRE                                         r  activation_unit_instance/activation_data_reg[32]/D
  -------------------------------------------------------------------    -------------------

                         (clock s_axi_aclk rise edge)
                                                     10.000    10.000 r  
                                                      0.000    10.000 r  s_axi_aclk (IN)
                         net (fo=0)                   0.000    10.000    s_axi_aclk
                         IBUF (Prop_ibuf_I_O)         0.838    10.838 r  s_axi_aclk_IBUF_inst/O
                         net (fo=1, unplaced)         0.760    11.598    s_axi_aclk_IBUF
                         BUFG (Prop_bufg_I_O)         0.091    11.689 r  s_axi_aclk_IBUF_BUFG_inst/O
                         net (fo=759, unplaced)       0.439    12.128    activation_unit_instance/s_axi_aclk_IBUF_BUFG
                         FDRE                                         r  activation_unit_instance/activation_data_reg[32]/C
                         clock pessimism              0.184    12.311    
                         clock uncertainty           -0.035    12.276    
                         FDRE (Setup_fdre_C_D)        0.080    12.356    activation_unit_instance/activation_data_reg[32]
  -------------------------------------------------------------------
                         required time                         12.356    
                         arrival time                         -12.075    
  -------------------------------------------------------------------
                         slack                                  0.281    

Slack (MET) :             0.286ns  (required time - arrival time)
  Source:                 bias_sram_instance/bias_data_reg[31]/C
                            (rising edge-triggered cell FDRE clocked by s_axi_aclk  {rise@0.000ns fall@5.000ns period=10.000ns})
  Destination:            activation_unit_instance/activation_data_reg[33]/D
                            (rising edge-triggered cell FDRE clocked by s_axi_aclk  {rise@0.000ns fall@5.000ns period=10.000ns})
  Path Group:             s_axi_aclk
  Path Type:              Setup (Max at Slow Process Corner)
  Requirement:            10.000ns  (s_axi_aclk rise@10.000ns - s_axi_aclk rise@0.000ns)
  Data Path Delay:        9.614ns  (logic 3.664ns (38.111%)  route 5.950ns (61.889%))
  Logic Levels:           12  (CARRY4=4 LUT1=1 LUT2=1 LUT3=1 LUT5=1 LUT6=3 MUXF7=1)
  Clock Path Skew:        -0.145ns (DCD - SCD + CPR)
    Destination Clock Delay (DCD):    2.128ns = ( 12.128 - 10.000 ) 
    Source Clock Delay      (SCD):    2.456ns
    Clock Pessimism Removal (CPR):    0.184ns
  Clock Uncertainty:      0.035ns  ((TSJ^2 + TIJ^2)^1/2 + DJ) / 2 + PE
    Total System Jitter     (TSJ):    0.071ns
    Total Input Jitter      (TIJ):    0.000ns
    Discrete Jitter          (DJ):    0.000ns
    Phase Error              (PE):    0.000ns

    Location             Delay type                Incr(ns)  Path(ns)    Netlist Resource(s)
  -------------------------------------------------------------------    -------------------
                         (clock s_axi_aclk rise edge)
                                                      0.000     0.000 r  
                                                      0.000     0.000 r  s_axi_aclk (IN)
                         net (fo=0)                   0.000     0.000    s_axi_aclk
                         IBUF (Prop_ibuf_I_O)         0.972     0.972 r  s_axi_aclk_IBUF_inst/O
                         net (fo=1, unplaced)         0.800     1.771    s_axi_aclk_IBUF
                         BUFG (Prop_bufg_I_O)         0.101     1.872 r  s_axi_aclk_IBUF_BUFG_inst/O
                         net (fo=759, unplaced)       0.584     2.456    bias_sram_instance/s_axi_aclk_IBUF_BUFG
                         FDRE                                         r  bias_sram_instance/bias_data_reg[31]/C
  -------------------------------------------------------------------    -------------------
                         FDRE (Prop_fdre_C_Q)         0.478     2.934 f  bias_sram_instance/bias_data_reg[31]/Q
                         net (fo=1, unplaced)         0.965     3.899    bias_sram_instance/bias_data_reg_n_0_[31]
                         LUT6 (Prop_lut6_I0_O)        0.295     4.194 f  bias_sram_instance/activation_data[38]_i_51/O
                         net (fo=1, unplaced)         0.449     4.643    dnn_scheduler_instance/activation_data_reg[6]_i_4_2
                         LUT5 (Prop_lut5_I4_O)        0.124     4.767 f  dnn_scheduler_instance/activation_data[38]_i_17/O
                         net (fo=25, unplaced)        0.514     5.281    dnn_scheduler_instance/activation_column_reg[0]_0
                         LUT1 (Prop_lut1_I0_O)        0.124     5.405 r  dnn_scheduler_instance/activation_data[38]_i_16/O
                         net (fo=1, unplaced)         0.639     6.044    dnn_scheduler_instance/activation_data[38]_i_16_n_0
                         CARRY4 (Prop_carry4_DI[1]_CO[3])
                                                      0.520     6.564 r  dnn_scheduler_instance/activation_data_reg[38]_i_4/CO[3]
                         net (fo=1, unplaced)         0.000     6.564    dnn_scheduler_instance/activation_data_reg[38]_i_4_n_0
                         CARRY4 (Prop_carry4_CI_O[1])
                                                      0.337     6.901 f  dnn_scheduler_instance/activation_data_reg[38]_i_40/O[1]
                         net (fo=4, unplaced)         0.635     7.536    activation_unit_instance/saturated_q5_52[13]
                         LUT2 (Prop_lut2_I0_O)        0.331     7.867 r  activation_unit_instance/activation_data[38]_i_32/O
                         net (fo=1, unplaced)         0.000     7.867    activation_unit_instance/activation_data[38]_i_32_n_0
                         CARRY4 (Prop_carry4_DI[3]_CO[3])
                                                      0.429     8.296 r  activation_unit_instance/activation_data_reg[38]_i_8/CO[3]
                         net (fo=1, unplaced)         0.009     8.305    activation_unit_instance/activation_data_reg[38]_i_8_n_0
                         CARRY4 (Prop_carry4_CI_CO[1])
                                                      0.179     8.484 f  activation_unit_instance/activation_data_reg[38]_i_3/CO[1]
                         net (fo=16, unplaced)        0.665     9.149    dnn_scheduler_instance/activation_data_reg[32][0]
                         LUT3 (Prop_lut3_I1_O)        0.358     9.507 r  dnn_scheduler_instance/activation_data[37]_i_8/O
                         net (fo=21, unplaced)        1.172    10.679    activation_unit_instance/sel[4]
                         LUT6 (Prop_lut6_I1_O)        0.124    10.803 r  activation_unit_instance/p_0_out_inferred__3/activation_data[33]_i_4/O
                         net (fo=1, unplaced)         0.902    11.705    activation_unit_instance/p_0_out_inferred__3/activation_data[33]_i_4_n_0
                         LUT6 (Prop_lut6_I0_O)        0.124    11.829 r  activation_unit_instance/p_0_out_inferred__3/activation_data[33]_i_2/O
                         net (fo=1, unplaced)         0.000    11.829    activation_unit_instance/p_0_out_inferred__3/activation_data[33]_i_2_n_0
                         MUXF7 (Prop_muxf7_I0_O)      0.241    12.070 r  activation_unit_instance/p_0_out_inferred__3/activation_data_reg[33]_i_1/O
                         net (fo=1, unplaced)         0.000    12.070    activation_unit_instance/p_0_out_inferred__3/activation_data_reg[33]_i_1_n_0
                         FDRE                                         r  activation_unit_instance/activation_data_reg[33]/D
  -------------------------------------------------------------------    -------------------

                         (clock s_axi_aclk rise edge)
                                                     10.000    10.000 r  
                                                      0.000    10.000 r  s_axi_aclk (IN)
                         net (fo=0)                   0.000    10.000    s_axi_aclk
                         IBUF (Prop_ibuf_I_O)         0.838    10.838 r  s_axi_aclk_IBUF_inst/O
                         net (fo=1, unplaced)         0.760    11.598    s_axi_aclk_IBUF
                         BUFG (Prop_bufg_I_O)         0.091    11.689 r  s_axi_aclk_IBUF_BUFG_inst/O
                         net (fo=759, unplaced)       0.439    12.128    activation_unit_instance/s_axi_aclk_IBUF_BUFG
                         FDRE                                         r  activation_unit_instance/activation_data_reg[33]/C
                         clock pessimism              0.184    12.311    
                         clock uncertainty           -0.035    12.276    
                         FDRE (Setup_fdre_C_D)        0.080    12.356    activation_unit_instance/activation_data_reg[33]
  -------------------------------------------------------------------
                         required time                         12.356    
                         arrival time                         -12.070    
  -------------------------------------------------------------------
                         slack                                  0.286    

Slack (MET) :             0.520ns  (required time - arrival time)
  Source:                 bias_sram_instance/bias_data_reg[31]/C
                            (rising edge-triggered cell FDRE clocked by s_axi_aclk  {rise@0.000ns fall@5.000ns period=10.000ns})
  Destination:            activation_unit_instance/activation_data_reg[34]/D
                            (rising edge-triggered cell FDRE clocked by s_axi_aclk  {rise@0.000ns fall@5.000ns period=10.000ns})
  Path Group:             s_axi_aclk
  Path Type:              Setup (Max at Slow Process Corner)
  Requirement:            10.000ns  (s_axi_aclk rise@10.000ns - s_axi_aclk rise@0.000ns)
  Data Path Delay:        9.344ns  (logic 3.844ns (41.139%)  route 5.500ns (58.861%))
  Logic Levels:           12  (CARRY4=4 LUT1=1 LUT2=1 LUT3=1 LUT5=2 LUT6=2 MUXF7=1)
  Clock Path Skew:        -0.145ns (DCD - SCD + CPR)
    Destination Clock Delay (DCD):    2.128ns = ( 12.128 - 10.000 ) 
    Source Clock Delay      (SCD):    2.456ns
    Clock Pessimism Removal (CPR):    0.184ns
  Clock Uncertainty:      0.035ns  ((TSJ^2 + TIJ^2)^1/2 + DJ) / 2 + PE
    Total System Jitter     (TSJ):    0.071ns
    Total Input Jitter      (TIJ):    0.000ns
    Discrete Jitter          (DJ):    0.000ns
    Phase Error              (PE):    0.000ns

    Location             Delay type                Incr(ns)  Path(ns)    Netlist Resource(s)
  -------------------------------------------------------------------    -------------------
                         (clock s_axi_aclk rise edge)
                                                      0.000     0.000 r  
                                                      0.000     0.000 r  s_axi_aclk (IN)
                         net (fo=0)                   0.000     0.000    s_axi_aclk
                         IBUF (Prop_ibuf_I_O)         0.972     0.972 r  s_axi_aclk_IBUF_inst/O
                         net (fo=1, unplaced)         0.800     1.771    s_axi_aclk_IBUF
                         BUFG (Prop_bufg_I_O)         0.101     1.872 r  s_axi_aclk_IBUF_BUFG_inst/O
                         net (fo=759, unplaced)       0.584     2.456    bias_sram_instance/s_axi_aclk_IBUF_BUFG
                         FDRE                                         r  bias_sram_instance/bias_data_reg[31]/C
  -------------------------------------------------------------------    -------------------
                         FDRE (Prop_fdre_C_Q)         0.478     2.934 f  bias_sram_instance/bias_data_reg[31]/Q
                         net (fo=1, unplaced)         0.965     3.899    bias_sram_instance/bias_data_reg_n_0_[31]
                         LUT6 (Prop_lut6_I0_O)        0.295     4.194 f  bias_sram_instance/activation_data[38]_i_51/O
                         net (fo=1, unplaced)         0.449     4.643    dnn_scheduler_instance/activation_data_reg[6]_i_4_2
                         LUT5 (Prop_lut5_I4_O)        0.124     4.767 f  dnn_scheduler_instance/activation_data[38]_i_17/O
                         net (fo=25, unplaced)        0.514     5.281    dnn_scheduler_instance/activation_column_reg[0]_0
                         LUT1 (Prop_lut1_I0_O)        0.124     5.405 r  dnn_scheduler_instance/activation_data[38]_i_16/O
                         net (fo=1, unplaced)         0.639     6.044    dnn_scheduler_instance/activation_data[38]_i_16_n_0
                         CARRY4 (Prop_carry4_DI[1]_CO[3])
                                                      0.520     6.564 r  dnn_scheduler_instance/activation_data_reg[38]_i_4/CO[3]
                         net (fo=1, unplaced)         0.000     6.564    dnn_scheduler_instance/activation_data_reg[38]_i_4_n_0
                         CARRY4 (Prop_carry4_CI_O[1])
                                                      0.337     6.901 f  dnn_scheduler_instance/activation_data_reg[38]_i_40/O[1]
                         net (fo=4, unplaced)         0.635     7.536    activation_unit_instance/saturated_q5_52[13]
                         LUT2 (Prop_lut2_I0_O)        0.331     7.867 r  activation_unit_instance/activation_data[38]_i_32/O
                         net (fo=1, unplaced)         0.000     7.867    activation_unit_instance/activation_data[38]_i_32_n_0
                         CARRY4 (Prop_carry4_DI[3]_CO[3])
                                                      0.429     8.296 r  activation_unit_instance/activation_data_reg[38]_i_8/CO[3]
                         net (fo=1, unplaced)         0.009     8.305    activation_unit_instance/activation_data_reg[38]_i_8_n_0
                         CARRY4 (Prop_carry4_CI_CO[1])
                                                      0.179     8.484 f  activation_unit_instance/activation_data_reg[38]_i_3/CO[1]
                         net (fo=16, unplaced)        0.665     9.149    dnn_scheduler_instance/activation_data_reg[32][0]
                         LUT3 (Prop_lut3_I1_O)        0.358     9.507 r  dnn_scheduler_instance/activation_data[37]_i_8/O
                         net (fo=21, unplaced)        1.172    10.679    activation_unit_instance/sel[4]
                         LUT6 (Prop_lut6_I1_O)        0.124    10.803 r  activation_unit_instance/p_0_out_inferred__3/activation_data[34]_i_7/O
                         net (fo=1, unplaced)         0.000    10.803    activation_unit_instance/p_0_out_inferred__3/activation_data[34]_i_7_n_0
                         MUXF7 (Prop_muxf7_I1_O)      0.247    11.050 r  activation_unit_instance/p_0_out_inferred__3/activation_data_reg[34]_i_3/O
                         net (fo=1, unplaced)         0.452    11.502    activation_unit_instance/p_0_out_inferred__3/activation_data_reg[34]_i_3_n_0
                         LUT5 (Prop_lut5_I3_O)        0.298    11.800 r  activation_unit_instance/p_0_out_inferred__3/activation_data[34]_i_1/O
                         net (fo=1, unplaced)         0.000    11.800    activation_unit_instance/p_0_out_inferred__3/activation_data[34]_i_1_n_0
                         FDRE                                         r  activation_unit_instance/activation_data_reg[34]/D
  -------------------------------------------------------------------    -------------------

                         (clock s_axi_aclk rise edge)
                                                     10.000    10.000 r  
                                                      0.000    10.000 r  s_axi_aclk (IN)
                         net (fo=0)                   0.000    10.000    s_axi_aclk
                         IBUF (Prop_ibuf_I_O)         0.838    10.838 r  s_axi_aclk_IBUF_inst/O
                         net (fo=1, unplaced)         0.760    11.598    s_axi_aclk_IBUF
                         BUFG (Prop_bufg_I_O)         0.091    11.689 r  s_axi_aclk_IBUF_BUFG_inst/O
                         net (fo=759, unplaced)       0.439    12.128    activation_unit_instance/s_axi_aclk_IBUF_BUFG
                         FDRE                                         r  activation_unit_instance/activation_data_reg[34]/C
                         clock pessimism              0.184    12.311    
                         clock uncertainty           -0.035    12.276    
                         FDRE (Setup_fdre_C_D)        0.044    12.320    activation_unit_instance/activation_data_reg[34]
  -------------------------------------------------------------------
                         required time                         12.320    
                         arrival time                         -11.800    
  -------------------------------------------------------------------
                         slack                                  0.520    

Slack (MET) :             0.520ns  (required time - arrival time)
  Source:                 bias_sram_instance/bias_data_reg[31]/C
                            (rising edge-triggered cell FDRE clocked by s_axi_aclk  {rise@0.000ns fall@5.000ns period=10.000ns})
  Destination:            activation_unit_instance/activation_data_reg[35]/D
                            (rising edge-triggered cell FDRE clocked by s_axi_aclk  {rise@0.000ns fall@5.000ns period=10.000ns})
  Path Group:             s_axi_aclk
  Path Type:              Setup (Max at Slow Process Corner)
  Requirement:            10.000ns  (s_axi_aclk rise@10.000ns - s_axi_aclk rise@0.000ns)
  Data Path Delay:        9.344ns  (logic 3.844ns (41.139%)  route 5.500ns (58.861%))
  Logic Levels:           12  (CARRY4=4 LUT1=1 LUT2=1 LUT3=1 LUT5=3 LUT6=1 MUXF7=1)
  Clock Path Skew:        -0.145ns (DCD - SCD + CPR)
    Destination Clock Delay (DCD):    2.128ns = ( 12.128 - 10.000 ) 
    Source Clock Delay      (SCD):    2.456ns
    Clock Pessimism Removal (CPR):    0.184ns
  Clock Uncertainty:      0.035ns  ((TSJ^2 + TIJ^2)^1/2 + DJ) / 2 + PE
    Total System Jitter     (TSJ):    0.071ns
    Total Input Jitter      (TIJ):    0.000ns
    Discrete Jitter          (DJ):    0.000ns
    Phase Error              (PE):    0.000ns

    Location             Delay type                Incr(ns)  Path(ns)    Netlist Resource(s)
  -------------------------------------------------------------------    -------------------
                         (clock s_axi_aclk rise edge)
                                                      0.000     0.000 r  
                                                      0.000     0.000 r  s_axi_aclk (IN)
                         net (fo=0)                   0.000     0.000    s_axi_aclk
                         IBUF (Prop_ibuf_I_O)         0.972     0.972 r  s_axi_aclk_IBUF_inst/O
                         net (fo=1, unplaced)         0.800     1.771    s_axi_aclk_IBUF
                         BUFG (Prop_bufg_I_O)         0.101     1.872 r  s_axi_aclk_IBUF_BUFG_inst/O
                         net (fo=759, unplaced)       0.584     2.456    bias_sram_instance/s_axi_aclk_IBUF_BUFG
                         FDRE                                         r  bias_sram_instance/bias_data_reg[31]/C
  -------------------------------------------------------------------    -------------------
                         FDRE (Prop_fdre_C_Q)         0.478     2.934 f  bias_sram_instance/bias_data_reg[31]/Q
                         net (fo=1, unplaced)         0.965     3.899    bias_sram_instance/bias_data_reg_n_0_[31]
                         LUT6 (Prop_lut6_I0_O)        0.295     4.194 f  bias_sram_instance/activation_data[38]_i_51/O
                         net (fo=1, unplaced)         0.449     4.643    dnn_scheduler_instance/activation_data_reg[6]_i_4_2
                         LUT5 (Prop_lut5_I4_O)        0.124     4.767 f  dnn_scheduler_instance/activation_data[38]_i_17/O
                         net (fo=25, unplaced)        0.514     5.281    dnn_scheduler_instance/activation_column_reg[0]_0
                         LUT1 (Prop_lut1_I0_O)        0.124     5.405 r  dnn_scheduler_instance/activation_data[38]_i_16/O
                         net (fo=1, unplaced)         0.639     6.044    dnn_scheduler_instance/activation_data[38]_i_16_n_0
                         CARRY4 (Prop_carry4_DI[1]_CO[3])
                                                      0.520     6.564 r  dnn_scheduler_instance/activation_data_reg[38]_i_4/CO[3]
                         net (fo=1, unplaced)         0.000     6.564    dnn_scheduler_instance/activation_data_reg[38]_i_4_n_0
                         CARRY4 (Prop_carry4_CI_O[1])
                                                      0.337     6.901 f  dnn_scheduler_instance/activation_data_reg[38]_i_40/O[1]
                         net (fo=4, unplaced)         0.635     7.536    activation_unit_instance/saturated_q5_52[13]
                         LUT2 (Prop_lut2_I0_O)        0.331     7.867 r  activation_unit_instance/activation_data[38]_i_32/O
                         net (fo=1, unplaced)         0.000     7.867    activation_unit_instance/activation_data[38]_i_32_n_0
                         CARRY4 (Prop_carry4_DI[3]_CO[3])
                                                      0.429     8.296 r  activation_unit_instance/activation_data_reg[38]_i_8/CO[3]
                         net (fo=1, unplaced)         0.009     8.305    activation_unit_instance/activation_data_reg[38]_i_8_n_0
                         CARRY4 (Prop_carry4_CI_CO[1])
                                                      0.179     8.484 f  activation_unit_instance/activation_data_reg[38]_i_3/CO[1]
                         net (fo=16, unplaced)        0.665     9.149    dnn_scheduler_instance/activation_data_reg[32][0]
                         LUT3 (Prop_lut3_I1_O)        0.358     9.507 r  dnn_scheduler_instance/activation_data[37]_i_8/O
                         net (fo=21, unplaced)        1.172    10.679    activation_unit_instance/sel[4]
                         LUT5 (Prop_lut5_I0_O)        0.124    10.803 r  activation_unit_instance/p_0_out_inferred__3/activation_data[35]_i_7/O
                         net (fo=1, unplaced)         0.000    10.803    activation_unit_instance/p_0_out_inferred__3/activation_data[35]_i_7_n_0
                         MUXF7 (Prop_muxf7_I1_O)      0.247    11.050 r  activation_unit_instance/p_0_out_inferred__3/activation_data_reg[35]_i_3/O
                         net (fo=1, unplaced)         0.452    11.502    activation_unit_instance/p_0_out_inferred__3/activation_data_reg[35]_i_3_n_0
                         LUT5 (Prop_lut5_I3_O)        0.298    11.800 r  activation_unit_instance/p_0_out_inferred__3/activation_data[35]_i_1/O
                         net (fo=1, unplaced)         0.000    11.800    activation_unit_instance/p_0_out_inferred__3/activation_data[35]_i_1_n_0
                         FDRE                                         r  activation_unit_instance/activation_data_reg[35]/D
  -------------------------------------------------------------------    -------------------

                         (clock s_axi_aclk rise edge)
                                                     10.000    10.000 r  
                                                      0.000    10.000 r  s_axi_aclk (IN)
                         net (fo=0)                   0.000    10.000    s_axi_aclk
                         IBUF (Prop_ibuf_I_O)         0.838    10.838 r  s_axi_aclk_IBUF_inst/O
                         net (fo=1, unplaced)         0.760    11.598    s_axi_aclk_IBUF
                         BUFG (Prop_bufg_I_O)         0.091    11.689 r  s_axi_aclk_IBUF_BUFG_inst/O
                         net (fo=759, unplaced)       0.439    12.128    activation_unit_instance/s_axi_aclk_IBUF_BUFG
                         FDRE                                         r  activation_unit_instance/activation_data_reg[35]/C
                         clock pessimism              0.184    12.311    
                         clock uncertainty           -0.035    12.276    
                         FDRE (Setup_fdre_C_D)        0.044    12.320    activation_unit_instance/activation_data_reg[35]
  -------------------------------------------------------------------
                         required time                         12.320    
                         arrival time                         -11.800    
  -------------------------------------------------------------------
                         slack                                  0.520    

Slack (MET) :             0.699ns  (required time - arrival time)
  Source:                 bias_sram_instance/bias_data_reg[24]/C
                            (rising edge-triggered cell FDRE clocked by s_axi_aclk  {rise@0.000ns fall@5.000ns period=10.000ns})
  Destination:            activation_unit_instance/activation_data_reg[0]/D
                            (rising edge-triggered cell FDRE clocked by s_axi_aclk  {rise@0.000ns fall@5.000ns period=10.000ns})
  Path Group:             s_axi_aclk
  Path Type:              Setup (Max at Slow Process Corner)
  Requirement:            10.000ns  (s_axi_aclk rise@10.000ns - s_axi_aclk rise@0.000ns)
  Data Path Delay:        9.201ns  (logic 3.919ns (42.593%)  route 5.282ns (57.407%))
  Logic Levels:           13  (CARRY4=5 LUT2=1 LUT3=1 LUT4=1 LUT5=1 LUT6=3 MUXF7=1)
  Clock Path Skew:        -0.145ns (DCD - SCD + CPR)
    Destination Clock Delay (DCD):    2.128ns = ( 12.128 - 10.000 ) 
    Source Clock Delay      (SCD):    2.456ns
    Clock Pessimism Removal (CPR):    0.184ns
  Clock Uncertainty:      0.035ns  ((TSJ^2 + TIJ^2)^1/2 + DJ) / 2 + PE
    Total System Jitter     (TSJ):    0.071ns
    Total Input Jitter      (TIJ):    0.000ns
    Discrete Jitter          (DJ):    0.000ns
    Phase Error              (PE):    0.000ns

    Location             Delay type                Incr(ns)  Path(ns)    Netlist Resource(s)
  -------------------------------------------------------------------    -------------------
                         (clock s_axi_aclk rise edge)
                                                      0.000     0.000 r  
                                                      0.000     0.000 r  s_axi_aclk (IN)
                         net (fo=0)                   0.000     0.000    s_axi_aclk
                         IBUF (Prop_ibuf_I_O)         0.972     0.972 r  s_axi_aclk_IBUF_inst/O
                         net (fo=1, unplaced)         0.800     1.771    s_axi_aclk_IBUF
                         BUFG (Prop_bufg_I_O)         0.101     1.872 r  s_axi_aclk_IBUF_BUFG_inst/O
                         net (fo=759, unplaced)       0.584     2.456    bias_sram_instance/s_axi_aclk_IBUF_BUFG
                         FDRE                                         r  bias_sram_instance/bias_data_reg[24]/C
  -------------------------------------------------------------------    -------------------
                         FDRE (Prop_fdre_C_Q)         0.478     2.934 r  bias_sram_instance/bias_data_reg[24]/Q
                         net (fo=1, unplaced)         0.965     3.899    bias_sram_instance/bias_data_reg_n_0_[24]
                         LUT6 (Prop_lut6_I0_O)        0.295     4.194 r  bias_sram_instance/activation_data[37]_i_33/O
                         net (fo=1, unplaced)         0.449     4.643    dnn_scheduler_instance/activation_data[5]_i_22
                         LUT5 (Prop_lut5_I4_O)        0.124     4.767 r  dnn_scheduler_instance/activation_data[37]_i_29/O
                         net (fo=5, unplaced)         0.477     5.244    systolic_controller_instance/systolic_array_2d_instance/ARRAY_ROWS[1].ARRAY_COLUMNS[2].pe_systolic_cell_instance/mac_pe_instance/activation_data_reg[5]_i_14_5
                         LUT4 (Prop_lut4_I3_O)        0.124     5.368 r  systolic_controller_instance/systolic_array_2d_instance/ARRAY_ROWS[1].ARRAY_COLUMNS[2].pe_systolic_cell_instance/mac_pe_instance/activation_data[5]_i_22/O
                         net (fo=1, unplaced)         0.000     5.368    systolic_controller_instance/systolic_array_2d_instance/ARRAY_ROWS[1].ARRAY_COLUMNS[2].pe_systolic_cell_instance/mac_pe_instance/activation_data[5]_i_22_n_0
                         CARRY4 (Prop_carry4_S[1]_CO[3])
                                                      0.533     5.901 r  systolic_controller_instance/systolic_array_2d_instance/ARRAY_ROWS[1].ARRAY_COLUMNS[2].pe_systolic_cell_instance/mac_pe_instance/activation_data_reg[5]_i_14/CO[3]
                         net (fo=1, unplaced)         0.009     5.910    systolic_controller_instance/systolic_array_2d_instance/ARRAY_ROWS[1].ARRAY_COLUMNS[2].pe_systolic_cell_instance/mac_pe_instance/activation_data_reg[5]_i_14_n_0
                         CARRY4 (Prop_carry4_CI_CO[3])
                                                      0.117     6.027 r  systolic_controller_instance/systolic_array_2d_instance/ARRAY_ROWS[1].ARRAY_COLUMNS[2].pe_systolic_cell_instance/mac_pe_instance/activation_data_reg[6]_i_13/CO[3]
                         net (fo=1, unplaced)         0.000     6.027    systolic_controller_instance/systolic_array_2d_instance/ARRAY_ROWS[1].ARRAY_COLUMNS[2].pe_systolic_cell_instance/mac_pe_instance/activation_data_reg[6]_i_13_n_0
                         CARRY4 (Prop_carry4_CI_O[1])
                                                      0.337     6.364 f  systolic_controller_instance/systolic_array_2d_instance/ARRAY_ROWS[1].ARRAY_COLUMNS[2].pe_systolic_cell_instance/mac_pe_instance/activation_data_reg[6]_i_4/O[1]
                         net (fo=4, unplaced)         0.635     6.999    activation_unit_instance/O[1]
                         LUT2 (Prop_lut2_I0_O)        0.332     7.331 r  activation_unit_instance/activation_data[6]_i_33/O
                         net (fo=1, unplaced)         0.000     7.331    activation_unit_instance/activation_data[6]_i_33_n_0
                         CARRY4 (Prop_carry4_DI[1]_CO[3])
                                                      0.547     7.878 r  activation_unit_instance/activation_data_reg[6]_i_8/CO[3]
                         net (fo=1, unplaced)         0.009     7.887    activation_unit_instance/activation_data_reg[6]_i_8_n_0
                         CARRY4 (Prop_carry4_CI_CO[1])
                                                      0.179     8.066 f  activation_unit_instance/activation_data_reg[6]_i_3/CO[1]
                         net (fo=16, unplaced)        0.665     8.731    systolic_controller_instance/systolic_array_2d_instance/ARRAY_ROWS[0].ARRAY_COLUMNS[3].pe_systolic_cell_instance/mac_pe_instance/activation_data_reg[4][0]
                         LUT3 (Prop_lut3_I1_O)        0.358     9.089 r  systolic_controller_instance/systolic_array_2d_instance/ARRAY_ROWS[0].ARRAY_COLUMNS[3].pe_systolic_cell_instance/mac_pe_instance/activation_data[5]_i_11/O
                         net (fo=20, unplaced)        1.171    10.260    activation_unit_instance/activation_data_reg[4]_4
                         LUT6 (Prop_lut6_I1_O)        0.124    10.384 r  activation_unit_instance/activation_data[0]_i_7/O
                         net (fo=1, unplaced)         0.902    11.286    activation_unit_instance/activation_data[0]_i_7_n_0
                         LUT6 (Prop_lut6_I1_O)        0.124    11.410 r  activation_unit_instance/activation_data[0]_i_3/O
                         net (fo=1, unplaced)         0.000    11.410    activation_unit_instance/activation_data[0]_i_3_n_0
                         MUXF7 (Prop_muxf7_I1_O)      0.247    11.657 r  activation_unit_instance/activation_data_reg[0]_i_1/O
                         net (fo=1, unplaced)         0.000    11.657    activation_unit_instance/p_0_out[0]
                         FDRE                                         r  activation_unit_instance/activation_data_reg[0]/D
  -------------------------------------------------------------------    -------------------

                         (clock s_axi_aclk rise edge)
                                                     10.000    10.000 r  
                                                      0.000    10.000 r  s_axi_aclk (IN)
                         net (fo=0)                   0.000    10.000    s_axi_aclk
                         IBUF (Prop_ibuf_I_O)         0.838    10.838 r  s_axi_aclk_IBUF_inst/O
                         net (fo=1, unplaced)         0.760    11.598    s_axi_aclk_IBUF
                         BUFG (Prop_bufg_I_O)         0.091    11.689 r  s_axi_aclk_IBUF_BUFG_inst/O
                         net (fo=759, unplaced)       0.439    12.128    activation_unit_instance/s_axi_aclk_IBUF_BUFG
                         FDRE                                         r  activation_unit_instance/activation_data_reg[0]/C
                         clock pessimism              0.184    12.311    
                         clock uncertainty           -0.035    12.276    
                         FDRE (Setup_fdre_C_D)        0.080    12.356    activation_unit_instance/activation_data_reg[0]
  -------------------------------------------------------------------
                         required time                         12.356    
                         arrival time                         -11.657    
  -------------------------------------------------------------------
                         slack                                  0.699    

Slack (MET) :             0.699ns  (required time - arrival time)
  Source:                 bias_sram_instance/bias_data_reg[24]/C
                            (rising edge-triggered cell FDRE clocked by s_axi_aclk  {rise@0.000ns fall@5.000ns period=10.000ns})
  Destination:            activation_unit_instance/activation_data_reg[16]/D
                            (rising edge-triggered cell FDRE clocked by s_axi_aclk  {rise@0.000ns fall@5.000ns period=10.000ns})
  Path Group:             s_axi_aclk
  Path Type:              Setup (Max at Slow Process Corner)
  Requirement:            10.000ns  (s_axi_aclk rise@10.000ns - s_axi_aclk rise@0.000ns)
  Data Path Delay:        9.201ns  (logic 3.919ns (42.593%)  route 5.282ns (57.407%))
  Logic Levels:           13  (CARRY4=5 LUT2=1 LUT3=1 LUT4=1 LUT5=1 LUT6=3 MUXF7=1)
  Clock Path Skew:        -0.145ns (DCD - SCD + CPR)
    Destination Clock Delay (DCD):    2.128ns = ( 12.128 - 10.000 ) 
    Source Clock Delay      (SCD):    2.456ns
    Clock Pessimism Removal (CPR):    0.184ns
  Clock Uncertainty:      0.035ns  ((TSJ^2 + TIJ^2)^1/2 + DJ) / 2 + PE
    Total System Jitter     (TSJ):    0.071ns
    Total Input Jitter      (TIJ):    0.000ns
    Discrete Jitter          (DJ):    0.000ns
    Phase Error              (PE):    0.000ns

    Location             Delay type                Incr(ns)  Path(ns)    Netlist Resource(s)
  -------------------------------------------------------------------    -------------------
                         (clock s_axi_aclk rise edge)
                                                      0.000     0.000 r  
                                                      0.000     0.000 r  s_axi_aclk (IN)
                         net (fo=0)                   0.000     0.000    s_axi_aclk
                         IBUF (Prop_ibuf_I_O)         0.972     0.972 r  s_axi_aclk_IBUF_inst/O
                         net (fo=1, unplaced)         0.800     1.771    s_axi_aclk_IBUF
                         BUFG (Prop_bufg_I_O)         0.101     1.872 r  s_axi_aclk_IBUF_BUFG_inst/O
                         net (fo=759, unplaced)       0.584     2.456    bias_sram_instance/s_axi_aclk_IBUF_BUFG
                         FDRE                                         r  bias_sram_instance/bias_data_reg[24]/C
  -------------------------------------------------------------------    -------------------
                         FDRE (Prop_fdre_C_Q)         0.478     2.934 r  bias_sram_instance/bias_data_reg[24]/Q
                         net (fo=1, unplaced)         0.965     3.899    bias_sram_instance/bias_data_reg_n_0_[24]
                         LUT6 (Prop_lut6_I0_O)        0.295     4.194 r  bias_sram_instance/activation_data[37]_i_33/O
                         net (fo=1, unplaced)         0.449     4.643    dnn_scheduler_instance/activation_data[5]_i_22
                         LUT5 (Prop_lut5_I4_O)        0.124     4.767 r  dnn_scheduler_instance/activation_data[37]_i_29/O
                         net (fo=5, unplaced)         0.477     5.244    systolic_controller_instance/systolic_array_2d_instance/ARRAY_ROWS[3].ARRAY_COLUMNS[2].pe_systolic_cell_instance/mac_pe_instance/activation_data_reg[21]_i_14_5
                         LUT4 (Prop_lut4_I3_O)        0.124     5.368 r  systolic_controller_instance/systolic_array_2d_instance/ARRAY_ROWS[3].ARRAY_COLUMNS[2].pe_systolic_cell_instance/mac_pe_instance/activation_data[21]_i_22/O
                         net (fo=1, unplaced)         0.000     5.368    systolic_controller_instance/systolic_array_2d_instance/ARRAY_ROWS[3].ARRAY_COLUMNS[2].pe_systolic_cell_instance/mac_pe_instance/activation_data[21]_i_22_n_0
                         CARRY4 (Prop_carry4_S[1]_CO[3])
                                                      0.533     5.901 r  systolic_controller_instance/systolic_array_2d_instance/ARRAY_ROWS[3].ARRAY_COLUMNS[2].pe_systolic_cell_instance/mac_pe_instance/activation_data_reg[21]_i_14/CO[3]
                         net (fo=1, unplaced)         0.009     5.910    systolic_controller_instance/systolic_array_2d_instance/ARRAY_ROWS[3].ARRAY_COLUMNS[2].pe_systolic_cell_instance/mac_pe_instance/activation_data_reg[21]_i_14_n_0
                         CARRY4 (Prop_carry4_CI_CO[3])
                                                      0.117     6.027 r  systolic_controller_instance/systolic_array_2d_instance/ARRAY_ROWS[3].ARRAY_COLUMNS[2].pe_systolic_cell_instance/mac_pe_instance/activation_data_reg[22]_i_13/CO[3]
                         net (fo=1, unplaced)         0.000     6.027    systolic_controller_instance/systolic_array_2d_instance/ARRAY_ROWS[3].ARRAY_COLUMNS[2].pe_systolic_cell_instance/mac_pe_instance/activation_data_reg[22]_i_13_n_0
                         CARRY4 (Prop_carry4_CI_O[1])
                                                      0.337     6.364 f  systolic_controller_instance/systolic_array_2d_instance/ARRAY_ROWS[3].ARRAY_COLUMNS[2].pe_systolic_cell_instance/mac_pe_instance/activation_data_reg[22]_i_4/O[1]
                         net (fo=4, unplaced)         0.635     6.999    activation_unit_instance/activation_data_reg[22]_i_5[1]
                         LUT2 (Prop_lut2_I0_O)        0.332     7.331 r  activation_unit_instance/activation_data[22]_i_33/O
                         net (fo=1, unplaced)         0.000     7.331    activation_unit_instance/activation_data[22]_i_33_n_0
                         CARRY4 (Prop_carry4_DI[1]_CO[3])
                                                      0.547     7.878 r  activation_unit_instance/activation_data_reg[22]_i_8/CO[3]
                         net (fo=1, unplaced)         0.009     7.887    activation_unit_instance/activation_data_reg[22]_i_8_n_0
                         CARRY4 (Prop_carry4_CI_CO[1])
                                                      0.179     8.066 f  activation_unit_instance/activation_data_reg[22]_i_3/CO[1]
                         net (fo=16, unplaced)        0.665     8.731    systolic_controller_instance/systolic_array_2d_instance/ARRAY_ROWS[2].ARRAY_COLUMNS[3].pe_systolic_cell_instance/mac_pe_instance/activation_data_reg[20][0]
                         LUT3 (Prop_lut3_I1_O)        0.358     9.089 r  systolic_controller_instance/systolic_array_2d_instance/ARRAY_ROWS[2].ARRAY_COLUMNS[3].pe_systolic_cell_instance/mac_pe_instance/activation_data[21]_i_11/O
                         net (fo=20, unplaced)        1.171    10.260    activation_unit_instance/activation_data_reg[20]_4
                         LUT6 (Prop_lut6_I1_O)        0.124    10.384 r  activation_unit_instance/p_0_out_inferred__1/activation_data[16]_i_7/O
                         net (fo=1, unplaced)         0.902    11.286    activation_unit_instance/p_0_out_inferred__1/activation_data[16]_i_7_n_0
                         LUT6 (Prop_lut6_I1_O)        0.124    11.410 r  activation_unit_instance/p_0_out_inferred__1/activation_data[16]_i_3/O
                         net (fo=1, unplaced)         0.000    11.410    activation_unit_instance/p_0_out_inferred__1/activation_data[16]_i_3_n_0
                         MUXF7 (Prop_muxf7_I1_O)      0.247    11.657 r  activation_unit_instance/p_0_out_inferred__1/activation_data_reg[16]_i_1/O
                         net (fo=1, unplaced)         0.000    11.657    activation_unit_instance/p_0_out_inferred__1/activation_data_reg[16]_i_1_n_0
                         FDRE                                         r  activation_unit_instance/activation_data_reg[16]/D
  -------------------------------------------------------------------    -------------------

                         (clock s_axi_aclk rise edge)
                                                     10.000    10.000 r  
                                                      0.000    10.000 r  s_axi_aclk (IN)
                         net (fo=0)                   0.000    10.000    s_axi_aclk
                         IBUF (Prop_ibuf_I_O)         0.838    10.838 r  s_axi_aclk_IBUF_inst/O
                         net (fo=1, unplaced)         0.760    11.598    s_axi_aclk_IBUF
                         BUFG (Prop_bufg_I_O)         0.091    11.689 r  s_axi_aclk_IBUF_BUFG_inst/O
                         net (fo=759, unplaced)       0.439    12.128    activation_unit_instance/s_axi_aclk_IBUF_BUFG
                         FDRE                                         r  activation_unit_instance/activation_data_reg[16]/C
                         clock pessimism              0.184    12.311    
                         clock uncertainty           -0.035    12.276    
                         FDRE (Setup_fdre_C_D)        0.080    12.356    activation_unit_instance/activation_data_reg[16]
  -------------------------------------------------------------------
                         required time                         12.356    
                         arrival time                         -11.657    
  -------------------------------------------------------------------
                         slack                                  0.699    

Slack (MET) :             0.699ns  (required time - arrival time)
  Source:                 bias_sram_instance/bias_data_reg[24]/C
                            (rising edge-triggered cell FDRE clocked by s_axi_aclk  {rise@0.000ns fall@5.000ns period=10.000ns})
  Destination:            activation_unit_instance/activation_data_reg[24]/D
                            (rising edge-triggered cell FDRE clocked by s_axi_aclk  {rise@0.000ns fall@5.000ns period=10.000ns})
  Path Group:             s_axi_aclk
  Path Type:              Setup (Max at Slow Process Corner)
  Requirement:            10.000ns  (s_axi_aclk rise@10.000ns - s_axi_aclk rise@0.000ns)
  Data Path Delay:        9.201ns  (logic 3.919ns (42.593%)  route 5.282ns (57.407%))
  Logic Levels:           13  (CARRY4=5 LUT2=1 LUT3=1 LUT4=1 LUT5=1 LUT6=3 MUXF7=1)
  Clock Path Skew:        -0.145ns (DCD - SCD + CPR)
    Destination Clock Delay (DCD):    2.128ns = ( 12.128 - 10.000 ) 
    Source Clock Delay      (SCD):    2.456ns
    Clock Pessimism Removal (CPR):    0.184ns
  Clock Uncertainty:      0.035ns  ((TSJ^2 + TIJ^2)^1/2 + DJ) / 2 + PE
    Total System Jitter     (TSJ):    0.071ns
    Total Input Jitter      (TIJ):    0.000ns
    Discrete Jitter          (DJ):    0.000ns
    Phase Error              (PE):    0.000ns

    Location             Delay type                Incr(ns)  Path(ns)    Netlist Resource(s)
  -------------------------------------------------------------------    -------------------
                         (clock s_axi_aclk rise edge)
                                                      0.000     0.000 r  
                                                      0.000     0.000 r  s_axi_aclk (IN)
                         net (fo=0)                   0.000     0.000    s_axi_aclk
                         IBUF (Prop_ibuf_I_O)         0.972     0.972 r  s_axi_aclk_IBUF_inst/O
                         net (fo=1, unplaced)         0.800     1.771    s_axi_aclk_IBUF
                         BUFG (Prop_bufg_I_O)         0.101     1.872 r  s_axi_aclk_IBUF_BUFG_inst/O
                         net (fo=759, unplaced)       0.584     2.456    bias_sram_instance/s_axi_aclk_IBUF_BUFG
                         FDRE                                         r  bias_sram_instance/bias_data_reg[24]/C
  -------------------------------------------------------------------    -------------------
                         FDRE (Prop_fdre_C_Q)         0.478     2.934 r  bias_sram_instance/bias_data_reg[24]/Q
                         net (fo=1, unplaced)         0.965     3.899    bias_sram_instance/bias_data_reg_n_0_[24]
                         LUT6 (Prop_lut6_I0_O)        0.295     4.194 r  bias_sram_instance/activation_data[37]_i_33/O
                         net (fo=1, unplaced)         0.449     4.643    dnn_scheduler_instance/activation_data[5]_i_22
                         LUT5 (Prop_lut5_I4_O)        0.124     4.767 r  dnn_scheduler_instance/activation_data[37]_i_29/O
                         net (fo=5, unplaced)         0.477     5.244    systolic_controller_instance/systolic_array_2d_instance/ARRAY_ROWS[4].ARRAY_COLUMNS[2].pe_systolic_cell_instance/mac_pe_instance/activation_data_reg[29]_i_14_5
                         LUT4 (Prop_lut4_I3_O)        0.124     5.368 r  systolic_controller_instance/systolic_array_2d_instance/ARRAY_ROWS[4].ARRAY_COLUMNS[2].pe_systolic_cell_instance/mac_pe_instance/activation_data[29]_i_22/O
                         net (fo=1, unplaced)         0.000     5.368    systolic_controller_instance/systolic_array_2d_instance/ARRAY_ROWS[4].ARRAY_COLUMNS[2].pe_systolic_cell_instance/mac_pe_instance/activation_data[29]_i_22_n_0
                         CARRY4 (Prop_carry4_S[1]_CO[3])
                                                      0.533     5.901 r  systolic_controller_instance/systolic_array_2d_instance/ARRAY_ROWS[4].ARRAY_COLUMNS[2].pe_systolic_cell_instance/mac_pe_instance/activation_data_reg[29]_i_14/CO[3]
                         net (fo=1, unplaced)         0.009     5.910    systolic_controller_instance/systolic_array_2d_instance/ARRAY_ROWS[4].ARRAY_COLUMNS[2].pe_systolic_cell_instance/mac_pe_instance/activation_data_reg[29]_i_14_n_0
                         CARRY4 (Prop_carry4_CI_CO[3])
                                                      0.117     6.027 r  systolic_controller_instance/systolic_array_2d_instance/ARRAY_ROWS[4].ARRAY_COLUMNS[2].pe_systolic_cell_instance/mac_pe_instance/activation_data_reg[30]_i_13/CO[3]
                         net (fo=1, unplaced)         0.000     6.027    systolic_controller_instance/systolic_array_2d_instance/ARRAY_ROWS[4].ARRAY_COLUMNS[2].pe_systolic_cell_instance/mac_pe_instance/activation_data_reg[30]_i_13_n_0
                         CARRY4 (Prop_carry4_CI_O[1])
                                                      0.337     6.364 f  systolic_controller_instance/systolic_array_2d_instance/ARRAY_ROWS[4].ARRAY_COLUMNS[2].pe_systolic_cell_instance/mac_pe_instance/activation_data_reg[30]_i_4/O[1]
                         net (fo=4, unplaced)         0.635     6.999    activation_unit_instance/activation_data_reg[30]_i_5[1]
                         LUT2 (Prop_lut2_I0_O)        0.332     7.331 r  activation_unit_instance/activation_data[30]_i_33/O
                         net (fo=1, unplaced)         0.000     7.331    activation_unit_instance/activation_data[30]_i_33_n_0
                         CARRY4 (Prop_carry4_DI[1]_CO[3])
                                                      0.547     7.878 r  activation_unit_instance/activation_data_reg[30]_i_8/CO[3]
                         net (fo=1, unplaced)         0.009     7.887    activation_unit_instance/activation_data_reg[30]_i_8_n_0
                         CARRY4 (Prop_carry4_CI_CO[1])
                                                      0.179     8.066 f  activation_unit_instance/activation_data_reg[30]_i_3/CO[1]
                         net (fo=16, unplaced)        0.665     8.731    systolic_controller_instance/systolic_array_2d_instance/ARRAY_ROWS[3].ARRAY_COLUMNS[3].pe_systolic_cell_instance/mac_pe_instance/activation_data_reg[28][0]
                         LUT3 (Prop_lut3_I1_O)        0.358     9.089 r  systolic_controller_instance/systolic_array_2d_instance/ARRAY_ROWS[3].ARRAY_COLUMNS[3].pe_systolic_cell_instance/mac_pe_instance/activation_data[29]_i_11/O
                         net (fo=20, unplaced)        1.171    10.260    activation_unit_instance/activation_data_reg[28]_4
                         LUT6 (Prop_lut6_I1_O)        0.124    10.384 r  activation_unit_instance/p_0_out_inferred__2/activation_data[24]_i_7/O
                         net (fo=1, unplaced)         0.902    11.286    activation_unit_instance/p_0_out_inferred__2/activation_data[24]_i_7_n_0
                         LUT6 (Prop_lut6_I1_O)        0.124    11.410 r  activation_unit_instance/p_0_out_inferred__2/activation_data[24]_i_3/O
                         net (fo=1, unplaced)         0.000    11.410    activation_unit_instance/p_0_out_inferred__2/activation_data[24]_i_3_n_0
                         MUXF7 (Prop_muxf7_I1_O)      0.247    11.657 r  activation_unit_instance/p_0_out_inferred__2/activation_data_reg[24]_i_1/O
                         net (fo=1, unplaced)         0.000    11.657    activation_unit_instance/p_0_out_inferred__2/activation_data_reg[24]_i_1_n_0
                         FDRE                                         r  activation_unit_instance/activation_data_reg[24]/D
  -------------------------------------------------------------------    -------------------

                         (clock s_axi_aclk rise edge)
                                                     10.000    10.000 r  
                                                      0.000    10.000 r  s_axi_aclk (IN)
                         net (fo=0)                   0.000    10.000    s_axi_aclk
                         IBUF (Prop_ibuf_I_O)         0.838    10.838 r  s_axi_aclk_IBUF_inst/O
                         net (fo=1, unplaced)         0.760    11.598    s_axi_aclk_IBUF
                         BUFG (Prop_bufg_I_O)         0.091    11.689 r  s_axi_aclk_IBUF_BUFG_inst/O
                         net (fo=759, unplaced)       0.439    12.128    activation_unit_instance/s_axi_aclk_IBUF_BUFG
                         FDRE                                         r  activation_unit_instance/activation_data_reg[24]/C
                         clock pessimism              0.184    12.311    
                         clock uncertainty           -0.035    12.276    
                         FDRE (Setup_fdre_C_D)        0.080    12.356    activation_unit_instance/activation_data_reg[24]
  -------------------------------------------------------------------
                         required time                         12.356    
                         arrival time                         -11.657    
  -------------------------------------------------------------------
                         slack                                  0.699    

Slack (MET) :             0.699ns  (required time - arrival time)
  Source:                 bias_sram_instance/bias_data_reg[24]/C
                            (rising edge-triggered cell FDRE clocked by s_axi_aclk  {rise@0.000ns fall@5.000ns period=10.000ns})
  Destination:            activation_unit_instance/activation_data_reg[8]/D
                            (rising edge-triggered cell FDRE clocked by s_axi_aclk  {rise@0.000ns fall@5.000ns period=10.000ns})
  Path Group:             s_axi_aclk
  Path Type:              Setup (Max at Slow Process Corner)
  Requirement:            10.000ns  (s_axi_aclk rise@10.000ns - s_axi_aclk rise@0.000ns)
  Data Path Delay:        9.201ns  (logic 3.919ns (42.593%)  route 5.282ns (57.407%))
  Logic Levels:           13  (CARRY4=5 LUT2=1 LUT3=1 LUT4=1 LUT5=1 LUT6=3 MUXF7=1)
  Clock Path Skew:        -0.145ns (DCD - SCD + CPR)
    Destination Clock Delay (DCD):    2.128ns = ( 12.128 - 10.000 ) 
    Source Clock Delay      (SCD):    2.456ns
    Clock Pessimism Removal (CPR):    0.184ns
  Clock Uncertainty:      0.035ns  ((TSJ^2 + TIJ^2)^1/2 + DJ) / 2 + PE
    Total System Jitter     (TSJ):    0.071ns
    Total Input Jitter      (TIJ):    0.000ns
    Discrete Jitter          (DJ):    0.000ns
    Phase Error              (PE):    0.000ns

    Location             Delay type                Incr(ns)  Path(ns)    Netlist Resource(s)
  -------------------------------------------------------------------    -------------------
                         (clock s_axi_aclk rise edge)
                                                      0.000     0.000 r  
                                                      0.000     0.000 r  s_axi_aclk (IN)
                         net (fo=0)                   0.000     0.000    s_axi_aclk
                         IBUF (Prop_ibuf_I_O)         0.972     0.972 r  s_axi_aclk_IBUF_inst/O
                         net (fo=1, unplaced)         0.800     1.771    s_axi_aclk_IBUF
                         BUFG (Prop_bufg_I_O)         0.101     1.872 r  s_axi_aclk_IBUF_BUFG_inst/O
                         net (fo=759, unplaced)       0.584     2.456    bias_sram_instance/s_axi_aclk_IBUF_BUFG
                         FDRE                                         r  bias_sram_instance/bias_data_reg[24]/C
  -------------------------------------------------------------------    -------------------
                         FDRE (Prop_fdre_C_Q)         0.478     2.934 r  bias_sram_instance/bias_data_reg[24]/Q
                         net (fo=1, unplaced)         0.965     3.899    bias_sram_instance/bias_data_reg_n_0_[24]
                         LUT6 (Prop_lut6_I0_O)        0.295     4.194 r  bias_sram_instance/activation_data[37]_i_33/O
                         net (fo=1, unplaced)         0.449     4.643    dnn_scheduler_instance/activation_data[5]_i_22
                         LUT5 (Prop_lut5_I4_O)        0.124     4.767 r  dnn_scheduler_instance/activation_data[37]_i_29/O
                         net (fo=5, unplaced)         0.477     5.244    systolic_controller_instance/systolic_array_2d_instance/ARRAY_ROWS[2].ARRAY_COLUMNS[2].pe_systolic_cell_instance/mac_pe_instance/activation_data_reg[13]_i_14_5
                         LUT4 (Prop_lut4_I3_O)        0.124     5.368 r  systolic_controller_instance/systolic_array_2d_instance/ARRAY_ROWS[2].ARRAY_COLUMNS[2].pe_systolic_cell_instance/mac_pe_instance/activation_data[13]_i_22/O
                         net (fo=1, unplaced)         0.000     5.368    systolic_controller_instance/systolic_array_2d_instance/ARRAY_ROWS[2].ARRAY_COLUMNS[2].pe_systolic_cell_instance/mac_pe_instance/activation_data[13]_i_22_n_0
                         CARRY4 (Prop_carry4_S[1]_CO[3])
                                                      0.533     5.901 r  systolic_controller_instance/systolic_array_2d_instance/ARRAY_ROWS[2].ARRAY_COLUMNS[2].pe_systolic_cell_instance/mac_pe_instance/activation_data_reg[13]_i_14/CO[3]
                         net (fo=1, unplaced)         0.009     5.910    systolic_controller_instance/systolic_array_2d_instance/ARRAY_ROWS[2].ARRAY_COLUMNS[2].pe_systolic_cell_instance/mac_pe_instance/activation_data_reg[13]_i_14_n_0
                         CARRY4 (Prop_carry4_CI_CO[3])
                                                      0.117     6.027 r  systolic_controller_instance/systolic_array_2d_instance/ARRAY_ROWS[2].ARRAY_COLUMNS[2].pe_systolic_cell_instance/mac_pe_instance/activation_data_reg[14]_i_13/CO[3]
                         net (fo=1, unplaced)         0.000     6.027    systolic_controller_instance/systolic_array_2d_instance/ARRAY_ROWS[2].ARRAY_COLUMNS[2].pe_systolic_cell_instance/mac_pe_instance/activation_data_reg[14]_i_13_n_0
                         CARRY4 (Prop_carry4_CI_O[1])
                                                      0.337     6.364 f  systolic_controller_instance/systolic_array_2d_instance/ARRAY_ROWS[2].ARRAY_COLUMNS[2].pe_systolic_cell_instance/mac_pe_instance/activation_data_reg[14]_i_4/O[1]
                         net (fo=4, unplaced)         0.635     6.999    activation_unit_instance/activation_data_reg[14]_i_5[1]
                         LUT2 (Prop_lut2_I0_O)        0.332     7.331 r  activation_unit_instance/activation_data[14]_i_33/O
                         net (fo=1, unplaced)         0.000     7.331    activation_unit_instance/activation_data[14]_i_33_n_0
                         CARRY4 (Prop_carry4_DI[1]_CO[3])
                                                      0.547     7.878 r  activation_unit_instance/activation_data_reg[14]_i_8/CO[3]
                         net (fo=1, unplaced)         0.009     7.887    activation_unit_instance/activation_data_reg[14]_i_8_n_0
                         CARRY4 (Prop_carry4_CI_CO[1])
                                                      0.179     8.066 f  activation_unit_instance/activation_data_reg[14]_i_3/CO[1]
                         net (fo=16, unplaced)        0.665     8.731    systolic_controller_instance/systolic_array_2d_instance/ARRAY_ROWS[1].ARRAY_COLUMNS[3].pe_systolic_cell_instance/mac_pe_instance/activation_data_reg[12][0]
                         LUT3 (Prop_lut3_I1_O)        0.358     9.089 r  systolic_controller_instance/systolic_array_2d_instance/ARRAY_ROWS[1].ARRAY_COLUMNS[3].pe_systolic_cell_instance/mac_pe_instance/activation_data[13]_i_11/O
                         net (fo=20, unplaced)        1.171    10.260    activation_unit_instance/activation_data_reg[12]_4
                         LUT6 (Prop_lut6_I1_O)        0.124    10.384 r  activation_unit_instance/p_0_out_inferred__0/activation_data[8]_i_7/O
                         net (fo=1, unplaced)         0.902    11.286    activation_unit_instance/p_0_out_inferred__0/activation_data[8]_i_7_n_0
                         LUT6 (Prop_lut6_I1_O)        0.124    11.410 r  activation_unit_instance/p_0_out_inferred__0/activation_data[8]_i_3/O
                         net (fo=1, unplaced)         0.000    11.410    activation_unit_instance/p_0_out_inferred__0/activation_data[8]_i_3_n_0
                         MUXF7 (Prop_muxf7_I1_O)      0.247    11.657 r  activation_unit_instance/p_0_out_inferred__0/activation_data_reg[8]_i_1/O
                         net (fo=1, unplaced)         0.000    11.657    activation_unit_instance/p_0_out_inferred__0/activation_data_reg[8]_i_1_n_0
                         FDRE                                         r  activation_unit_instance/activation_data_reg[8]/D
  -------------------------------------------------------------------    -------------------

                         (clock s_axi_aclk rise edge)
                                                     10.000    10.000 r  
                                                      0.000    10.000 r  s_axi_aclk (IN)
                         net (fo=0)                   0.000    10.000    s_axi_aclk
                         IBUF (Prop_ibuf_I_O)         0.838    10.838 r  s_axi_aclk_IBUF_inst/O
                         net (fo=1, unplaced)         0.760    11.598    s_axi_aclk_IBUF
                         BUFG (Prop_bufg_I_O)         0.091    11.689 r  s_axi_aclk_IBUF_BUFG_inst/O
                         net (fo=759, unplaced)       0.439    12.128    activation_unit_instance/s_axi_aclk_IBUF_BUFG
                         FDRE                                         r  activation_unit_instance/activation_data_reg[8]/C
                         clock pessimism              0.184    12.311    
                         clock uncertainty           -0.035    12.276    
                         FDRE (Setup_fdre_C_D)        0.080    12.356    activation_unit_instance/activation_data_reg[8]
  -------------------------------------------------------------------
                         required time                         12.356    
                         arrival time                         -11.657    
  -------------------------------------------------------------------
                         slack                                  0.699    

Slack (MET) :             0.704ns  (required time - arrival time)
  Source:                 bias_sram_instance/bias_data_reg[24]/C
                            (rising edge-triggered cell FDRE clocked by s_axi_aclk  {rise@0.000ns fall@5.000ns period=10.000ns})
  Destination:            activation_unit_instance/activation_data_reg[17]/D
                            (rising edge-triggered cell FDRE clocked by s_axi_aclk  {rise@0.000ns fall@5.000ns period=10.000ns})
  Path Group:             s_axi_aclk
  Path Type:              Setup (Max at Slow Process Corner)
  Requirement:            10.000ns  (s_axi_aclk rise@10.000ns - s_axi_aclk rise@0.000ns)
  Data Path Delay:        9.196ns  (logic 3.913ns (42.551%)  route 5.283ns (57.449%))
  Logic Levels:           13  (CARRY4=5 LUT2=1 LUT3=1 LUT4=1 LUT5=1 LUT6=3 MUXF7=1)
  Clock Path Skew:        -0.145ns (DCD - SCD + CPR)
    Destination Clock Delay (DCD):    2.128ns = ( 12.128 - 10.000 ) 
    Source Clock Delay      (SCD):    2.456ns
    Clock Pessimism Removal (CPR):    0.184ns
  Clock Uncertainty:      0.035ns  ((TSJ^2 + TIJ^2)^1/2 + DJ) / 2 + PE
    Total System Jitter     (TSJ):    0.071ns
    Total Input Jitter      (TIJ):    0.000ns
    Discrete Jitter          (DJ):    0.000ns
    Phase Error              (PE):    0.000ns

    Location             Delay type                Incr(ns)  Path(ns)    Netlist Resource(s)
  -------------------------------------------------------------------    -------------------
                         (clock s_axi_aclk rise edge)
                                                      0.000     0.000 r  
                                                      0.000     0.000 r  s_axi_aclk (IN)
                         net (fo=0)                   0.000     0.000    s_axi_aclk
                         IBUF (Prop_ibuf_I_O)         0.972     0.972 r  s_axi_aclk_IBUF_inst/O
                         net (fo=1, unplaced)         0.800     1.771    s_axi_aclk_IBUF
                         BUFG (Prop_bufg_I_O)         0.101     1.872 r  s_axi_aclk_IBUF_BUFG_inst/O
                         net (fo=759, unplaced)       0.584     2.456    bias_sram_instance/s_axi_aclk_IBUF_BUFG
                         FDRE                                         r  bias_sram_instance/bias_data_reg[24]/C
  -------------------------------------------------------------------    -------------------
                         FDRE (Prop_fdre_C_Q)         0.478     2.934 r  bias_sram_instance/bias_data_reg[24]/Q
                         net (fo=1, unplaced)         0.965     3.899    bias_sram_instance/bias_data_reg_n_0_[24]
                         LUT6 (Prop_lut6_I0_O)        0.295     4.194 r  bias_sram_instance/activation_data[37]_i_33/O
                         net (fo=1, unplaced)         0.449     4.643    dnn_scheduler_instance/activation_data[5]_i_22
                         LUT5 (Prop_lut5_I4_O)        0.124     4.767 r  dnn_scheduler_instance/activation_data[37]_i_29/O
                         net (fo=5, unplaced)         0.477     5.244    systolic_controller_instance/systolic_array_2d_instance/ARRAY_ROWS[3].ARRAY_COLUMNS[2].pe_systolic_cell_instance/mac_pe_instance/activation_data_reg[21]_i_14_5
                         LUT4 (Prop_lut4_I3_O)        0.124     5.368 r  systolic_controller_instance/systolic_array_2d_instance/ARRAY_ROWS[3].ARRAY_COLUMNS[2].pe_systolic_cell_instance/mac_pe_instance/activation_data[21]_i_22/O
                         net (fo=1, unplaced)         0.000     5.368    systolic_controller_instance/systolic_array_2d_instance/ARRAY_ROWS[3].ARRAY_COLUMNS[2].pe_systolic_cell_instance/mac_pe_instance/activation_data[21]_i_22_n_0
                         CARRY4 (Prop_carry4_S[1]_CO[3])
                                                      0.533     5.901 r  systolic_controller_instance/systolic_array_2d_instance/ARRAY_ROWS[3].ARRAY_COLUMNS[2].pe_systolic_cell_instance/mac_pe_instance/activation_data_reg[21]_i_14/CO[3]
                         net (fo=1, unplaced)         0.009     5.910    systolic_controller_instance/systolic_array_2d_instance/ARRAY_ROWS[3].ARRAY_COLUMNS[2].pe_systolic_cell_instance/mac_pe_instance/activation_data_reg[21]_i_14_n_0
                         CARRY4 (Prop_carry4_CI_CO[3])
                                                      0.117     6.027 r  systolic_controller_instance/systolic_array_2d_instance/ARRAY_ROWS[3].ARRAY_COLUMNS[2].pe_systolic_cell_instance/mac_pe_instance/activation_data_reg[22]_i_13/CO[3]
                         net (fo=1, unplaced)         0.000     6.027    systolic_controller_instance/systolic_array_2d_instance/ARRAY_ROWS[3].ARRAY_COLUMNS[2].pe_systolic_cell_instance/mac_pe_instance/activation_data_reg[22]_i_13_n_0
                         CARRY4 (Prop_carry4_CI_O[1])
                                                      0.337     6.364 f  systolic_controller_instance/systolic_array_2d_instance/ARRAY_ROWS[3].ARRAY_COLUMNS[2].pe_systolic_cell_instance/mac_pe_instance/activation_data_reg[22]_i_4/O[1]
                         net (fo=4, unplaced)         0.635     6.999    activation_unit_instance/activation_data_reg[22]_i_5[1]
                         LUT2 (Prop_lut2_I0_O)        0.332     7.331 r  activation_unit_instance/activation_data[22]_i_33/O
                         net (fo=1, unplaced)         0.000     7.331    activation_unit_instance/activation_data[22]_i_33_n_0
                         CARRY4 (Prop_carry4_DI[1]_CO[3])
                                                      0.547     7.878 r  activation_unit_instance/activation_data_reg[22]_i_8/CO[3]
                         net (fo=1, unplaced)         0.009     7.887    activation_unit_instance/activation_data_reg[22]_i_8_n_0
                         CARRY4 (Prop_carry4_CI_CO[1])
                                                      0.179     8.066 f  activation_unit_instance/activation_data_reg[22]_i_3/CO[1]
                         net (fo=16, unplaced)        0.665     8.731    systolic_controller_instance/systolic_array_2d_instance/ARRAY_ROWS[2].ARRAY_COLUMNS[3].pe_systolic_cell_instance/mac_pe_instance/activation_data_reg[20][0]
                         LUT3 (Prop_lut3_I1_O)        0.358     9.089 r  systolic_controller_instance/systolic_array_2d_instance/ARRAY_ROWS[2].ARRAY_COLUMNS[3].pe_systolic_cell_instance/mac_pe_instance/activation_data[21]_i_8/O
                         net (fo=21, unplaced)        1.172    10.261    activation_unit_instance/activation_data_reg[20]_7
                         LUT6 (Prop_lut6_I1_O)        0.124    10.385 r  activation_unit_instance/p_0_out_inferred__1/activation_data[17]_i_4/O
                         net (fo=1, unplaced)         0.902    11.287    activation_unit_instance/p_0_out_inferred__1/activation_data[17]_i_4_n_0
                         LUT6 (Prop_lut6_I0_O)        0.124    11.411 r  activation_unit_instance/p_0_out_inferred__1/activation_data[17]_i_2/O
                         net (fo=1, unplaced)         0.000    11.411    activation_unit_instance/p_0_out_inferred__1/activation_data[17]_i_2_n_0
                         MUXF7 (Prop_muxf7_I0_O)      0.241    11.652 r  activation_unit_instance/p_0_out_inferred__1/activation_data_reg[17]_i_1/O
                         net (fo=1, unplaced)         0.000    11.652    activation_unit_instance/p_0_out_inferred__1/activation_data_reg[17]_i_1_n_0
                         FDRE                                         r  activation_unit_instance/activation_data_reg[17]/D
  -------------------------------------------------------------------    -------------------

                         (clock s_axi_aclk rise edge)
                                                     10.000    10.000 r  
                                                      0.000    10.000 r  s_axi_aclk (IN)
                         net (fo=0)                   0.000    10.000    s_axi_aclk
                         IBUF (Prop_ibuf_I_O)         0.838    10.838 r  s_axi_aclk_IBUF_inst/O
                         net (fo=1, unplaced)         0.760    11.598    s_axi_aclk_IBUF
                         BUFG (Prop_bufg_I_O)         0.091    11.689 r  s_axi_aclk_IBUF_BUFG_inst/O
                         net (fo=759, unplaced)       0.439    12.128    activation_unit_instance/s_axi_aclk_IBUF_BUFG
                         FDRE                                         r  activation_unit_instance/activation_data_reg[17]/C
                         clock pessimism              0.184    12.311    
                         clock uncertainty           -0.035    12.276    
                         FDRE (Setup_fdre_C_D)        0.080    12.356    activation_unit_instance/activation_data_reg[17]
  -------------------------------------------------------------------
                         required time                         12.356    
                         arrival time                         -11.652    
  -------------------------------------------------------------------
                         slack                                  0.704    

Slack (MET) :             0.704ns  (required time - arrival time)
  Source:                 bias_sram_instance/bias_data_reg[24]/C
                            (rising edge-triggered cell FDRE clocked by s_axi_aclk  {rise@0.000ns fall@5.000ns period=10.000ns})
  Destination:            activation_unit_instance/activation_data_reg[1]/D
                            (rising edge-triggered cell FDRE clocked by s_axi_aclk  {rise@0.000ns fall@5.000ns period=10.000ns})
  Path Group:             s_axi_aclk
  Path Type:              Setup (Max at Slow Process Corner)
  Requirement:            10.000ns  (s_axi_aclk rise@10.000ns - s_axi_aclk rise@0.000ns)
  Data Path Delay:        9.196ns  (logic 3.913ns (42.551%)  route 5.283ns (57.449%))
  Logic Levels:           13  (CARRY4=5 LUT2=1 LUT3=1 LUT4=1 LUT5=1 LUT6=3 MUXF7=1)
  Clock Path Skew:        -0.145ns (DCD - SCD + CPR)
    Destination Clock Delay (DCD):    2.128ns = ( 12.128 - 10.000 ) 
    Source Clock Delay      (SCD):    2.456ns
    Clock Pessimism Removal (CPR):    0.184ns
  Clock Uncertainty:      0.035ns  ((TSJ^2 + TIJ^2)^1/2 + DJ) / 2 + PE
    Total System Jitter     (TSJ):    0.071ns
    Total Input Jitter      (TIJ):    0.000ns
    Discrete Jitter          (DJ):    0.000ns
    Phase Error              (PE):    0.000ns

    Location             Delay type                Incr(ns)  Path(ns)    Netlist Resource(s)
  -------------------------------------------------------------------    -------------------
                         (clock s_axi_aclk rise edge)
                                                      0.000     0.000 r  
                                                      0.000     0.000 r  s_axi_aclk (IN)
                         net (fo=0)                   0.000     0.000    s_axi_aclk
                         IBUF (Prop_ibuf_I_O)         0.972     0.972 r  s_axi_aclk_IBUF_inst/O
                         net (fo=1, unplaced)         0.800     1.771    s_axi_aclk_IBUF
                         BUFG (Prop_bufg_I_O)         0.101     1.872 r  s_axi_aclk_IBUF_BUFG_inst/O
                         net (fo=759, unplaced)       0.584     2.456    bias_sram_instance/s_axi_aclk_IBUF_BUFG
                         FDRE                                         r  bias_sram_instance/bias_data_reg[24]/C
  -------------------------------------------------------------------    -------------------
                         FDRE (Prop_fdre_C_Q)         0.478     2.934 r  bias_sram_instance/bias_data_reg[24]/Q
                         net (fo=1, unplaced)         0.965     3.899    bias_sram_instance/bias_data_reg_n_0_[24]
                         LUT6 (Prop_lut6_I0_O)        0.295     4.194 r  bias_sram_instance/activation_data[37]_i_33/O
                         net (fo=1, unplaced)         0.449     4.643    dnn_scheduler_instance/activation_data[5]_i_22
                         LUT5 (Prop_lut5_I4_O)        0.124     4.767 r  dnn_scheduler_instance/activation_data[37]_i_29/O
                         net (fo=5, unplaced)         0.477     5.244    systolic_controller_instance/systolic_array_2d_instance/ARRAY_ROWS[1].ARRAY_COLUMNS[2].pe_systolic_cell_instance/mac_pe_instance/activation_data_reg[5]_i_14_5
                         LUT4 (Prop_lut4_I3_O)        0.124     5.368 r  systolic_controller_instance/systolic_array_2d_instance/ARRAY_ROWS[1].ARRAY_COLUMNS[2].pe_systolic_cell_instance/mac_pe_instance/activation_data[5]_i_22/O
                         net (fo=1, unplaced)         0.000     5.368    systolic_controller_instance/systolic_array_2d_instance/ARRAY_ROWS[1].ARRAY_COLUMNS[2].pe_systolic_cell_instance/mac_pe_instance/activation_data[5]_i_22_n_0
                         CARRY4 (Prop_carry4_S[1]_CO[3])
                                                      0.533     5.901 r  systolic_controller_instance/systolic_array_2d_instance/ARRAY_ROWS[1].ARRAY_COLUMNS[2].pe_systolic_cell_instance/mac_pe_instance/activation_data_reg[5]_i_14/CO[3]
                         net (fo=1, unplaced)         0.009     5.910    systolic_controller_instance/systolic_array_2d_instance/ARRAY_ROWS[1].ARRAY_COLUMNS[2].pe_systolic_cell_instance/mac_pe_instance/activation_data_reg[5]_i_14_n_0
                         CARRY4 (Prop_carry4_CI_CO[3])
                                                      0.117     6.027 r  systolic_controller_instance/systolic_array_2d_instance/ARRAY_ROWS[1].ARRAY_COLUMNS[2].pe_systolic_cell_instance/mac_pe_instance/activation_data_reg[6]_i_13/CO[3]
                         net (fo=1, unplaced)         0.000     6.027    systolic_controller_instance/systolic_array_2d_instance/ARRAY_ROWS[1].ARRAY_COLUMNS[2].pe_systolic_cell_instance/mac_pe_instance/activation_data_reg[6]_i_13_n_0
                         CARRY4 (Prop_carry4_CI_O[1])
                                                      0.337     6.364 f  systolic_controller_instance/systolic_array_2d_instance/ARRAY_ROWS[1].ARRAY_COLUMNS[2].pe_systolic_cell_instance/mac_pe_instance/activation_data_reg[6]_i_4/O[1]
                         net (fo=4, unplaced)         0.635     6.999    activation_unit_instance/O[1]
                         LUT2 (Prop_lut2_I0_O)        0.332     7.331 r  activation_unit_instance/activation_data[6]_i_33/O
                         net (fo=1, unplaced)         0.000     7.331    activation_unit_instance/activation_data[6]_i_33_n_0
                         CARRY4 (Prop_carry4_DI[1]_CO[3])
                                                      0.547     7.878 r  activation_unit_instance/activation_data_reg[6]_i_8/CO[3]
                         net (fo=1, unplaced)         0.009     7.887    activation_unit_instance/activation_data_reg[6]_i_8_n_0
                         CARRY4 (Prop_carry4_CI_CO[1])
                                                      0.179     8.066 f  activation_unit_instance/activation_data_reg[6]_i_3/CO[1]
                         net (fo=16, unplaced)        0.665     8.731    systolic_controller_instance/systolic_array_2d_instance/ARRAY_ROWS[0].ARRAY_COLUMNS[3].pe_systolic_cell_instance/mac_pe_instance/activation_data_reg[4][0]
                         LUT3 (Prop_lut3_I1_O)        0.358     9.089 r  systolic_controller_instance/systolic_array_2d_instance/ARRAY_ROWS[0].ARRAY_COLUMNS[3].pe_systolic_cell_instance/mac_pe_instance/activation_data[5]_i_8/O
                         net (fo=21, unplaced)        1.172    10.261    activation_unit_instance/activation_data_reg[4]_7
                         LUT6 (Prop_lut6_I1_O)        0.124    10.385 r  activation_unit_instance/activation_data[1]_i_4/O
                         net (fo=1, unplaced)         0.902    11.287    activation_unit_instance/activation_data[1]_i_4_n_0
                         LUT6 (Prop_lut6_I0_O)        0.124    11.411 r  activation_unit_instance/activation_data[1]_i_2/O
                         net (fo=1, unplaced)         0.000    11.411    activation_unit_instance/activation_data[1]_i_2_n_0
                         MUXF7 (Prop_muxf7_I0_O)      0.241    11.652 r  activation_unit_instance/activation_data_reg[1]_i_1/O
                         net (fo=1, unplaced)         0.000    11.652    activation_unit_instance/p_0_out[1]
                         FDRE                                         r  activation_unit_instance/activation_data_reg[1]/D
  -------------------------------------------------------------------    -------------------

                         (clock s_axi_aclk rise edge)
                                                     10.000    10.000 r  
                                                      0.000    10.000 r  s_axi_aclk (IN)
                         net (fo=0)                   0.000    10.000    s_axi_aclk
                         IBUF (Prop_ibuf_I_O)         0.838    10.838 r  s_axi_aclk_IBUF_inst/O
                         net (fo=1, unplaced)         0.760    11.598    s_axi_aclk_IBUF
                         BUFG (Prop_bufg_I_O)         0.091    11.689 r  s_axi_aclk_IBUF_BUFG_inst/O
                         net (fo=759, unplaced)       0.439    12.128    activation_unit_instance/s_axi_aclk_IBUF_BUFG
                         FDRE                                         r  activation_unit_instance/activation_data_reg[1]/C
                         clock pessimism              0.184    12.311    
                         clock uncertainty           -0.035    12.276    
                         FDRE (Setup_fdre_C_D)        0.080    12.356    activation_unit_instance/activation_data_reg[1]
  -------------------------------------------------------------------
                         required time                         12.356    
                         arrival time                         -11.652    
  -------------------------------------------------------------------
                         slack                                  0.704    

Slack (MET) :             0.704ns  (required time - arrival time)
  Source:                 bias_sram_instance/bias_data_reg[24]/C
                            (rising edge-triggered cell FDRE clocked by s_axi_aclk  {rise@0.000ns fall@5.000ns period=10.000ns})
  Destination:            activation_unit_instance/activation_data_reg[25]/D
                            (rising edge-triggered cell FDRE clocked by s_axi_aclk  {rise@0.000ns fall@5.000ns period=10.000ns})
  Path Group:             s_axi_aclk
  Path Type:              Setup (Max at Slow Process Corner)
  Requirement:            10.000ns  (s_axi_aclk rise@10.000ns - s_axi_aclk rise@0.000ns)
  Data Path Delay:        9.196ns  (logic 3.913ns (42.551%)  route 5.283ns (57.449%))
  Logic Levels:           13  (CARRY4=5 LUT2=1 LUT3=1 LUT4=1 LUT5=1 LUT6=3 MUXF7=1)
  Clock Path Skew:        -0.145ns (DCD - SCD + CPR)
    Destination Clock Delay (DCD):    2.128ns = ( 12.128 - 10.000 ) 
    Source Clock Delay      (SCD):    2.456ns
    Clock Pessimism Removal (CPR):    0.184ns
  Clock Uncertainty:      0.035ns  ((TSJ^2 + TIJ^2)^1/2 + DJ) / 2 + PE
    Total System Jitter     (TSJ):    0.071ns
    Total Input Jitter      (TIJ):    0.000ns
    Discrete Jitter          (DJ):    0.000ns
    Phase Error              (PE):    0.000ns

    Location             Delay type                Incr(ns)  Path(ns)    Netlist Resource(s)
  -------------------------------------------------------------------    -------------------
                         (clock s_axi_aclk rise edge)
                                                      0.000     0.000 r  
                                                      0.000     0.000 r  s_axi_aclk (IN)
                         net (fo=0)                   0.000     0.000    s_axi_aclk
                         IBUF (Prop_ibuf_I_O)         0.972     0.972 r  s_axi_aclk_IBUF_inst/O
                         net (fo=1, unplaced)         0.800     1.771    s_axi_aclk_IBUF
                         BUFG (Prop_bufg_I_O)         0.101     1.872 r  s_axi_aclk_IBUF_BUFG_inst/O
                         net (fo=759, unplaced)       0.584     2.456    bias_sram_instance/s_axi_aclk_IBUF_BUFG
                         FDRE                                         r  bias_sram_instance/bias_data_reg[24]/C
  -------------------------------------------------------------------    -------------------
                         FDRE (Prop_fdre_C_Q)         0.478     2.934 r  bias_sram_instance/bias_data_reg[24]/Q
                         net (fo=1, unplaced)         0.965     3.899    bias_sram_instance/bias_data_reg_n_0_[24]
                         LUT6 (Prop_lut6_I0_O)        0.295     4.194 r  bias_sram_instance/activation_data[37]_i_33/O
                         net (fo=1, unplaced)         0.449     4.643    dnn_scheduler_instance/activation_data[5]_i_22
                         LUT5 (Prop_lut5_I4_O)        0.124     4.767 r  dnn_scheduler_instance/activation_data[37]_i_29/O
                         net (fo=5, unplaced)         0.477     5.244    systolic_controller_instance/systolic_array_2d_instance/ARRAY_ROWS[4].ARRAY_COLUMNS[2].pe_systolic_cell_instance/mac_pe_instance/activation_data_reg[29]_i_14_5
                         LUT4 (Prop_lut4_I3_O)        0.124     5.368 r  systolic_controller_instance/systolic_array_2d_instance/ARRAY_ROWS[4].ARRAY_COLUMNS[2].pe_systolic_cell_instance/mac_pe_instance/activation_data[29]_i_22/O
                         net (fo=1, unplaced)         0.000     5.368    systolic_controller_instance/systolic_array_2d_instance/ARRAY_ROWS[4].ARRAY_COLUMNS[2].pe_systolic_cell_instance/mac_pe_instance/activation_data[29]_i_22_n_0
                         CARRY4 (Prop_carry4_S[1]_CO[3])
                                                      0.533     5.901 r  systolic_controller_instance/systolic_array_2d_instance/ARRAY_ROWS[4].ARRAY_COLUMNS[2].pe_systolic_cell_instance/mac_pe_instance/activation_data_reg[29]_i_14/CO[3]
                         net (fo=1, unplaced)         0.009     5.910    systolic_controller_instance/systolic_array_2d_instance/ARRAY_ROWS[4].ARRAY_COLUMNS[2].pe_systolic_cell_instance/mac_pe_instance/activation_data_reg[29]_i_14_n_0
                         CARRY4 (Prop_carry4_CI_CO[3])
                                                      0.117     6.027 r  systolic_controller_instance/systolic_array_2d_instance/ARRAY_ROWS[4].ARRAY_COLUMNS[2].pe_systolic_cell_instance/mac_pe_instance/activation_data_reg[30]_i_13/CO[3]
                         net (fo=1, unplaced)         0.000     6.027    systolic_controller_instance/systolic_array_2d_instance/ARRAY_ROWS[4].ARRAY_COLUMNS[2].pe_systolic_cell_instance/mac_pe_instance/activation_data_reg[30]_i_13_n_0
                         CARRY4 (Prop_carry4_CI_O[1])
                                                      0.337     6.364 f  systolic_controller_instance/systolic_array_2d_instance/ARRAY_ROWS[4].ARRAY_COLUMNS[2].pe_systolic_cell_instance/mac_pe_instance/activation_data_reg[30]_i_4/O[1]
                         net (fo=4, unplaced)         0.635     6.999    activation_unit_instance/activation_data_reg[30]_i_5[1]
                         LUT2 (Prop_lut2_I0_O)        0.332     7.331 r  activation_unit_instance/activation_data[30]_i_33/O
                         net (fo=1, unplaced)         0.000     7.331    activation_unit_instance/activation_data[30]_i_33_n_0
                         CARRY4 (Prop_carry4_DI[1]_CO[3])
                                                      0.547     7.878 r  activation_unit_instance/activation_data_reg[30]_i_8/CO[3]
                         net (fo=1, unplaced)         0.009     7.887    activation_unit_instance/activation_data_reg[30]_i_8_n_0
                         CARRY4 (Prop_carry4_CI_CO[1])
                                                      0.179     8.066 f  activation_unit_instance/activation_data_reg[30]_i_3/CO[1]
                         net (fo=16, unplaced)        0.665     8.731    systolic_controller_instance/systolic_array_2d_instance/ARRAY_ROWS[3].ARRAY_COLUMNS[3].pe_systolic_cell_instance/mac_pe_instance/activation_data_reg[28][0]
                         LUT3 (Prop_lut3_I1_O)        0.358     9.089 r  systolic_controller_instance/systolic_array_2d_instance/ARRAY_ROWS[3].ARRAY_COLUMNS[3].pe_systolic_cell_instance/mac_pe_instance/activation_data[29]_i_8/O
                         net (fo=21, unplaced)        1.172    10.261    activation_unit_instance/activation_data_reg[28]_7
                         LUT6 (Prop_lut6_I1_O)        0.124    10.385 r  activation_unit_instance/p_0_out_inferred__2/activation_data[25]_i_4/O
                         net (fo=1, unplaced)         0.902    11.287    activation_unit_instance/p_0_out_inferred__2/activation_data[25]_i_4_n_0
                         LUT6 (Prop_lut6_I0_O)        0.124    11.411 r  activation_unit_instance/p_0_out_inferred__2/activation_data[25]_i_2/O
                         net (fo=1, unplaced)         0.000    11.411    activation_unit_instance/p_0_out_inferred__2/activation_data[25]_i_2_n_0
                         MUXF7 (Prop_muxf7_I0_O)      0.241    11.652 r  activation_unit_instance/p_0_out_inferred__2/activation_data_reg[25]_i_1/O
                         net (fo=1, unplaced)         0.000    11.652    activation_unit_instance/p_0_out_inferred__2/activation_data_reg[25]_i_1_n_0
                         FDRE                                         r  activation_unit_instance/activation_data_reg[25]/D
  -------------------------------------------------------------------    -------------------

                         (clock s_axi_aclk rise edge)
                                                     10.000    10.000 r  
                                                      0.000    10.000 r  s_axi_aclk (IN)
                         net (fo=0)                   0.000    10.000    s_axi_aclk
                         IBUF (Prop_ibuf_I_O)         0.838    10.838 r  s_axi_aclk_IBUF_inst/O
                         net (fo=1, unplaced)         0.760    11.598    s_axi_aclk_IBUF
                         BUFG (Prop_bufg_I_O)         0.091    11.689 r  s_axi_aclk_IBUF_BUFG_inst/O
                         net (fo=759, unplaced)       0.439    12.128    activation_unit_instance/s_axi_aclk_IBUF_BUFG
                         FDRE                                         r  activation_unit_instance/activation_data_reg[25]/C
                         clock pessimism              0.184    12.311    
                         clock uncertainty           -0.035    12.276    
                         FDRE (Setup_fdre_C_D)        0.080    12.356    activation_unit_instance/activation_data_reg[25]
  -------------------------------------------------------------------
                         required time                         12.356    
                         arrival time                         -11.652    
  -------------------------------------------------------------------
                         slack                                  0.704    

Slack (MET) :             0.704ns  (required time - arrival time)
  Source:                 bias_sram_instance/bias_data_reg[24]/C
                            (rising edge-triggered cell FDRE clocked by s_axi_aclk  {rise@0.000ns fall@5.000ns period=10.000ns})
  Destination:            activation_unit_instance/activation_data_reg[9]/D
                            (rising edge-triggered cell FDRE clocked by s_axi_aclk  {rise@0.000ns fall@5.000ns period=10.000ns})
  Path Group:             s_axi_aclk
  Path Type:              Setup (Max at Slow Process Corner)
  Requirement:            10.000ns  (s_axi_aclk rise@10.000ns - s_axi_aclk rise@0.000ns)
  Data Path Delay:        9.196ns  (logic 3.913ns (42.551%)  route 5.283ns (57.449%))
  Logic Levels:           13  (CARRY4=5 LUT2=1 LUT3=1 LUT4=1 LUT5=1 LUT6=3 MUXF7=1)
  Clock Path Skew:        -0.145ns (DCD - SCD + CPR)
    Destination Clock Delay (DCD):    2.128ns = ( 12.128 - 10.000 ) 
    Source Clock Delay      (SCD):    2.456ns
    Clock Pessimism Removal (CPR):    0.184ns
  Clock Uncertainty:      0.035ns  ((TSJ^2 + TIJ^2)^1/2 + DJ) / 2 + PE
    Total System Jitter     (TSJ):    0.071ns
    Total Input Jitter      (TIJ):    0.000ns
    Discrete Jitter          (DJ):    0.000ns
    Phase Error              (PE):    0.000ns

    Location             Delay type                Incr(ns)  Path(ns)    Netlist Resource(s)
  -------------------------------------------------------------------    -------------------
                         (clock s_axi_aclk rise edge)
                                                      0.000     0.000 r  
                                                      0.000     0.000 r  s_axi_aclk (IN)
                         net (fo=0)                   0.000     0.000    s_axi_aclk
                         IBUF (Prop_ibuf_I_O)         0.972     0.972 r  s_axi_aclk_IBUF_inst/O
                         net (fo=1, unplaced)         0.800     1.771    s_axi_aclk_IBUF
                         BUFG (Prop_bufg_I_O)         0.101     1.872 r  s_axi_aclk_IBUF_BUFG_inst/O
                         net (fo=759, unplaced)       0.584     2.456    bias_sram_instance/s_axi_aclk_IBUF_BUFG
                         FDRE                                         r  bias_sram_instance/bias_data_reg[24]/C
  -------------------------------------------------------------------    -------------------
                         FDRE (Prop_fdre_C_Q)         0.478     2.934 r  bias_sram_instance/bias_data_reg[24]/Q
                         net (fo=1, unplaced)         0.965     3.899    bias_sram_instance/bias_data_reg_n_0_[24]
                         LUT6 (Prop_lut6_I0_O)        0.295     4.194 r  bias_sram_instance/activation_data[37]_i_33/O
                         net (fo=1, unplaced)         0.449     4.643    dnn_scheduler_instance/activation_data[5]_i_22
                         LUT5 (Prop_lut5_I4_O)        0.124     4.767 r  dnn_scheduler_instance/activation_data[37]_i_29/O
                         net (fo=5, unplaced)         0.477     5.244    systolic_controller_instance/systolic_array_2d_instance/ARRAY_ROWS[2].ARRAY_COLUMNS[2].pe_systolic_cell_instance/mac_pe_instance/activation_data_reg[13]_i_14_5
                         LUT4 (Prop_lut4_I3_O)        0.124     5.368 r  systolic_controller_instance/systolic_array_2d_instance/ARRAY_ROWS[2].ARRAY_COLUMNS[2].pe_systolic_cell_instance/mac_pe_instance/activation_data[13]_i_22/O
                         net (fo=1, unplaced)         0.000     5.368    systolic_controller_instance/systolic_array_2d_instance/ARRAY_ROWS[2].ARRAY_COLUMNS[2].pe_systolic_cell_instance/mac_pe_instance/activation_data[13]_i_22_n_0
                         CARRY4 (Prop_carry4_S[1]_CO[3])
                                                      0.533     5.901 r  systolic_controller_instance/systolic_array_2d_instance/ARRAY_ROWS[2].ARRAY_COLUMNS[2].pe_systolic_cell_instance/mac_pe_instance/activation_data_reg[13]_i_14/CO[3]
                         net (fo=1, unplaced)         0.009     5.910    systolic_controller_instance/systolic_array_2d_instance/ARRAY_ROWS[2].ARRAY_COLUMNS[2].pe_systolic_cell_instance/mac_pe_instance/activation_data_reg[13]_i_14_n_0
                         CARRY4 (Prop_carry4_CI_CO[3])
                                                      0.117     6.027 r  systolic_controller_instance/systolic_array_2d_instance/ARRAY_ROWS[2].ARRAY_COLUMNS[2].pe_systolic_cell_instance/mac_pe_instance/activation_data_reg[14]_i_13/CO[3]
                         net (fo=1, unplaced)         0.000     6.027    systolic_controller_instance/systolic_array_2d_instance/ARRAY_ROWS[2].ARRAY_COLUMNS[2].pe_systolic_cell_instance/mac_pe_instance/activation_data_reg[14]_i_13_n_0
                         CARRY4 (Prop_carry4_CI_O[1])
                                                      0.337     6.364 f  systolic_controller_instance/systolic_array_2d_instance/ARRAY_ROWS[2].ARRAY_COLUMNS[2].pe_systolic_cell_instance/mac_pe_instance/activation_data_reg[14]_i_4/O[1]
                         net (fo=4, unplaced)         0.635     6.999    activation_unit_instance/activation_data_reg[14]_i_5[1]
                         LUT2 (Prop_lut2_I0_O)        0.332     7.331 r  activation_unit_instance/activation_data[14]_i_33/O
                         net (fo=1, unplaced)         0.000     7.331    activation_unit_instance/activation_data[14]_i_33_n_0
                         CARRY4 (Prop_carry4_DI[1]_CO[3])
                                                      0.547     7.878 r  activation_unit_instance/activation_data_reg[14]_i_8/CO[3]
                         net (fo=1, unplaced)         0.009     7.887    activation_unit_instance/activation_data_reg[14]_i_8_n_0
                         CARRY4 (Prop_carry4_CI_CO[1])
                                                      0.179     8.066 f  activation_unit_instance/activation_data_reg[14]_i_3/CO[1]
                         net (fo=16, unplaced)        0.665     8.731    systolic_controller_instance/systolic_array_2d_instance/ARRAY_ROWS[1].ARRAY_COLUMNS[3].pe_systolic_cell_instance/mac_pe_instance/activation_data_reg[12][0]
                         LUT3 (Prop_lut3_I1_O)        0.358     9.089 r  systolic_controller_instance/systolic_array_2d_instance/ARRAY_ROWS[1].ARRAY_COLUMNS[3].pe_systolic_cell_instance/mac_pe_instance/activation_data[13]_i_8/O
                         net (fo=21, unplaced)        1.172    10.261    activation_unit_instance/activation_data_reg[12]_7
                         LUT6 (Prop_lut6_I1_O)        0.124    10.385 r  activation_unit_instance/p_0_out_inferred__0/activation_data[9]_i_4/O
                         net (fo=1, unplaced)         0.902    11.287    activation_unit_instance/p_0_out_inferred__0/activation_data[9]_i_4_n_0
                         LUT6 (Prop_lut6_I0_O)        0.124    11.411 r  activation_unit_instance/p_0_out_inferred__0/activation_data[9]_i_2/O
                         net (fo=1, unplaced)         0.000    11.411    activation_unit_instance/p_0_out_inferred__0/activation_data[9]_i_2_n_0
                         MUXF7 (Prop_muxf7_I0_O)      0.241    11.652 r  activation_unit_instance/p_0_out_inferred__0/activation_data_reg[9]_i_1/O
                         net (fo=1, unplaced)         0.000    11.652    activation_unit_instance/p_0_out_inferred__0/activation_data_reg[9]_i_1_n_0
                         FDRE                                         r  activation_unit_instance/activation_data_reg[9]/D
  -------------------------------------------------------------------    -------------------

                         (clock s_axi_aclk rise edge)
                                                     10.000    10.000 r  
                                                      0.000    10.000 r  s_axi_aclk (IN)
                         net (fo=0)                   0.000    10.000    s_axi_aclk
                         IBUF (Prop_ibuf_I_O)         0.838    10.838 r  s_axi_aclk_IBUF_inst/O
                         net (fo=1, unplaced)         0.760    11.598    s_axi_aclk_IBUF
                         BUFG (Prop_bufg_I_O)         0.091    11.689 r  s_axi_aclk_IBUF_BUFG_inst/O
                         net (fo=759, unplaced)       0.439    12.128    activation_unit_instance/s_axi_aclk_IBUF_BUFG
                         FDRE                                         r  activation_unit_instance/activation_data_reg[9]/C
                         clock pessimism              0.184    12.311    
                         clock uncertainty           -0.035    12.276    
                         FDRE (Setup_fdre_C_D)        0.080    12.356    activation_unit_instance/activation_data_reg[9]
  -------------------------------------------------------------------
                         required time                         12.356    
                         arrival time                         -11.652    
  -------------------------------------------------------------------
                         slack                                  0.704    

Slack (MET) :             0.938ns  (required time - arrival time)
  Source:                 bias_sram_instance/bias_data_reg[24]/C
                            (rising edge-triggered cell FDRE clocked by s_axi_aclk  {rise@0.000ns fall@5.000ns period=10.000ns})
  Destination:            activation_unit_instance/activation_data_reg[10]/D
                            (rising edge-triggered cell FDRE clocked by s_axi_aclk  {rise@0.000ns fall@5.000ns period=10.000ns})
  Path Group:             s_axi_aclk
  Path Type:              Setup (Max at Slow Process Corner)
  Requirement:            10.000ns  (s_axi_aclk rise@10.000ns - s_axi_aclk rise@0.000ns)
  Data Path Delay:        8.926ns  (logic 4.093ns (45.855%)  route 4.833ns (54.145%))
  Logic Levels:           13  (CARRY4=5 LUT2=1 LUT3=1 LUT4=1 LUT5=2 LUT6=2 MUXF7=1)
  Clock Path Skew:        -0.145ns (DCD - SCD + CPR)
    Destination Clock Delay (DCD):    2.128ns = ( 12.128 - 10.000 ) 
    Source Clock Delay      (SCD):    2.456ns
    Clock Pessimism Removal (CPR):    0.184ns
  Clock Uncertainty:      0.035ns  ((TSJ^2 + TIJ^2)^1/2 + DJ) / 2 + PE
    Total System Jitter     (TSJ):    0.071ns
    Total Input Jitter      (TIJ):    0.000ns
    Discrete Jitter          (DJ):    0.000ns
    Phase Error              (PE):    0.000ns

    Location             Delay type                Incr(ns)  Path(ns)    Netlist Resource(s)
  -------------------------------------------------------------------    -------------------
                         (clock s_axi_aclk rise edge)
                                                      0.000     0.000 r  
                                                      0.000     0.000 r  s_axi_aclk (IN)
                         net (fo=0)                   0.000     0.000    s_axi_aclk
                         IBUF (Prop_ibuf_I_O)         0.972     0.972 r  s_axi_aclk_IBUF_inst/O
                         net (fo=1, unplaced)         0.800     1.771    s_axi_aclk_IBUF
                         BUFG (Prop_bufg_I_O)         0.101     1.872 r  s_axi_aclk_IBUF_BUFG_inst/O
                         net (fo=759, unplaced)       0.584     2.456    bias_sram_instance/s_axi_aclk_IBUF_BUFG
                         FDRE                                         r  bias_sram_instance/bias_data_reg[24]/C
  -------------------------------------------------------------------    -------------------
                         FDRE (Prop_fdre_C_Q)         0.478     2.934 r  bias_sram_instance/bias_data_reg[24]/Q
                         net (fo=1, unplaced)         0.965     3.899    bias_sram_instance/bias_data_reg_n_0_[24]
                         LUT6 (Prop_lut6_I0_O)        0.295     4.194 r  bias_sram_instance/activation_data[37]_i_33/O
                         net (fo=1, unplaced)         0.449     4.643    dnn_scheduler_instance/activation_data[5]_i_22
                         LUT5 (Prop_lut5_I4_O)        0.124     4.767 r  dnn_scheduler_instance/activation_data[37]_i_29/O
                         net (fo=5, unplaced)         0.477     5.244    systolic_controller_instance/systolic_array_2d_instance/ARRAY_ROWS[2].ARRAY_COLUMNS[2].pe_systolic_cell_instance/mac_pe_instance/activation_data_reg[13]_i_14_5
                         LUT4 (Prop_lut4_I3_O)        0.124     5.368 r  systolic_controller_instance/systolic_array_2d_instance/ARRAY_ROWS[2].ARRAY_COLUMNS[2].pe_systolic_cell_instance/mac_pe_instance/activation_data[13]_i_22/O
                         net (fo=1, unplaced)         0.000     5.368    systolic_controller_instance/systolic_array_2d_instance/ARRAY_ROWS[2].ARRAY_COLUMNS[2].pe_systolic_cell_instance/mac_pe_instance/activation_data[13]_i_22_n_0
                         CARRY4 (Prop_carry4_S[1]_CO[3])
                                                      0.533     5.901 r  systolic_controller_instance/systolic_array_2d_instance/ARRAY_ROWS[2].ARRAY_COLUMNS[2].pe_systolic_cell_instance/mac_pe_instance/activation_data_reg[13]_i_14/CO[3]
                         net (fo=1, unplaced)         0.009     5.910    systolic_controller_instance/systolic_array_2d_instance/ARRAY_ROWS[2].ARRAY_COLUMNS[2].pe_systolic_cell_instance/mac_pe_instance/activation_data_reg[13]_i_14_n_0
                         CARRY4 (Prop_carry4_CI_CO[3])
                                                      0.117     6.027 r  systolic_controller_instance/systolic_array_2d_instance/ARRAY_ROWS[2].ARRAY_COLUMNS[2].pe_systolic_cell_instance/mac_pe_instance/activation_data_reg[14]_i_13/CO[3]
                         net (fo=1, unplaced)         0.000     6.027    systolic_controller_instance/systolic_array_2d_instance/ARRAY_ROWS[2].ARRAY_COLUMNS[2].pe_systolic_cell_instance/mac_pe_instance/activation_data_reg[14]_i_13_n_0
                         CARRY4 (Prop_carry4_CI_O[1])
                                                      0.337     6.364 f  systolic_controller_instance/systolic_array_2d_instance/ARRAY_ROWS[2].ARRAY_COLUMNS[2].pe_systolic_cell_instance/mac_pe_instance/activation_data_reg[14]_i_4/O[1]
                         net (fo=4, unplaced)         0.635     6.999    activation_unit_instance/activation_data_reg[14]_i_5[1]
                         LUT2 (Prop_lut2_I0_O)        0.332     7.331 r  activation_unit_instance/activation_data[14]_i_33/O
                         net (fo=1, unplaced)         0.000     7.331    activation_unit_instance/activation_data[14]_i_33_n_0
                         CARRY4 (Prop_carry4_DI[1]_CO[3])
                                                      0.547     7.878 r  activation_unit_instance/activation_data_reg[14]_i_8/CO[3]
                         net (fo=1, unplaced)         0.009     7.887    activation_unit_instance/activation_data_reg[14]_i_8_n_0
                         CARRY4 (Prop_carry4_CI_CO[1])
                                                      0.179     8.066 f  activation_unit_instance/activation_data_reg[14]_i_3/CO[1]
                         net (fo=16, unplaced)        0.665     8.731    systolic_controller_instance/systolic_array_2d_instance/ARRAY_ROWS[1].ARRAY_COLUMNS[3].pe_systolic_cell_instance/mac_pe_instance/activation_data_reg[12][0]
                         LUT3 (Prop_lut3_I1_O)        0.358     9.089 r  systolic_controller_instance/systolic_array_2d_instance/ARRAY_ROWS[1].ARRAY_COLUMNS[3].pe_systolic_cell_instance/mac_pe_instance/activation_data[13]_i_8/O
                         net (fo=21, unplaced)        1.172    10.261    activation_unit_instance/activation_data_reg[12]_7
                         LUT6 (Prop_lut6_I1_O)        0.124    10.385 r  activation_unit_instance/p_0_out_inferred__0/activation_data[10]_i_7/O
                         net (fo=1, unplaced)         0.000    10.385    activation_unit_instance/p_0_out_inferred__0/activation_data[10]_i_7_n_0
                         MUXF7 (Prop_muxf7_I1_O)      0.247    10.632 r  activation_unit_instance/p_0_out_inferred__0/activation_data_reg[10]_i_3/O
                         net (fo=1, unplaced)         0.452    11.084    activation_unit_instance/p_0_out_inferred__0/activation_data_reg[10]_i_3_n_0
                         LUT5 (Prop_lut5_I3_O)        0.298    11.382 r  activation_unit_instance/p_0_out_inferred__0/activation_data[10]_i_1/O
                         net (fo=1, unplaced)         0.000    11.382    activation_unit_instance/p_0_out_inferred__0/activation_data[10]_i_1_n_0
                         FDRE                                         r  activation_unit_instance/activation_data_reg[10]/D
  -------------------------------------------------------------------    -------------------

                         (clock s_axi_aclk rise edge)
                                                     10.000    10.000 r  
                                                      0.000    10.000 r  s_axi_aclk (IN)
                         net (fo=0)                   0.000    10.000    s_axi_aclk
                         IBUF (Prop_ibuf_I_O)         0.838    10.838 r  s_axi_aclk_IBUF_inst/O
                         net (fo=1, unplaced)         0.760    11.598    s_axi_aclk_IBUF
                         BUFG (Prop_bufg_I_O)         0.091    11.689 r  s_axi_aclk_IBUF_BUFG_inst/O
                         net (fo=759, unplaced)       0.439    12.128    activation_unit_instance/s_axi_aclk_IBUF_BUFG
                         FDRE                                         r  activation_unit_instance/activation_data_reg[10]/C
                         clock pessimism              0.184    12.311    
                         clock uncertainty           -0.035    12.276    
                         FDRE (Setup_fdre_C_D)        0.044    12.320    activation_unit_instance/activation_data_reg[10]
  -------------------------------------------------------------------
                         required time                         12.320    
                         arrival time                         -11.382    
  -------------------------------------------------------------------
                         slack                                  0.938    

Slack (MET) :             0.938ns  (required time - arrival time)
  Source:                 bias_sram_instance/bias_data_reg[24]/C
                            (rising edge-triggered cell FDRE clocked by s_axi_aclk  {rise@0.000ns fall@5.000ns period=10.000ns})
  Destination:            activation_unit_instance/activation_data_reg[11]/D
                            (rising edge-triggered cell FDRE clocked by s_axi_aclk  {rise@0.000ns fall@5.000ns period=10.000ns})
  Path Group:             s_axi_aclk
  Path Type:              Setup (Max at Slow Process Corner)
  Requirement:            10.000ns  (s_axi_aclk rise@10.000ns - s_axi_aclk rise@0.000ns)
  Data Path Delay:        8.926ns  (logic 4.093ns (45.855%)  route 4.833ns (54.145%))
  Logic Levels:           13  (CARRY4=5 LUT2=1 LUT3=1 LUT4=1 LUT5=3 LUT6=1 MUXF7=1)
  Clock Path Skew:        -0.145ns (DCD - SCD + CPR)
    Destination Clock Delay (DCD):    2.128ns = ( 12.128 - 10.000 ) 
    Source Clock Delay      (SCD):    2.456ns
    Clock Pessimism Removal (CPR):    0.184ns
  Clock Uncertainty:      0.035ns  ((TSJ^2 + TIJ^2)^1/2 + DJ) / 2 + PE
    Total System Jitter     (TSJ):    0.071ns
    Total Input Jitter      (TIJ):    0.000ns
    Discrete Jitter          (DJ):    0.000ns
    Phase Error              (PE):    0.000ns

    Location             Delay type                Incr(ns)  Path(ns)    Netlist Resource(s)
  -------------------------------------------------------------------    -------------------
                         (clock s_axi_aclk rise edge)
                                                      0.000     0.000 r  
                                                      0.000     0.000 r  s_axi_aclk (IN)
                         net (fo=0)                   0.000     0.000    s_axi_aclk
                         IBUF (Prop_ibuf_I_O)         0.972     0.972 r  s_axi_aclk_IBUF_inst/O
                         net (fo=1, unplaced)         0.800     1.771    s_axi_aclk_IBUF
                         BUFG (Prop_bufg_I_O)         0.101     1.872 r  s_axi_aclk_IBUF_BUFG_inst/O
                         net (fo=759, unplaced)       0.584     2.456    bias_sram_instance/s_axi_aclk_IBUF_BUFG
                         FDRE                                         r  bias_sram_instance/bias_data_reg[24]/C
  -------------------------------------------------------------------    -------------------
                         FDRE (Prop_fdre_C_Q)         0.478     2.934 r  bias_sram_instance/bias_data_reg[24]/Q
                         net (fo=1, unplaced)         0.965     3.899    bias_sram_instance/bias_data_reg_n_0_[24]
                         LUT6 (Prop_lut6_I0_O)        0.295     4.194 r  bias_sram_instance/activation_data[37]_i_33/O
                         net (fo=1, unplaced)         0.449     4.643    dnn_scheduler_instance/activation_data[5]_i_22
                         LUT5 (Prop_lut5_I4_O)        0.124     4.767 r  dnn_scheduler_instance/activation_data[37]_i_29/O
                         net (fo=5, unplaced)         0.477     5.244    systolic_controller_instance/systolic_array_2d_instance/ARRAY_ROWS[2].ARRAY_COLUMNS[2].pe_systolic_cell_instance/mac_pe_instance/activation_data_reg[13]_i_14_5
                         LUT4 (Prop_lut4_I3_O)        0.124     5.368 r  systolic_controller_instance/systolic_array_2d_instance/ARRAY_ROWS[2].ARRAY_COLUMNS[2].pe_systolic_cell_instance/mac_pe_instance/activation_data[13]_i_22/O
                         net (fo=1, unplaced)         0.000     5.368    systolic_controller_instance/systolic_array_2d_instance/ARRAY_ROWS[2].ARRAY_COLUMNS[2].pe_systolic_cell_instance/mac_pe_instance/activation_data[13]_i_22_n_0
                         CARRY4 (Prop_carry4_S[1]_CO[3])
                                                      0.533     5.901 r  systolic_controller_instance/systolic_array_2d_instance/ARRAY_ROWS[2].ARRAY_COLUMNS[2].pe_systolic_cell_instance/mac_pe_instance/activation_data_reg[13]_i_14/CO[3]
                         net (fo=1, unplaced)         0.009     5.910    systolic_controller_instance/systolic_array_2d_instance/ARRAY_ROWS[2].ARRAY_COLUMNS[2].pe_systolic_cell_instance/mac_pe_instance/activation_data_reg[13]_i_14_n_0
                         CARRY4 (Prop_carry4_CI_CO[3])
                                                      0.117     6.027 r  systolic_controller_instance/systolic_array_2d_instance/ARRAY_ROWS[2].ARRAY_COLUMNS[2].pe_systolic_cell_instance/mac_pe_instance/activation_data_reg[14]_i_13/CO[3]
                         net (fo=1, unplaced)         0.000     6.027    systolic_controller_instance/systolic_array_2d_instance/ARRAY_ROWS[2].ARRAY_COLUMNS[2].pe_systolic_cell_instance/mac_pe_instance/activation_data_reg[14]_i_13_n_0
                         CARRY4 (Prop_carry4_CI_O[1])
                                                      0.337     6.364 f  systolic_controller_instance/systolic_array_2d_instance/ARRAY_ROWS[2].ARRAY_COLUMNS[2].pe_systolic_cell_instance/mac_pe_instance/activation_data_reg[14]_i_4/O[1]
                         net (fo=4, unplaced)         0.635     6.999    activation_unit_instance/activation_data_reg[14]_i_5[1]
                         LUT2 (Prop_lut2_I0_O)        0.332     7.331 r  activation_unit_instance/activation_data[14]_i_33/O
                         net (fo=1, unplaced)         0.000     7.331    activation_unit_instance/activation_data[14]_i_33_n_0
                         CARRY4 (Prop_carry4_DI[1]_CO[3])
                                                      0.547     7.878 r  activation_unit_instance/activation_data_reg[14]_i_8/CO[3]
                         net (fo=1, unplaced)         0.009     7.887    activation_unit_instance/activation_data_reg[14]_i_8_n_0
                         CARRY4 (Prop_carry4_CI_CO[1])
                                                      0.179     8.066 f  activation_unit_instance/activation_data_reg[14]_i_3/CO[1]
                         net (fo=16, unplaced)        0.665     8.731    systolic_controller_instance/systolic_array_2d_instance/ARRAY_ROWS[1].ARRAY_COLUMNS[3].pe_systolic_cell_instance/mac_pe_instance/activation_data_reg[12][0]
                         LUT3 (Prop_lut3_I1_O)        0.358     9.089 r  systolic_controller_instance/systolic_array_2d_instance/ARRAY_ROWS[1].ARRAY_COLUMNS[3].pe_systolic_cell_instance/mac_pe_instance/activation_data[13]_i_8/O
                         net (fo=21, unplaced)        1.172    10.261    activation_unit_instance/activation_data_reg[12]_7
                         LUT5 (Prop_lut5_I0_O)        0.124    10.385 r  activation_unit_instance/p_0_out_inferred__0/activation_data[11]_i_7/O
                         net (fo=1, unplaced)         0.000    10.385    activation_unit_instance/p_0_out_inferred__0/activation_data[11]_i_7_n_0
                         MUXF7 (Prop_muxf7_I1_O)      0.247    10.632 r  activation_unit_instance/p_0_out_inferred__0/activation_data_reg[11]_i_3/O
                         net (fo=1, unplaced)         0.452    11.084    activation_unit_instance/p_0_out_inferred__0/activation_data_reg[11]_i_3_n_0
                         LUT5 (Prop_lut5_I3_O)        0.298    11.382 r  activation_unit_instance/p_0_out_inferred__0/activation_data[11]_i_1/O
                         net (fo=1, unplaced)         0.000    11.382    activation_unit_instance/p_0_out_inferred__0/activation_data[11]_i_1_n_0
                         FDRE                                         r  activation_unit_instance/activation_data_reg[11]/D
  -------------------------------------------------------------------    -------------------

                         (clock s_axi_aclk rise edge)
                                                     10.000    10.000 r  
                                                      0.000    10.000 r  s_axi_aclk (IN)
                         net (fo=0)                   0.000    10.000    s_axi_aclk
                         IBUF (Prop_ibuf_I_O)         0.838    10.838 r  s_axi_aclk_IBUF_inst/O
                         net (fo=1, unplaced)         0.760    11.598    s_axi_aclk_IBUF
                         BUFG (Prop_bufg_I_O)         0.091    11.689 r  s_axi_aclk_IBUF_BUFG_inst/O
                         net (fo=759, unplaced)       0.439    12.128    activation_unit_instance/s_axi_aclk_IBUF_BUFG
                         FDRE                                         r  activation_unit_instance/activation_data_reg[11]/C
                         clock pessimism              0.184    12.311    
                         clock uncertainty           -0.035    12.276    
                         FDRE (Setup_fdre_C_D)        0.044    12.320    activation_unit_instance/activation_data_reg[11]
  -------------------------------------------------------------------
                         required time                         12.320    
                         arrival time                         -11.382    
  -------------------------------------------------------------------
                         slack                                  0.938    

Slack (MET) :             0.938ns  (required time - arrival time)
  Source:                 bias_sram_instance/bias_data_reg[24]/C
                            (rising edge-triggered cell FDRE clocked by s_axi_aclk  {rise@0.000ns fall@5.000ns period=10.000ns})
  Destination:            activation_unit_instance/activation_data_reg[18]/D
                            (rising edge-triggered cell FDRE clocked by s_axi_aclk  {rise@0.000ns fall@5.000ns period=10.000ns})
  Path Group:             s_axi_aclk
  Path Type:              Setup (Max at Slow Process Corner)
  Requirement:            10.000ns  (s_axi_aclk rise@10.000ns - s_axi_aclk rise@0.000ns)
  Data Path Delay:        8.926ns  (logic 4.093ns (45.855%)  route 4.833ns (54.145%))
  Logic Levels:           13  (CARRY4=5 LUT2=1 LUT3=1 LUT4=1 LUT5=2 LUT6=2 MUXF7=1)
  Clock Path Skew:        -0.145ns (DCD - SCD + CPR)
    Destination Clock Delay (DCD):    2.128ns = ( 12.128 - 10.000 ) 
    Source Clock Delay      (SCD):    2.456ns
    Clock Pessimism Removal (CPR):    0.184ns
  Clock Uncertainty:      0.035ns  ((TSJ^2 + TIJ^2)^1/2 + DJ) / 2 + PE
    Total System Jitter     (TSJ):    0.071ns
    Total Input Jitter      (TIJ):    0.000ns
    Discrete Jitter          (DJ):    0.000ns
    Phase Error              (PE):    0.000ns

    Location             Delay type                Incr(ns)  Path(ns)    Netlist Resource(s)
  -------------------------------------------------------------------    -------------------
                         (clock s_axi_aclk rise edge)
                                                      0.000     0.000 r  
                                                      0.000     0.000 r  s_axi_aclk (IN)
                         net (fo=0)                   0.000     0.000    s_axi_aclk
                         IBUF (Prop_ibuf_I_O)         0.972     0.972 r  s_axi_aclk_IBUF_inst/O
                         net (fo=1, unplaced)         0.800     1.771    s_axi_aclk_IBUF
                         BUFG (Prop_bufg_I_O)         0.101     1.872 r  s_axi_aclk_IBUF_BUFG_inst/O
                         net (fo=759, unplaced)       0.584     2.456    bias_sram_instance/s_axi_aclk_IBUF_BUFG
                         FDRE                                         r  bias_sram_instance/bias_data_reg[24]/C
  -------------------------------------------------------------------    -------------------
                         FDRE (Prop_fdre_C_Q)         0.478     2.934 r  bias_sram_instance/bias_data_reg[24]/Q
                         net (fo=1, unplaced)         0.965     3.899    bias_sram_instance/bias_data_reg_n_0_[24]
                         LUT6 (Prop_lut6_I0_O)        0.295     4.194 r  bias_sram_instance/activation_data[37]_i_33/O
                         net (fo=1, unplaced)         0.449     4.643    dnn_scheduler_instance/activation_data[5]_i_22
                         LUT5 (Prop_lut5_I4_O)        0.124     4.767 r  dnn_scheduler_instance/activation_data[37]_i_29/O
                         net (fo=5, unplaced)         0.477     5.244    systolic_controller_instance/systolic_array_2d_instance/ARRAY_ROWS[3].ARRAY_COLUMNS[2].pe_systolic_cell_instance/mac_pe_instance/activation_data_reg[21]_i_14_5
                         LUT4 (Prop_lut4_I3_O)        0.124     5.368 r  systolic_controller_instance/systolic_array_2d_instance/ARRAY_ROWS[3].ARRAY_COLUMNS[2].pe_systolic_cell_instance/mac_pe_instance/activation_data[21]_i_22/O
                         net (fo=1, unplaced)         0.000     5.368    systolic_controller_instance/systolic_array_2d_instance/ARRAY_ROWS[3].ARRAY_COLUMNS[2].pe_systolic_cell_instance/mac_pe_instance/activation_data[21]_i_22_n_0
                         CARRY4 (Prop_carry4_S[1]_CO[3])
                                                      0.533     5.901 r  systolic_controller_instance/systolic_array_2d_instance/ARRAY_ROWS[3].ARRAY_COLUMNS[2].pe_systolic_cell_instance/mac_pe_instance/activation_data_reg[21]_i_14/CO[3]
                         net (fo=1, unplaced)         0.009     5.910    systolic_controller_instance/systolic_array_2d_instance/ARRAY_ROWS[3].ARRAY_COLUMNS[2].pe_systolic_cell_instance/mac_pe_instance/activation_data_reg[21]_i_14_n_0
                         CARRY4 (Prop_carry4_CI_CO[3])
                                                      0.117     6.027 r  systolic_controller_instance/systolic_array_2d_instance/ARRAY_ROWS[3].ARRAY_COLUMNS[2].pe_systolic_cell_instance/mac_pe_instance/activation_data_reg[22]_i_13/CO[3]
                         net (fo=1, unplaced)         0.000     6.027    systolic_controller_instance/systolic_array_2d_instance/ARRAY_ROWS[3].ARRAY_COLUMNS[2].pe_systolic_cell_instance/mac_pe_instance/activation_data_reg[22]_i_13_n_0
                         CARRY4 (Prop_carry4_CI_O[1])
                                                      0.337     6.364 f  systolic_controller_instance/systolic_array_2d_instance/ARRAY_ROWS[3].ARRAY_COLUMNS[2].pe_systolic_cell_instance/mac_pe_instance/activation_data_reg[22]_i_4/O[1]
                         net (fo=4, unplaced)         0.635     6.999    activation_unit_instance/activation_data_reg[22]_i_5[1]
                         LUT2 (Prop_lut2_I0_O)        0.332     7.331 r  activation_unit_instance/activation_data[22]_i_33/O
                         net (fo=1, unplaced)         0.000     7.331    activation_unit_instance/activation_data[22]_i_33_n_0
                         CARRY4 (Prop_carry4_DI[1]_CO[3])
                                                      0.547     7.878 r  activation_unit_instance/activation_data_reg[22]_i_8/CO[3]
                         net (fo=1, unplaced)         0.009     7.887    activation_unit_instance/activation_data_reg[22]_i_8_n_0
                         CARRY4 (Prop_carry4_CI_CO[1])
                                                      0.179     8.066 f  activation_unit_instance/activation_data_reg[22]_i_3/CO[1]
                         net (fo=16, unplaced)        0.665     8.731    systolic_controller_instance/systolic_array_2d_instance/ARRAY_ROWS[2].ARRAY_COLUMNS[3].pe_systolic_cell_instance/mac_pe_instance/activation_data_reg[20][0]
                         LUT3 (Prop_lut3_I1_O)        0.358     9.089 r  systolic_controller_instance/systolic_array_2d_instance/ARRAY_ROWS[2].ARRAY_COLUMNS[3].pe_systolic_cell_instance/mac_pe_instance/activation_data[21]_i_8/O
                         net (fo=21, unplaced)        1.172    10.261    activation_unit_instance/activation_data_reg[20]_7
                         LUT6 (Prop_lut6_I1_O)        0.124    10.385 r  activation_unit_instance/p_0_out_inferred__1/activation_data[18]_i_7/O
                         net (fo=1, unplaced)         0.000    10.385    activation_unit_instance/p_0_out_inferred__1/activation_data[18]_i_7_n_0
                         MUXF7 (Prop_muxf7_I1_O)      0.247    10.632 r  activation_unit_instance/p_0_out_inferred__1/activation_data_reg[18]_i_3/O
                         net (fo=1, unplaced)         0.452    11.084    activation_unit_instance/p_0_out_inferred__1/activation_data_reg[18]_i_3_n_0
                         LUT5 (Prop_lut5_I3_O)        0.298    11.382 r  activation_unit_instance/p_0_out_inferred__1/activation_data[18]_i_1/O
                         net (fo=1, unplaced)         0.000    11.382    activation_unit_instance/p_0_out_inferred__1/activation_data[18]_i_1_n_0
                         FDRE                                         r  activation_unit_instance/activation_data_reg[18]/D
  -------------------------------------------------------------------    -------------------

                         (clock s_axi_aclk rise edge)
                                                     10.000    10.000 r  
                                                      0.000    10.000 r  s_axi_aclk (IN)
                         net (fo=0)                   0.000    10.000    s_axi_aclk
                         IBUF (Prop_ibuf_I_O)         0.838    10.838 r  s_axi_aclk_IBUF_inst/O
                         net (fo=1, unplaced)         0.760    11.598    s_axi_aclk_IBUF
                         BUFG (Prop_bufg_I_O)         0.091    11.689 r  s_axi_aclk_IBUF_BUFG_inst/O
                         net (fo=759, unplaced)       0.439    12.128    activation_unit_instance/s_axi_aclk_IBUF_BUFG
                         FDRE                                         r  activation_unit_instance/activation_data_reg[18]/C
                         clock pessimism              0.184    12.311    
                         clock uncertainty           -0.035    12.276    
                         FDRE (Setup_fdre_C_D)        0.044    12.320    activation_unit_instance/activation_data_reg[18]
  -------------------------------------------------------------------
                         required time                         12.320    
                         arrival time                         -11.382    
  -------------------------------------------------------------------
                         slack                                  0.938    

Slack (MET) :             0.938ns  (required time - arrival time)
  Source:                 bias_sram_instance/bias_data_reg[24]/C
                            (rising edge-triggered cell FDRE clocked by s_axi_aclk  {rise@0.000ns fall@5.000ns period=10.000ns})
  Destination:            activation_unit_instance/activation_data_reg[19]/D
                            (rising edge-triggered cell FDRE clocked by s_axi_aclk  {rise@0.000ns fall@5.000ns period=10.000ns})
  Path Group:             s_axi_aclk
  Path Type:              Setup (Max at Slow Process Corner)
  Requirement:            10.000ns  (s_axi_aclk rise@10.000ns - s_axi_aclk rise@0.000ns)
  Data Path Delay:        8.926ns  (logic 4.093ns (45.855%)  route 4.833ns (54.145%))
  Logic Levels:           13  (CARRY4=5 LUT2=1 LUT3=1 LUT4=1 LUT5=3 LUT6=1 MUXF7=1)
  Clock Path Skew:        -0.145ns (DCD - SCD + CPR)
    Destination Clock Delay (DCD):    2.128ns = ( 12.128 - 10.000 ) 
    Source Clock Delay      (SCD):    2.456ns
    Clock Pessimism Removal (CPR):    0.184ns
  Clock Uncertainty:      0.035ns  ((TSJ^2 + TIJ^2)^1/2 + DJ) / 2 + PE
    Total System Jitter     (TSJ):    0.071ns
    Total Input Jitter      (TIJ):    0.000ns
    Discrete Jitter          (DJ):    0.000ns
    Phase Error              (PE):    0.000ns

    Location             Delay type                Incr(ns)  Path(ns)    Netlist Resource(s)
  -------------------------------------------------------------------    -------------------
                         (clock s_axi_aclk rise edge)
                                                      0.000     0.000 r  
                                                      0.000     0.000 r  s_axi_aclk (IN)
                         net (fo=0)                   0.000     0.000    s_axi_aclk
                         IBUF (Prop_ibuf_I_O)         0.972     0.972 r  s_axi_aclk_IBUF_inst/O
                         net (fo=1, unplaced)         0.800     1.771    s_axi_aclk_IBUF
                         BUFG (Prop_bufg_I_O)         0.101     1.872 r  s_axi_aclk_IBUF_BUFG_inst/O
                         net (fo=759, unplaced)       0.584     2.456    bias_sram_instance/s_axi_aclk_IBUF_BUFG
                         FDRE                                         r  bias_sram_instance/bias_data_reg[24]/C
  -------------------------------------------------------------------    -------------------
                         FDRE (Prop_fdre_C_Q)         0.478     2.934 r  bias_sram_instance/bias_data_reg[24]/Q
                         net (fo=1, unplaced)         0.965     3.899    bias_sram_instance/bias_data_reg_n_0_[24]
                         LUT6 (Prop_lut6_I0_O)        0.295     4.194 r  bias_sram_instance/activation_data[37]_i_33/O
                         net (fo=1, unplaced)         0.449     4.643    dnn_scheduler_instance/activation_data[5]_i_22
                         LUT5 (Prop_lut5_I4_O)        0.124     4.767 r  dnn_scheduler_instance/activation_data[37]_i_29/O
                         net (fo=5, unplaced)         0.477     5.244    systolic_controller_instance/systolic_array_2d_instance/ARRAY_ROWS[3].ARRAY_COLUMNS[2].pe_systolic_cell_instance/mac_pe_instance/activation_data_reg[21]_i_14_5
                         LUT4 (Prop_lut4_I3_O)        0.124     5.368 r  systolic_controller_instance/systolic_array_2d_instance/ARRAY_ROWS[3].ARRAY_COLUMNS[2].pe_systolic_cell_instance/mac_pe_instance/activation_data[21]_i_22/O
                         net (fo=1, unplaced)         0.000     5.368    systolic_controller_instance/systolic_array_2d_instance/ARRAY_ROWS[3].ARRAY_COLUMNS[2].pe_systolic_cell_instance/mac_pe_instance/activation_data[21]_i_22_n_0
                         CARRY4 (Prop_carry4_S[1]_CO[3])
                                                      0.533     5.901 r  systolic_controller_instance/systolic_array_2d_instance/ARRAY_ROWS[3].ARRAY_COLUMNS[2].pe_systolic_cell_instance/mac_pe_instance/activation_data_reg[21]_i_14/CO[3]
                         net (fo=1, unplaced)         0.009     5.910    systolic_controller_instance/systolic_array_2d_instance/ARRAY_ROWS[3].ARRAY_COLUMNS[2].pe_systolic_cell_instance/mac_pe_instance/activation_data_reg[21]_i_14_n_0
                         CARRY4 (Prop_carry4_CI_CO[3])
                                                      0.117     6.027 r  systolic_controller_instance/systolic_array_2d_instance/ARRAY_ROWS[3].ARRAY_COLUMNS[2].pe_systolic_cell_instance/mac_pe_instance/activation_data_reg[22]_i_13/CO[3]
                         net (fo=1, unplaced)         0.000     6.027    systolic_controller_instance/systolic_array_2d_instance/ARRAY_ROWS[3].ARRAY_COLUMNS[2].pe_systolic_cell_instance/mac_pe_instance/activation_data_reg[22]_i_13_n_0
                         CARRY4 (Prop_carry4_CI_O[1])
                                                      0.337     6.364 f  systolic_controller_instance/systolic_array_2d_instance/ARRAY_ROWS[3].ARRAY_COLUMNS[2].pe_systolic_cell_instance/mac_pe_instance/activation_data_reg[22]_i_4/O[1]
                         net (fo=4, unplaced)         0.635     6.999    activation_unit_instance/activation_data_reg[22]_i_5[1]
                         LUT2 (Prop_lut2_I0_O)        0.332     7.331 r  activation_unit_instance/activation_data[22]_i_33/O
                         net (fo=1, unplaced)         0.000     7.331    activation_unit_instance/activation_data[22]_i_33_n_0
                         CARRY4 (Prop_carry4_DI[1]_CO[3])
                                                      0.547     7.878 r  activation_unit_instance/activation_data_reg[22]_i_8/CO[3]
                         net (fo=1, unplaced)         0.009     7.887    activation_unit_instance/activation_data_reg[22]_i_8_n_0
                         CARRY4 (Prop_carry4_CI_CO[1])
                                                      0.179     8.066 f  activation_unit_instance/activation_data_reg[22]_i_3/CO[1]
                         net (fo=16, unplaced)        0.665     8.731    systolic_controller_instance/systolic_array_2d_instance/ARRAY_ROWS[2].ARRAY_COLUMNS[3].pe_systolic_cell_instance/mac_pe_instance/activation_data_reg[20][0]
                         LUT3 (Prop_lut3_I1_O)        0.358     9.089 r  systolic_controller_instance/systolic_array_2d_instance/ARRAY_ROWS[2].ARRAY_COLUMNS[3].pe_systolic_cell_instance/mac_pe_instance/activation_data[21]_i_8/O
                         net (fo=21, unplaced)        1.172    10.261    activation_unit_instance/activation_data_reg[20]_7
                         LUT5 (Prop_lut5_I0_O)        0.124    10.385 r  activation_unit_instance/p_0_out_inferred__1/activation_data[19]_i_7/O
                         net (fo=1, unplaced)         0.000    10.385    activation_unit_instance/p_0_out_inferred__1/activation_data[19]_i_7_n_0
                         MUXF7 (Prop_muxf7_I1_O)      0.247    10.632 r  activation_unit_instance/p_0_out_inferred__1/activation_data_reg[19]_i_3/O
                         net (fo=1, unplaced)         0.452    11.084    activation_unit_instance/p_0_out_inferred__1/activation_data_reg[19]_i_3_n_0
                         LUT5 (Prop_lut5_I3_O)        0.298    11.382 r  activation_unit_instance/p_0_out_inferred__1/activation_data[19]_i_1/O
                         net (fo=1, unplaced)         0.000    11.382    activation_unit_instance/p_0_out_inferred__1/activation_data[19]_i_1_n_0
                         FDRE                                         r  activation_unit_instance/activation_data_reg[19]/D
  -------------------------------------------------------------------    -------------------

                         (clock s_axi_aclk rise edge)
                                                     10.000    10.000 r  
                                                      0.000    10.000 r  s_axi_aclk (IN)
                         net (fo=0)                   0.000    10.000    s_axi_aclk
                         IBUF (Prop_ibuf_I_O)         0.838    10.838 r  s_axi_aclk_IBUF_inst/O
                         net (fo=1, unplaced)         0.760    11.598    s_axi_aclk_IBUF
                         BUFG (Prop_bufg_I_O)         0.091    11.689 r  s_axi_aclk_IBUF_BUFG_inst/O
                         net (fo=759, unplaced)       0.439    12.128    activation_unit_instance/s_axi_aclk_IBUF_BUFG
                         FDRE                                         r  activation_unit_instance/activation_data_reg[19]/C
                         clock pessimism              0.184    12.311    
                         clock uncertainty           -0.035    12.276    
                         FDRE (Setup_fdre_C_D)        0.044    12.320    activation_unit_instance/activation_data_reg[19]
  -------------------------------------------------------------------
                         required time                         12.320    
                         arrival time                         -11.382    
  -------------------------------------------------------------------
                         slack                                  0.938    

Slack (MET) :             0.938ns  (required time - arrival time)
  Source:                 bias_sram_instance/bias_data_reg[24]/C
                            (rising edge-triggered cell FDRE clocked by s_axi_aclk  {rise@0.000ns fall@5.000ns period=10.000ns})
  Destination:            activation_unit_instance/activation_data_reg[26]/D
                            (rising edge-triggered cell FDRE clocked by s_axi_aclk  {rise@0.000ns fall@5.000ns period=10.000ns})
  Path Group:             s_axi_aclk
  Path Type:              Setup (Max at Slow Process Corner)
  Requirement:            10.000ns  (s_axi_aclk rise@10.000ns - s_axi_aclk rise@0.000ns)
  Data Path Delay:        8.926ns  (logic 4.093ns (45.855%)  route 4.833ns (54.145%))
  Logic Levels:           13  (CARRY4=5 LUT2=1 LUT3=1 LUT4=1 LUT5=2 LUT6=2 MUXF7=1)
  Clock Path Skew:        -0.145ns (DCD - SCD + CPR)
    Destination Clock Delay (DCD):    2.128ns = ( 12.128 - 10.000 ) 
    Source Clock Delay      (SCD):    2.456ns
    Clock Pessimism Removal (CPR):    0.184ns
  Clock Uncertainty:      0.035ns  ((TSJ^2 + TIJ^2)^1/2 + DJ) / 2 + PE
    Total System Jitter     (TSJ):    0.071ns
    Total Input Jitter      (TIJ):    0.000ns
    Discrete Jitter          (DJ):    0.000ns
    Phase Error              (PE):    0.000ns

    Location             Delay type                Incr(ns)  Path(ns)    Netlist Resource(s)
  -------------------------------------------------------------------    -------------------
                         (clock s_axi_aclk rise edge)
                                                      0.000     0.000 r  
                                                      0.000     0.000 r  s_axi_aclk (IN)
                         net (fo=0)                   0.000     0.000    s_axi_aclk
                         IBUF (Prop_ibuf_I_O)         0.972     0.972 r  s_axi_aclk_IBUF_inst/O
                         net (fo=1, unplaced)         0.800     1.771    s_axi_aclk_IBUF
                         BUFG (Prop_bufg_I_O)         0.101     1.872 r  s_axi_aclk_IBUF_BUFG_inst/O
                         net (fo=759, unplaced)       0.584     2.456    bias_sram_instance/s_axi_aclk_IBUF_BUFG
                         FDRE                                         r  bias_sram_instance/bias_data_reg[24]/C
  -------------------------------------------------------------------    -------------------
                         FDRE (Prop_fdre_C_Q)         0.478     2.934 r  bias_sram_instance/bias_data_reg[24]/Q
                         net (fo=1, unplaced)         0.965     3.899    bias_sram_instance/bias_data_reg_n_0_[24]
                         LUT6 (Prop_lut6_I0_O)        0.295     4.194 r  bias_sram_instance/activation_data[37]_i_33/O
                         net (fo=1, unplaced)         0.449     4.643    dnn_scheduler_instance/activation_data[5]_i_22
                         LUT5 (Prop_lut5_I4_O)        0.124     4.767 r  dnn_scheduler_instance/activation_data[37]_i_29/O
                         net (fo=5, unplaced)         0.477     5.244    systolic_controller_instance/systolic_array_2d_instance/ARRAY_ROWS[4].ARRAY_COLUMNS[2].pe_systolic_cell_instance/mac_pe_instance/activation_data_reg[29]_i_14_5
                         LUT4 (Prop_lut4_I3_O)        0.124     5.368 r  systolic_controller_instance/systolic_array_2d_instance/ARRAY_ROWS[4].ARRAY_COLUMNS[2].pe_systolic_cell_instance/mac_pe_instance/activation_data[29]_i_22/O
                         net (fo=1, unplaced)         0.000     5.368    systolic_controller_instance/systolic_array_2d_instance/ARRAY_ROWS[4].ARRAY_COLUMNS[2].pe_systolic_cell_instance/mac_pe_instance/activation_data[29]_i_22_n_0
                         CARRY4 (Prop_carry4_S[1]_CO[3])
                                                      0.533     5.901 r  systolic_controller_instance/systolic_array_2d_instance/ARRAY_ROWS[4].ARRAY_COLUMNS[2].pe_systolic_cell_instance/mac_pe_instance/activation_data_reg[29]_i_14/CO[3]
                         net (fo=1, unplaced)         0.009     5.910    systolic_controller_instance/systolic_array_2d_instance/ARRAY_ROWS[4].ARRAY_COLUMNS[2].pe_systolic_cell_instance/mac_pe_instance/activation_data_reg[29]_i_14_n_0
                         CARRY4 (Prop_carry4_CI_CO[3])
                                                      0.117     6.027 r  systolic_controller_instance/systolic_array_2d_instance/ARRAY_ROWS[4].ARRAY_COLUMNS[2].pe_systolic_cell_instance/mac_pe_instance/activation_data_reg[30]_i_13/CO[3]
                         net (fo=1, unplaced)         0.000     6.027    systolic_controller_instance/systolic_array_2d_instance/ARRAY_ROWS[4].ARRAY_COLUMNS[2].pe_systolic_cell_instance/mac_pe_instance/activation_data_reg[30]_i_13_n_0
                         CARRY4 (Prop_carry4_CI_O[1])
                                                      0.337     6.364 f  systolic_controller_instance/systolic_array_2d_instance/ARRAY_ROWS[4].ARRAY_COLUMNS[2].pe_systolic_cell_instance/mac_pe_instance/activation_data_reg[30]_i_4/O[1]
                         net (fo=4, unplaced)         0.635     6.999    activation_unit_instance/activation_data_reg[30]_i_5[1]
                         LUT2 (Prop_lut2_I0_O)        0.332     7.331 r  activation_unit_instance/activation_data[30]_i_33/O
                         net (fo=1, unplaced)         0.000     7.331    activation_unit_instance/activation_data[30]_i_33_n_0
                         CARRY4 (Prop_carry4_DI[1]_CO[3])
                                                      0.547     7.878 r  activation_unit_instance/activation_data_reg[30]_i_8/CO[3]
                         net (fo=1, unplaced)         0.009     7.887    activation_unit_instance/activation_data_reg[30]_i_8_n_0
                         CARRY4 (Prop_carry4_CI_CO[1])
                                                      0.179     8.066 f  activation_unit_instance/activation_data_reg[30]_i_3/CO[1]
                         net (fo=16, unplaced)        0.665     8.731    systolic_controller_instance/systolic_array_2d_instance/ARRAY_ROWS[3].ARRAY_COLUMNS[3].pe_systolic_cell_instance/mac_pe_instance/activation_data_reg[28][0]
                         LUT3 (Prop_lut3_I1_O)        0.358     9.089 r  systolic_controller_instance/systolic_array_2d_instance/ARRAY_ROWS[3].ARRAY_COLUMNS[3].pe_systolic_cell_instance/mac_pe_instance/activation_data[29]_i_8/O
                         net (fo=21, unplaced)        1.172    10.261    activation_unit_instance/activation_data_reg[28]_7
                         LUT6 (Prop_lut6_I1_O)        0.124    10.385 r  activation_unit_instance/p_0_out_inferred__2/activation_data[26]_i_7/O
                         net (fo=1, unplaced)         0.000    10.385    activation_unit_instance/p_0_out_inferred__2/activation_data[26]_i_7_n_0
                         MUXF7 (Prop_muxf7_I1_O)      0.247    10.632 r  activation_unit_instance/p_0_out_inferred__2/activation_data_reg[26]_i_3/O
                         net (fo=1, unplaced)         0.452    11.084    activation_unit_instance/p_0_out_inferred__2/activation_data_reg[26]_i_3_n_0
                         LUT5 (Prop_lut5_I3_O)        0.298    11.382 r  activation_unit_instance/p_0_out_inferred__2/activation_data[26]_i_1/O
                         net (fo=1, unplaced)         0.000    11.382    activation_unit_instance/p_0_out_inferred__2/activation_data[26]_i_1_n_0
                         FDRE                                         r  activation_unit_instance/activation_data_reg[26]/D
  -------------------------------------------------------------------    -------------------

                         (clock s_axi_aclk rise edge)
                                                     10.000    10.000 r  
                                                      0.000    10.000 r  s_axi_aclk (IN)
                         net (fo=0)                   0.000    10.000    s_axi_aclk
                         IBUF (Prop_ibuf_I_O)         0.838    10.838 r  s_axi_aclk_IBUF_inst/O
                         net (fo=1, unplaced)         0.760    11.598    s_axi_aclk_IBUF
                         BUFG (Prop_bufg_I_O)         0.091    11.689 r  s_axi_aclk_IBUF_BUFG_inst/O
                         net (fo=759, unplaced)       0.439    12.128    activation_unit_instance/s_axi_aclk_IBUF_BUFG
                         FDRE                                         r  activation_unit_instance/activation_data_reg[26]/C
                         clock pessimism              0.184    12.311    
                         clock uncertainty           -0.035    12.276    
                         FDRE (Setup_fdre_C_D)        0.044    12.320    activation_unit_instance/activation_data_reg[26]
  -------------------------------------------------------------------
                         required time                         12.320    
                         arrival time                         -11.382    
  -------------------------------------------------------------------
                         slack                                  0.938    

Slack (MET) :             0.938ns  (required time - arrival time)
  Source:                 bias_sram_instance/bias_data_reg[24]/C
                            (rising edge-triggered cell FDRE clocked by s_axi_aclk  {rise@0.000ns fall@5.000ns period=10.000ns})
  Destination:            activation_unit_instance/activation_data_reg[27]/D
                            (rising edge-triggered cell FDRE clocked by s_axi_aclk  {rise@0.000ns fall@5.000ns period=10.000ns})
  Path Group:             s_axi_aclk
  Path Type:              Setup (Max at Slow Process Corner)
  Requirement:            10.000ns  (s_axi_aclk rise@10.000ns - s_axi_aclk rise@0.000ns)
  Data Path Delay:        8.926ns  (logic 4.093ns (45.855%)  route 4.833ns (54.145%))
  Logic Levels:           13  (CARRY4=5 LUT2=1 LUT3=1 LUT4=1 LUT5=3 LUT6=1 MUXF7=1)
  Clock Path Skew:        -0.145ns (DCD - SCD + CPR)
    Destination Clock Delay (DCD):    2.128ns = ( 12.128 - 10.000 ) 
    Source Clock Delay      (SCD):    2.456ns
    Clock Pessimism Removal (CPR):    0.184ns
  Clock Uncertainty:      0.035ns  ((TSJ^2 + TIJ^2)^1/2 + DJ) / 2 + PE
    Total System Jitter     (TSJ):    0.071ns
    Total Input Jitter      (TIJ):    0.000ns
    Discrete Jitter          (DJ):    0.000ns
    Phase Error              (PE):    0.000ns

    Location             Delay type                Incr(ns)  Path(ns)    Netlist Resource(s)
  -------------------------------------------------------------------    -------------------
                         (clock s_axi_aclk rise edge)
                                                      0.000     0.000 r  
                                                      0.000     0.000 r  s_axi_aclk (IN)
                         net (fo=0)                   0.000     0.000    s_axi_aclk
                         IBUF (Prop_ibuf_I_O)         0.972     0.972 r  s_axi_aclk_IBUF_inst/O
                         net (fo=1, unplaced)         0.800     1.771    s_axi_aclk_IBUF
                         BUFG (Prop_bufg_I_O)         0.101     1.872 r  s_axi_aclk_IBUF_BUFG_inst/O
                         net (fo=759, unplaced)       0.584     2.456    bias_sram_instance/s_axi_aclk_IBUF_BUFG
                         FDRE                                         r  bias_sram_instance/bias_data_reg[24]/C
  -------------------------------------------------------------------    -------------------
                         FDRE (Prop_fdre_C_Q)         0.478     2.934 r  bias_sram_instance/bias_data_reg[24]/Q
                         net (fo=1, unplaced)         0.965     3.899    bias_sram_instance/bias_data_reg_n_0_[24]
                         LUT6 (Prop_lut6_I0_O)        0.295     4.194 r  bias_sram_instance/activation_data[37]_i_33/O
                         net (fo=1, unplaced)         0.449     4.643    dnn_scheduler_instance/activation_data[5]_i_22
                         LUT5 (Prop_lut5_I4_O)        0.124     4.767 r  dnn_scheduler_instance/activation_data[37]_i_29/O
                         net (fo=5, unplaced)         0.477     5.244    systolic_controller_instance/systolic_array_2d_instance/ARRAY_ROWS[4].ARRAY_COLUMNS[2].pe_systolic_cell_instance/mac_pe_instance/activation_data_reg[29]_i_14_5
                         LUT4 (Prop_lut4_I3_O)        0.124     5.368 r  systolic_controller_instance/systolic_array_2d_instance/ARRAY_ROWS[4].ARRAY_COLUMNS[2].pe_systolic_cell_instance/mac_pe_instance/activation_data[29]_i_22/O
                         net (fo=1, unplaced)         0.000     5.368    systolic_controller_instance/systolic_array_2d_instance/ARRAY_ROWS[4].ARRAY_COLUMNS[2].pe_systolic_cell_instance/mac_pe_instance/activation_data[29]_i_22_n_0
                         CARRY4 (Prop_carry4_S[1]_CO[3])
                                                      0.533     5.901 r  systolic_controller_instance/systolic_array_2d_instance/ARRAY_ROWS[4].ARRAY_COLUMNS[2].pe_systolic_cell_instance/mac_pe_instance/activation_data_reg[29]_i_14/CO[3]
                         net (fo=1, unplaced)         0.009     5.910    systolic_controller_instance/systolic_array_2d_instance/ARRAY_ROWS[4].ARRAY_COLUMNS[2].pe_systolic_cell_instance/mac_pe_instance/activation_data_reg[29]_i_14_n_0
                         CARRY4 (Prop_carry4_CI_CO[3])
                                                      0.117     6.027 r  systolic_controller_instance/systolic_array_2d_instance/ARRAY_ROWS[4].ARRAY_COLUMNS[2].pe_systolic_cell_instance/mac_pe_instance/activation_data_reg[30]_i_13/CO[3]
                         net (fo=1, unplaced)         0.000     6.027    systolic_controller_instance/systolic_array_2d_instance/ARRAY_ROWS[4].ARRAY_COLUMNS[2].pe_systolic_cell_instance/mac_pe_instance/activation_data_reg[30]_i_13_n_0
                         CARRY4 (Prop_carry4_CI_O[1])
                                                      0.337     6.364 f  systolic_controller_instance/systolic_array_2d_instance/ARRAY_ROWS[4].ARRAY_COLUMNS[2].pe_systolic_cell_instance/mac_pe_instance/activation_data_reg[30]_i_4/O[1]
                         net (fo=4, unplaced)         0.635     6.999    activation_unit_instance/activation_data_reg[30]_i_5[1]
                         LUT2 (Prop_lut2_I0_O)        0.332     7.331 r  activation_unit_instance/activation_data[30]_i_33/O
                         net (fo=1, unplaced)         0.000     7.331    activation_unit_instance/activation_data[30]_i_33_n_0
                         CARRY4 (Prop_carry4_DI[1]_CO[3])
                                                      0.547     7.878 r  activation_unit_instance/activation_data_reg[30]_i_8/CO[3]
                         net (fo=1, unplaced)         0.009     7.887    activation_unit_instance/activation_data_reg[30]_i_8_n_0
                         CARRY4 (Prop_carry4_CI_CO[1])
                                                      0.179     8.066 f  activation_unit_instance/activation_data_reg[30]_i_3/CO[1]
                         net (fo=16, unplaced)        0.665     8.731    systolic_controller_instance/systolic_array_2d_instance/ARRAY_ROWS[3].ARRAY_COLUMNS[3].pe_systolic_cell_instance/mac_pe_instance/activation_data_reg[28][0]
                         LUT3 (Prop_lut3_I1_O)        0.358     9.089 r  systolic_controller_instance/systolic_array_2d_instance/ARRAY_ROWS[3].ARRAY_COLUMNS[3].pe_systolic_cell_instance/mac_pe_instance/activation_data[29]_i_8/O
                         net (fo=21, unplaced)        1.172    10.261    activation_unit_instance/activation_data_reg[28]_7
                         LUT5 (Prop_lut5_I0_O)        0.124    10.385 r  activation_unit_instance/p_0_out_inferred__2/activation_data[27]_i_7/O
                         net (fo=1, unplaced)         0.000    10.385    activation_unit_instance/p_0_out_inferred__2/activation_data[27]_i_7_n_0
                         MUXF7 (Prop_muxf7_I1_O)      0.247    10.632 r  activation_unit_instance/p_0_out_inferred__2/activation_data_reg[27]_i_3/O
                         net (fo=1, unplaced)         0.452    11.084    activation_unit_instance/p_0_out_inferred__2/activation_data_reg[27]_i_3_n_0
                         LUT5 (Prop_lut5_I3_O)        0.298    11.382 r  activation_unit_instance/p_0_out_inferred__2/activation_data[27]_i_1/O
                         net (fo=1, unplaced)         0.000    11.382    activation_unit_instance/p_0_out_inferred__2/activation_data[27]_i_1_n_0
                         FDRE                                         r  activation_unit_instance/activation_data_reg[27]/D
  -------------------------------------------------------------------    -------------------

                         (clock s_axi_aclk rise edge)
                                                     10.000    10.000 r  
                                                      0.000    10.000 r  s_axi_aclk (IN)
                         net (fo=0)                   0.000    10.000    s_axi_aclk
                         IBUF (Prop_ibuf_I_O)         0.838    10.838 r  s_axi_aclk_IBUF_inst/O
                         net (fo=1, unplaced)         0.760    11.598    s_axi_aclk_IBUF
                         BUFG (Prop_bufg_I_O)         0.091    11.689 r  s_axi_aclk_IBUF_BUFG_inst/O
                         net (fo=759, unplaced)       0.439    12.128    activation_unit_instance/s_axi_aclk_IBUF_BUFG
                         FDRE                                         r  activation_unit_instance/activation_data_reg[27]/C
                         clock pessimism              0.184    12.311    
                         clock uncertainty           -0.035    12.276    
                         FDRE (Setup_fdre_C_D)        0.044    12.320    activation_unit_instance/activation_data_reg[27]
  -------------------------------------------------------------------
                         required time                         12.320    
                         arrival time                         -11.382    
  -------------------------------------------------------------------
                         slack                                  0.938    

Slack (MET) :             0.938ns  (required time - arrival time)
  Source:                 bias_sram_instance/bias_data_reg[24]/C
                            (rising edge-triggered cell FDRE clocked by s_axi_aclk  {rise@0.000ns fall@5.000ns period=10.000ns})
  Destination:            activation_unit_instance/activation_data_reg[2]/D
                            (rising edge-triggered cell FDRE clocked by s_axi_aclk  {rise@0.000ns fall@5.000ns period=10.000ns})
  Path Group:             s_axi_aclk
  Path Type:              Setup (Max at Slow Process Corner)
  Requirement:            10.000ns  (s_axi_aclk rise@10.000ns - s_axi_aclk rise@0.000ns)
  Data Path Delay:        8.926ns  (logic 4.093ns (45.855%)  route 4.833ns (54.145%))
  Logic Levels:           13  (CARRY4=5 LUT2=1 LUT3=1 LUT4=1 LUT5=2 LUT6=2 MUXF7=1)
  Clock Path Skew:        -0.145ns (DCD - SCD + CPR)
    Destination Clock Delay (DCD):    2.128ns = ( 12.128 - 10.000 ) 
    Source Clock Delay      (SCD):    2.456ns
    Clock Pessimism Removal (CPR):    0.184ns
  Clock Uncertainty:      0.035ns  ((TSJ^2 + TIJ^2)^1/2 + DJ) / 2 + PE
    Total System Jitter     (TSJ):    0.071ns
    Total Input Jitter      (TIJ):    0.000ns
    Discrete Jitter          (DJ):    0.000ns
    Phase Error              (PE):    0.000ns

    Location             Delay type                Incr(ns)  Path(ns)    Netlist Resource(s)
  -------------------------------------------------------------------    -------------------
                         (clock s_axi_aclk rise edge)
                                                      0.000     0.000 r  
                                                      0.000     0.000 r  s_axi_aclk (IN)
                         net (fo=0)                   0.000     0.000    s_axi_aclk
                         IBUF (Prop_ibuf_I_O)         0.972     0.972 r  s_axi_aclk_IBUF_inst/O
                         net (fo=1, unplaced)         0.800     1.771    s_axi_aclk_IBUF
                         BUFG (Prop_bufg_I_O)         0.101     1.872 r  s_axi_aclk_IBUF_BUFG_inst/O
                         net (fo=759, unplaced)       0.584     2.456    bias_sram_instance/s_axi_aclk_IBUF_BUFG
                         FDRE                                         r  bias_sram_instance/bias_data_reg[24]/C
  -------------------------------------------------------------------    -------------------
                         FDRE (Prop_fdre_C_Q)         0.478     2.934 r  bias_sram_instance/bias_data_reg[24]/Q
                         net (fo=1, unplaced)         0.965     3.899    bias_sram_instance/bias_data_reg_n_0_[24]
                         LUT6 (Prop_lut6_I0_O)        0.295     4.194 r  bias_sram_instance/activation_data[37]_i_33/O
                         net (fo=1, unplaced)         0.449     4.643    dnn_scheduler_instance/activation_data[5]_i_22
                         LUT5 (Prop_lut5_I4_O)        0.124     4.767 r  dnn_scheduler_instance/activation_data[37]_i_29/O
                         net (fo=5, unplaced)         0.477     5.244    systolic_controller_instance/systolic_array_2d_instance/ARRAY_ROWS[1].ARRAY_COLUMNS[2].pe_systolic_cell_instance/mac_pe_instance/activation_data_reg[5]_i_14_5
                         LUT4 (Prop_lut4_I3_O)        0.124     5.368 r  systolic_controller_instance/systolic_array_2d_instance/ARRAY_ROWS[1].ARRAY_COLUMNS[2].pe_systolic_cell_instance/mac_pe_instance/activation_data[5]_i_22/O
                         net (fo=1, unplaced)         0.000     5.368    systolic_controller_instance/systolic_array_2d_instance/ARRAY_ROWS[1].ARRAY_COLUMNS[2].pe_systolic_cell_instance/mac_pe_instance/activation_data[5]_i_22_n_0
                         CARRY4 (Prop_carry4_S[1]_CO[3])
                                                      0.533     5.901 r  systolic_controller_instance/systolic_array_2d_instance/ARRAY_ROWS[1].ARRAY_COLUMNS[2].pe_systolic_cell_instance/mac_pe_instance/activation_data_reg[5]_i_14/CO[3]
                         net (fo=1, unplaced)         0.009     5.910    systolic_controller_instance/systolic_array_2d_instance/ARRAY_ROWS[1].ARRAY_COLUMNS[2].pe_systolic_cell_instance/mac_pe_instance/activation_data_reg[5]_i_14_n_0
                         CARRY4 (Prop_carry4_CI_CO[3])
                                                      0.117     6.027 r  systolic_controller_instance/systolic_array_2d_instance/ARRAY_ROWS[1].ARRAY_COLUMNS[2].pe_systolic_cell_instance/mac_pe_instance/activation_data_reg[6]_i_13/CO[3]
                         net (fo=1, unplaced)         0.000     6.027    systolic_controller_instance/systolic_array_2d_instance/ARRAY_ROWS[1].ARRAY_COLUMNS[2].pe_systolic_cell_instance/mac_pe_instance/activation_data_reg[6]_i_13_n_0
                         CARRY4 (Prop_carry4_CI_O[1])
                                                      0.337     6.364 f  systolic_controller_instance/systolic_array_2d_instance/ARRAY_ROWS[1].ARRAY_COLUMNS[2].pe_systolic_cell_instance/mac_pe_instance/activation_data_reg[6]_i_4/O[1]
                         net (fo=4, unplaced)         0.635     6.999    activation_unit_instance/O[1]
                         LUT2 (Prop_lut2_I0_O)        0.332     7.331 r  activation_unit_instance/activation_data[6]_i_33/O
                         net (fo=1, unplaced)         0.000     7.331    activation_unit_instance/activation_data[6]_i_33_n_0
                         CARRY4 (Prop_carry4_DI[1]_CO[3])
                                                      0.547     7.878 r  activation_unit_instance/activation_data_reg[6]_i_8/CO[3]
                         net (fo=1, unplaced)         0.009     7.887    activation_unit_instance/activation_data_reg[6]_i_8_n_0
                         CARRY4 (Prop_carry4_CI_CO[1])
                                                      0.179     8.066 f  activation_unit_instance/activation_data_reg[6]_i_3/CO[1]
                         net (fo=16, unplaced)        0.665     8.731    systolic_controller_instance/systolic_array_2d_instance/ARRAY_ROWS[0].ARRAY_COLUMNS[3].pe_systolic_cell_instance/mac_pe_instance/activation_data_reg[4][0]
                         LUT3 (Prop_lut3_I1_O)        0.358     9.089 r  systolic_controller_instance/systolic_array_2d_instance/ARRAY_ROWS[0].ARRAY_COLUMNS[3].pe_systolic_cell_instance/mac_pe_instance/activation_data[5]_i_8/O
                         net (fo=21, unplaced)        1.172    10.261    activation_unit_instance/activation_data_reg[4]_7
                         LUT6 (Prop_lut6_I1_O)        0.124    10.385 r  activation_unit_instance/activation_data[2]_i_7/O
                         net (fo=1, unplaced)         0.000    10.385    activation_unit_instance/activation_data[2]_i_7_n_0
                         MUXF7 (Prop_muxf7_I1_O)      0.247    10.632 r  activation_unit_instance/activation_data_reg[2]_i_3/O
                         net (fo=1, unplaced)         0.452    11.084    activation_unit_instance/activation_data_reg[2]_i_3_n_0
                         LUT5 (Prop_lut5_I3_O)        0.298    11.382 r  activation_unit_instance/activation_data[2]_i_1/O
                         net (fo=1, unplaced)         0.000    11.382    activation_unit_instance/p_0_out[2]
                         FDRE                                         r  activation_unit_instance/activation_data_reg[2]/D
  -------------------------------------------------------------------    -------------------

                         (clock s_axi_aclk rise edge)
                                                     10.000    10.000 r  
                                                      0.000    10.000 r  s_axi_aclk (IN)
                         net (fo=0)                   0.000    10.000    s_axi_aclk
                         IBUF (Prop_ibuf_I_O)         0.838    10.838 r  s_axi_aclk_IBUF_inst/O
                         net (fo=1, unplaced)         0.760    11.598    s_axi_aclk_IBUF
                         BUFG (Prop_bufg_I_O)         0.091    11.689 r  s_axi_aclk_IBUF_BUFG_inst/O
                         net (fo=759, unplaced)       0.439    12.128    activation_unit_instance/s_axi_aclk_IBUF_BUFG
                         FDRE                                         r  activation_unit_instance/activation_data_reg[2]/C
                         clock pessimism              0.184    12.311    
                         clock uncertainty           -0.035    12.276    
                         FDRE (Setup_fdre_C_D)        0.044    12.320    activation_unit_instance/activation_data_reg[2]
  -------------------------------------------------------------------
                         required time                         12.320    
                         arrival time                         -11.382    
  -------------------------------------------------------------------
                         slack                                  0.938    

Slack (MET) :             0.938ns  (required time - arrival time)
  Source:                 bias_sram_instance/bias_data_reg[24]/C
                            (rising edge-triggered cell FDRE clocked by s_axi_aclk  {rise@0.000ns fall@5.000ns period=10.000ns})
  Destination:            activation_unit_instance/activation_data_reg[3]/D
                            (rising edge-triggered cell FDRE clocked by s_axi_aclk  {rise@0.000ns fall@5.000ns period=10.000ns})
  Path Group:             s_axi_aclk
  Path Type:              Setup (Max at Slow Process Corner)
  Requirement:            10.000ns  (s_axi_aclk rise@10.000ns - s_axi_aclk rise@0.000ns)
  Data Path Delay:        8.926ns  (logic 4.093ns (45.855%)  route 4.833ns (54.145%))
  Logic Levels:           13  (CARRY4=5 LUT2=1 LUT3=1 LUT4=1 LUT5=3 LUT6=1 MUXF7=1)
  Clock Path Skew:        -0.145ns (DCD - SCD + CPR)
    Destination Clock Delay (DCD):    2.128ns = ( 12.128 - 10.000 ) 
    Source Clock Delay      (SCD):    2.456ns
    Clock Pessimism Removal (CPR):    0.184ns
  Clock Uncertainty:      0.035ns  ((TSJ^2 + TIJ^2)^1/2 + DJ) / 2 + PE
    Total System Jitter     (TSJ):    0.071ns
    Total Input Jitter      (TIJ):    0.000ns
    Discrete Jitter          (DJ):    0.000ns
    Phase Error              (PE):    0.000ns

    Location             Delay type                Incr(ns)  Path(ns)    Netlist Resource(s)
  -------------------------------------------------------------------    -------------------
                         (clock s_axi_aclk rise edge)
                                                      0.000     0.000 r  
                                                      0.000     0.000 r  s_axi_aclk (IN)
                         net (fo=0)                   0.000     0.000    s_axi_aclk
                         IBUF (Prop_ibuf_I_O)         0.972     0.972 r  s_axi_aclk_IBUF_inst/O
                         net (fo=1, unplaced)         0.800     1.771    s_axi_aclk_IBUF
                         BUFG (Prop_bufg_I_O)         0.101     1.872 r  s_axi_aclk_IBUF_BUFG_inst/O
                         net (fo=759, unplaced)       0.584     2.456    bias_sram_instance/s_axi_aclk_IBUF_BUFG
                         FDRE                                         r  bias_sram_instance/bias_data_reg[24]/C
  -------------------------------------------------------------------    -------------------
                         FDRE (Prop_fdre_C_Q)         0.478     2.934 r  bias_sram_instance/bias_data_reg[24]/Q
                         net (fo=1, unplaced)         0.965     3.899    bias_sram_instance/bias_data_reg_n_0_[24]
                         LUT6 (Prop_lut6_I0_O)        0.295     4.194 r  bias_sram_instance/activation_data[37]_i_33/O
                         net (fo=1, unplaced)         0.449     4.643    dnn_scheduler_instance/activation_data[5]_i_22
                         LUT5 (Prop_lut5_I4_O)        0.124     4.767 r  dnn_scheduler_instance/activation_data[37]_i_29/O
                         net (fo=5, unplaced)         0.477     5.244    systolic_controller_instance/systolic_array_2d_instance/ARRAY_ROWS[1].ARRAY_COLUMNS[2].pe_systolic_cell_instance/mac_pe_instance/activation_data_reg[5]_i_14_5
                         LUT4 (Prop_lut4_I3_O)        0.124     5.368 r  systolic_controller_instance/systolic_array_2d_instance/ARRAY_ROWS[1].ARRAY_COLUMNS[2].pe_systolic_cell_instance/mac_pe_instance/activation_data[5]_i_22/O
                         net (fo=1, unplaced)         0.000     5.368    systolic_controller_instance/systolic_array_2d_instance/ARRAY_ROWS[1].ARRAY_COLUMNS[2].pe_systolic_cell_instance/mac_pe_instance/activation_data[5]_i_22_n_0
                         CARRY4 (Prop_carry4_S[1]_CO[3])
                                                      0.533     5.901 r  systolic_controller_instance/systolic_array_2d_instance/ARRAY_ROWS[1].ARRAY_COLUMNS[2].pe_systolic_cell_instance/mac_pe_instance/activation_data_reg[5]_i_14/CO[3]
                         net (fo=1, unplaced)         0.009     5.910    systolic_controller_instance/systolic_array_2d_instance/ARRAY_ROWS[1].ARRAY_COLUMNS[2].pe_systolic_cell_instance/mac_pe_instance/activation_data_reg[5]_i_14_n_0
                         CARRY4 (Prop_carry4_CI_CO[3])
                                                      0.117     6.027 r  systolic_controller_instance/systolic_array_2d_instance/ARRAY_ROWS[1].ARRAY_COLUMNS[2].pe_systolic_cell_instance/mac_pe_instance/activation_data_reg[6]_i_13/CO[3]
                         net (fo=1, unplaced)         0.000     6.027    systolic_controller_instance/systolic_array_2d_instance/ARRAY_ROWS[1].ARRAY_COLUMNS[2].pe_systolic_cell_instance/mac_pe_instance/activation_data_reg[6]_i_13_n_0
                         CARRY4 (Prop_carry4_CI_O[1])
                                                      0.337     6.364 f  systolic_controller_instance/systolic_array_2d_instance/ARRAY_ROWS[1].ARRAY_COLUMNS[2].pe_systolic_cell_instance/mac_pe_instance/activation_data_reg[6]_i_4/O[1]
                         net (fo=4, unplaced)         0.635     6.999    activation_unit_instance/O[1]
                         LUT2 (Prop_lut2_I0_O)        0.332     7.331 r  activation_unit_instance/activation_data[6]_i_33/O
                         net (fo=1, unplaced)         0.000     7.331    activation_unit_instance/activation_data[6]_i_33_n_0
                         CARRY4 (Prop_carry4_DI[1]_CO[3])
                                                      0.547     7.878 r  activation_unit_instance/activation_data_reg[6]_i_8/CO[3]
                         net (fo=1, unplaced)         0.009     7.887    activation_unit_instance/activation_data_reg[6]_i_8_n_0
                         CARRY4 (Prop_carry4_CI_CO[1])
                                                      0.179     8.066 f  activation_unit_instance/activation_data_reg[6]_i_3/CO[1]
                         net (fo=16, unplaced)        0.665     8.731    systolic_controller_instance/systolic_array_2d_instance/ARRAY_ROWS[0].ARRAY_COLUMNS[3].pe_systolic_cell_instance/mac_pe_instance/activation_data_reg[4][0]
                         LUT3 (Prop_lut3_I1_O)        0.358     9.089 r  systolic_controller_instance/systolic_array_2d_instance/ARRAY_ROWS[0].ARRAY_COLUMNS[3].pe_systolic_cell_instance/mac_pe_instance/activation_data[5]_i_8/O
                         net (fo=21, unplaced)        1.172    10.261    activation_unit_instance/activation_data_reg[4]_7
                         LUT5 (Prop_lut5_I0_O)        0.124    10.385 r  activation_unit_instance/activation_data[3]_i_7/O
                         net (fo=1, unplaced)         0.000    10.385    activation_unit_instance/activation_data[3]_i_7_n_0
                         MUXF7 (Prop_muxf7_I1_O)      0.247    10.632 r  activation_unit_instance/activation_data_reg[3]_i_3/O
                         net (fo=1, unplaced)         0.452    11.084    activation_unit_instance/activation_data_reg[3]_i_3_n_0
                         LUT5 (Prop_lut5_I3_O)        0.298    11.382 r  activation_unit_instance/activation_data[3]_i_1/O
                         net (fo=1, unplaced)         0.000    11.382    activation_unit_instance/p_0_out[3]
                         FDRE                                         r  activation_unit_instance/activation_data_reg[3]/D
  -------------------------------------------------------------------    -------------------

                         (clock s_axi_aclk rise edge)
                                                     10.000    10.000 r  
                                                      0.000    10.000 r  s_axi_aclk (IN)
                         net (fo=0)                   0.000    10.000    s_axi_aclk
                         IBUF (Prop_ibuf_I_O)         0.838    10.838 r  s_axi_aclk_IBUF_inst/O
                         net (fo=1, unplaced)         0.760    11.598    s_axi_aclk_IBUF
                         BUFG (Prop_bufg_I_O)         0.091    11.689 r  s_axi_aclk_IBUF_BUFG_inst/O
                         net (fo=759, unplaced)       0.439    12.128    activation_unit_instance/s_axi_aclk_IBUF_BUFG
                         FDRE                                         r  activation_unit_instance/activation_data_reg[3]/C
                         clock pessimism              0.184    12.311    
                         clock uncertainty           -0.035    12.276    
                         FDRE (Setup_fdre_C_D)        0.044    12.320    activation_unit_instance/activation_data_reg[3]
  -------------------------------------------------------------------
                         required time                         12.320    
                         arrival time                         -11.382    
  -------------------------------------------------------------------
                         slack                                  0.938    





Min Delay Paths
--------------------------------------------------------------------------------------
Slack (MET) :             0.137ns  (arrival time - required time)
  Source:                 dnn_scheduler_instance/FSM_onehot_scheduler_state_reg[11]/C
                            (rising edge-triggered cell FDRE clocked by s_axi_aclk  {rise@0.000ns fall@5.000ns period=10.000ns})
  Destination:            dnn_scheduler_instance/clear_batch_reg/D
                            (rising edge-triggered cell FDRE clocked by s_axi_aclk  {rise@0.000ns fall@5.000ns period=10.000ns})
  Path Group:             s_axi_aclk
  Path Type:              Hold (Min at Fast Process Corner)
  Requirement:            0.000ns  (s_axi_aclk rise@0.000ns - s_axi_aclk rise@0.000ns)
  Data Path Delay:        0.381ns  (logic 0.245ns (64.350%)  route 0.136ns (35.650%))
  Logic Levels:           1  (LUT2=1)
  Clock Path Skew:        0.145ns (DCD - SCD - CPR)
    Destination Clock Delay (DCD):    1.032ns
    Source Clock Delay      (SCD):    0.678ns
    Clock Pessimism Removal (CPR):    0.210ns

    Location             Delay type                Incr(ns)  Path(ns)    Netlist Resource(s)
  -------------------------------------------------------------------    -------------------
                         (clock s_axi_aclk rise edge)
                                                      0.000     0.000 r  
                                                      0.000     0.000 r  s_axi_aclk (IN)
                         net (fo=0)                   0.000     0.000    s_axi_aclk
                         IBUF (Prop_ibuf_I_O)         0.200     0.200 r  s_axi_aclk_IBUF_inst/O
                         net (fo=1, unplaced)         0.337     0.538    s_axi_aclk_IBUF
                         BUFG (Prop_bufg_I_O)         0.026     0.564 r  s_axi_aclk_IBUF_BUFG_inst/O
                         net (fo=759, unplaced)       0.114     0.678    dnn_scheduler_instance/s_axi_aclk_IBUF_BUFG
                         FDRE                                         r  dnn_scheduler_instance/FSM_onehot_scheduler_state_reg[11]/C
  -------------------------------------------------------------------    -------------------
                         FDRE (Prop_fdre_C_Q)         0.147     0.825 r  dnn_scheduler_instance/FSM_onehot_scheduler_state_reg[11]/Q
                         net (fo=2, unplaced)         0.136     0.960    axi_lite_wrapper_instance/Q[0]
                         LUT2 (Prop_lut2_I1_O)        0.098     1.058 r  axi_lite_wrapper_instance/clear_batch_i_1/O
                         net (fo=2, unplaced)         0.000     1.058    dnn_scheduler_instance/clear_batch_reg_0
                         FDRE                                         r  dnn_scheduler_instance/clear_batch_reg/D
  -------------------------------------------------------------------    -------------------

                         (clock s_axi_aclk rise edge)
                                                      0.000     0.000 r  
                                                      0.000     0.000 r  s_axi_aclk (IN)
                         net (fo=0)                   0.000     0.000    s_axi_aclk
                         IBUF (Prop_ibuf_I_O)         0.389     0.389 r  s_axi_aclk_IBUF_inst/O
                         net (fo=1, unplaced)         0.355     0.744    s_axi_aclk_IBUF
                         BUFG (Prop_bufg_I_O)         0.029     0.773 r  s_axi_aclk_IBUF_BUFG_inst/O
                         net (fo=759, unplaced)       0.259     1.032    dnn_scheduler_instance/s_axi_aclk_IBUF_BUFG
                         FDRE                                         r  dnn_scheduler_instance/clear_batch_reg/C
                         clock pessimism             -0.210     0.823    
                         FDRE (Hold_fdre_C_D)         0.099     0.922    dnn_scheduler_instance/clear_batch_reg
  -------------------------------------------------------------------
                         required time                         -0.922    
                         arrival time                           1.058    
  -------------------------------------------------------------------
                         slack                                  0.137    

Slack (MET) :             0.137ns  (arrival time - required time)
  Source:                 unified_buffer_instance/read_valid_reg[0]/C
                            (rising edge-triggered cell FDRE clocked by s_axi_aclk  {rise@0.000ns fall@5.000ns period=10.000ns})
  Destination:            systolic_controller_instance/systolic_array_2d_instance/ARRAY_ROWS[0].ARRAY_COLUMNS[0].pe_systolic_cell_instance/a_valid_register_reg/D
                            (rising edge-triggered cell FDCE clocked by s_axi_aclk  {rise@0.000ns fall@5.000ns period=10.000ns})
  Path Group:             s_axi_aclk
  Path Type:              Hold (Min at Fast Process Corner)
  Requirement:            0.000ns  (s_axi_aclk rise@0.000ns - s_axi_aclk rise@0.000ns)
  Data Path Delay:        0.381ns  (logic 0.245ns (64.350%)  route 0.136ns (35.650%))
  Logic Levels:           1  (LUT3=1)
  Clock Path Skew:        0.145ns (DCD - SCD - CPR)
    Destination Clock Delay (DCD):    1.032ns
    Source Clock Delay      (SCD):    0.678ns
    Clock Pessimism Removal (CPR):    0.210ns

    Location             Delay type                Incr(ns)  Path(ns)    Netlist Resource(s)
  -------------------------------------------------------------------    -------------------
                         (clock s_axi_aclk rise edge)
                                                      0.000     0.000 r  
                                                      0.000     0.000 r  s_axi_aclk (IN)
                         net (fo=0)                   0.000     0.000    s_axi_aclk
                         IBUF (Prop_ibuf_I_O)         0.200     0.200 r  s_axi_aclk_IBUF_inst/O
                         net (fo=1, unplaced)         0.337     0.538    s_axi_aclk_IBUF
                         BUFG (Prop_bufg_I_O)         0.026     0.564 r  s_axi_aclk_IBUF_BUFG_inst/O
                         net (fo=759, unplaced)       0.114     0.678    unified_buffer_instance/s_axi_aclk_IBUF_BUFG
                         FDRE                                         r  unified_buffer_instance/read_valid_reg[0]/C
  -------------------------------------------------------------------    -------------------
                         FDRE (Prop_fdre_C_Q)         0.147     0.825 r  unified_buffer_instance/read_valid_reg[0]/Q
                         net (fo=2, unplaced)         0.136     0.960    systolic_controller_instance/systolic_array_2d_instance/ARRAY_ROWS[0].ARRAY_COLUMNS[0].pe_systolic_cell_instance/a_register_reg[0]_0[0]
                         LUT3 (Prop_lut3_I2_O)        0.098     1.058 r  systolic_controller_instance/systolic_array_2d_instance/ARRAY_ROWS[0].ARRAY_COLUMNS[0].pe_systolic_cell_instance/a_valid_register_i_2/O
                         net (fo=1, unplaced)         0.000     1.058    systolic_controller_instance/systolic_array_2d_instance/ARRAY_ROWS[0].ARRAY_COLUMNS[0].pe_systolic_cell_instance/a_valid_register_0
                         FDCE                                         r  systolic_controller_instance/systolic_array_2d_instance/ARRAY_ROWS[0].ARRAY_COLUMNS[0].pe_systolic_cell_instance/a_valid_register_reg/D
  -------------------------------------------------------------------    -------------------

                         (clock s_axi_aclk rise edge)
                                                      0.000     0.000 r  
                                                      0.000     0.000 r  s_axi_aclk (IN)
                         net (fo=0)                   0.000     0.000    s_axi_aclk
                         IBUF (Prop_ibuf_I_O)         0.389     0.389 r  s_axi_aclk_IBUF_inst/O
                         net (fo=1, unplaced)         0.355     0.744    s_axi_aclk_IBUF
                         BUFG (Prop_bufg_I_O)         0.029     0.773 r  s_axi_aclk_IBUF_BUFG_inst/O
                         net (fo=759, unplaced)       0.259     1.032    systolic_controller_instance/systolic_array_2d_instance/ARRAY_ROWS[0].ARRAY_COLUMNS[0].pe_systolic_cell_instance/s_axi_aclk_IBUF_BUFG
                         FDCE                                         r  systolic_controller_instance/systolic_array_2d_instance/ARRAY_ROWS[0].ARRAY_COLUMNS[0].pe_systolic_cell_instance/a_valid_register_reg/C
                         clock pessimism             -0.210     0.823    
                         FDCE (Hold_fdce_C_D)         0.099     0.922    systolic_controller_instance/systolic_array_2d_instance/ARRAY_ROWS[0].ARRAY_COLUMNS[0].pe_systolic_cell_instance/a_valid_register_reg
  -------------------------------------------------------------------
                         required time                         -0.922    
                         arrival time                           1.058    
  -------------------------------------------------------------------
                         slack                                  0.137    

Slack (MET) :             0.137ns  (arrival time - required time)
  Source:                 weight_sram_instance/read_valid_reg[1]/C
                            (rising edge-triggered cell FDRE clocked by s_axi_aclk  {rise@0.000ns fall@5.000ns period=10.000ns})
  Destination:            systolic_controller_instance/systolic_array_2d_instance/ARRAY_ROWS[0].ARRAY_COLUMNS[1].pe_systolic_cell_instance/b_valid_register_reg/D
                            (rising edge-triggered cell FDCE clocked by s_axi_aclk  {rise@0.000ns fall@5.000ns period=10.000ns})
  Path Group:             s_axi_aclk
  Path Type:              Hold (Min at Fast Process Corner)
  Requirement:            0.000ns  (s_axi_aclk rise@0.000ns - s_axi_aclk rise@0.000ns)
  Data Path Delay:        0.381ns  (logic 0.245ns (64.350%)  route 0.136ns (35.650%))
  Logic Levels:           1  (LUT3=1)
  Clock Path Skew:        0.145ns (DCD - SCD - CPR)
    Destination Clock Delay (DCD):    1.032ns
    Source Clock Delay      (SCD):    0.678ns
    Clock Pessimism Removal (CPR):    0.210ns

    Location             Delay type                Incr(ns)  Path(ns)    Netlist Resource(s)
  -------------------------------------------------------------------    -------------------
                         (clock s_axi_aclk rise edge)
                                                      0.000     0.000 r  
                                                      0.000     0.000 r  s_axi_aclk (IN)
                         net (fo=0)                   0.000     0.000    s_axi_aclk
                         IBUF (Prop_ibuf_I_O)         0.200     0.200 r  s_axi_aclk_IBUF_inst/O
                         net (fo=1, unplaced)         0.337     0.538    s_axi_aclk_IBUF
                         BUFG (Prop_bufg_I_O)         0.026     0.564 r  s_axi_aclk_IBUF_BUFG_inst/O
                         net (fo=759, unplaced)       0.114     0.678    weight_sram_instance/s_axi_aclk_IBUF_BUFG
                         FDRE                                         r  weight_sram_instance/read_valid_reg[1]/C
  -------------------------------------------------------------------    -------------------
                         FDRE (Prop_fdre_C_Q)         0.147     0.825 r  weight_sram_instance/read_valid_reg[1]/Q
                         net (fo=2, unplaced)         0.136     0.960    systolic_controller_instance/systolic_array_2d_instance/ARRAY_ROWS[0].ARRAY_COLUMNS[1].pe_systolic_cell_instance/b_register_reg[0]_1[0]
                         LUT3 (Prop_lut3_I2_O)        0.098     1.058 r  systolic_controller_instance/systolic_array_2d_instance/ARRAY_ROWS[0].ARRAY_COLUMNS[1].pe_systolic_cell_instance/b_valid_register_i_1__22/O
                         net (fo=1, unplaced)         0.000     1.058    systolic_controller_instance/systolic_array_2d_instance/ARRAY_ROWS[0].ARRAY_COLUMNS[1].pe_systolic_cell_instance/b_valid_register_i_1__22_n_0
                         FDCE                                         r  systolic_controller_instance/systolic_array_2d_instance/ARRAY_ROWS[0].ARRAY_COLUMNS[1].pe_systolic_cell_instance/b_valid_register_reg/D
  -------------------------------------------------------------------    -------------------

                         (clock s_axi_aclk rise edge)
                                                      0.000     0.000 r  
                                                      0.000     0.000 r  s_axi_aclk (IN)
                         net (fo=0)                   0.000     0.000    s_axi_aclk
                         IBUF (Prop_ibuf_I_O)         0.389     0.389 r  s_axi_aclk_IBUF_inst/O
                         net (fo=1, unplaced)         0.355     0.744    s_axi_aclk_IBUF
                         BUFG (Prop_bufg_I_O)         0.029     0.773 r  s_axi_aclk_IBUF_BUFG_inst/O
                         net (fo=759, unplaced)       0.259     1.032    systolic_controller_instance/systolic_array_2d_instance/ARRAY_ROWS[0].ARRAY_COLUMNS[1].pe_systolic_cell_instance/s_axi_aclk_IBUF_BUFG
                         FDCE                                         r  systolic_controller_instance/systolic_array_2d_instance/ARRAY_ROWS[0].ARRAY_COLUMNS[1].pe_systolic_cell_instance/b_valid_register_reg/C
                         clock pessimism             -0.210     0.823    
                         FDCE (Hold_fdce_C_D)         0.099     0.922    systolic_controller_instance/systolic_array_2d_instance/ARRAY_ROWS[0].ARRAY_COLUMNS[1].pe_systolic_cell_instance/b_valid_register_reg
  -------------------------------------------------------------------
                         required time                         -0.922    
                         arrival time                           1.058    
  -------------------------------------------------------------------
                         slack                                  0.137    

Slack (MET) :             0.137ns  (arrival time - required time)
  Source:                 weight_sram_instance/read_valid_reg[2]/C
                            (rising edge-triggered cell FDRE clocked by s_axi_aclk  {rise@0.000ns fall@5.000ns period=10.000ns})
  Destination:            systolic_controller_instance/systolic_array_2d_instance/ARRAY_ROWS[0].ARRAY_COLUMNS[2].pe_systolic_cell_instance/b_valid_register_reg/D
                            (rising edge-triggered cell FDCE clocked by s_axi_aclk  {rise@0.000ns fall@5.000ns period=10.000ns})
  Path Group:             s_axi_aclk
  Path Type:              Hold (Min at Fast Process Corner)
  Requirement:            0.000ns  (s_axi_aclk rise@0.000ns - s_axi_aclk rise@0.000ns)
  Data Path Delay:        0.381ns  (logic 0.245ns (64.350%)  route 0.136ns (35.650%))
  Logic Levels:           1  (LUT3=1)
  Clock Path Skew:        0.145ns (DCD - SCD - CPR)
    Destination Clock Delay (DCD):    1.032ns
    Source Clock Delay      (SCD):    0.678ns
    Clock Pessimism Removal (CPR):    0.210ns

    Location             Delay type                Incr(ns)  Path(ns)    Netlist Resource(s)
  -------------------------------------------------------------------    -------------------
                         (clock s_axi_aclk rise edge)
                                                      0.000     0.000 r  
                                                      0.000     0.000 r  s_axi_aclk (IN)
                         net (fo=0)                   0.000     0.000    s_axi_aclk
                         IBUF (Prop_ibuf_I_O)         0.200     0.200 r  s_axi_aclk_IBUF_inst/O
                         net (fo=1, unplaced)         0.337     0.538    s_axi_aclk_IBUF
                         BUFG (Prop_bufg_I_O)         0.026     0.564 r  s_axi_aclk_IBUF_BUFG_inst/O
                         net (fo=759, unplaced)       0.114     0.678    weight_sram_instance/s_axi_aclk_IBUF_BUFG
                         FDRE                                         r  weight_sram_instance/read_valid_reg[2]/C
  -------------------------------------------------------------------    -------------------
                         FDRE (Prop_fdre_C_Q)         0.147     0.825 r  weight_sram_instance/read_valid_reg[2]/Q
                         net (fo=2, unplaced)         0.136     0.960    systolic_controller_instance/systolic_array_2d_instance/ARRAY_ROWS[0].ARRAY_COLUMNS[2].pe_systolic_cell_instance/b_register_reg[0]_1[0]
                         LUT3 (Prop_lut3_I2_O)        0.098     1.058 r  systolic_controller_instance/systolic_array_2d_instance/ARRAY_ROWS[0].ARRAY_COLUMNS[2].pe_systolic_cell_instance/b_valid_register_i_1__21/O
                         net (fo=1, unplaced)         0.000     1.058    systolic_controller_instance/systolic_array_2d_instance/ARRAY_ROWS[0].ARRAY_COLUMNS[2].pe_systolic_cell_instance/b_valid_register_i_1__21_n_0
                         FDCE                                         r  systolic_controller_instance/systolic_array_2d_instance/ARRAY_ROWS[0].ARRAY_COLUMNS[2].pe_systolic_cell_instance/b_valid_register_reg/D
  -------------------------------------------------------------------    -------------------

                         (clock s_axi_aclk rise edge)
                                                      0.000     0.000 r  
                                                      0.000     0.000 r  s_axi_aclk (IN)
                         net (fo=0)                   0.000     0.000    s_axi_aclk
                         IBUF (Prop_ibuf_I_O)         0.389     0.389 r  s_axi_aclk_IBUF_inst/O
                         net (fo=1, unplaced)         0.355     0.744    s_axi_aclk_IBUF
                         BUFG (Prop_bufg_I_O)         0.029     0.773 r  s_axi_aclk_IBUF_BUFG_inst/O
                         net (fo=759, unplaced)       0.259     1.032    systolic_controller_instance/systolic_array_2d_instance/ARRAY_ROWS[0].ARRAY_COLUMNS[2].pe_systolic_cell_instance/s_axi_aclk_IBUF_BUFG
                         FDCE                                         r  systolic_controller_instance/systolic_array_2d_instance/ARRAY_ROWS[0].ARRAY_COLUMNS[2].pe_systolic_cell_instance/b_valid_register_reg/C
                         clock pessimism             -0.210     0.823    
                         FDCE (Hold_fdce_C_D)         0.099     0.922    systolic_controller_instance/systolic_array_2d_instance/ARRAY_ROWS[0].ARRAY_COLUMNS[2].pe_systolic_cell_instance/b_valid_register_reg
  -------------------------------------------------------------------
                         required time                         -0.922    
                         arrival time                           1.058    
  -------------------------------------------------------------------
                         slack                                  0.137    

Slack (MET) :             0.137ns  (arrival time - required time)
  Source:                 weight_sram_instance/read_valid_reg[3]/C
                            (rising edge-triggered cell FDRE clocked by s_axi_aclk  {rise@0.000ns fall@5.000ns period=10.000ns})
  Destination:            systolic_controller_instance/systolic_array_2d_instance/ARRAY_ROWS[0].ARRAY_COLUMNS[3].pe_systolic_cell_instance/b_valid_register_reg/D
                            (rising edge-triggered cell FDCE clocked by s_axi_aclk  {rise@0.000ns fall@5.000ns period=10.000ns})
  Path Group:             s_axi_aclk
  Path Type:              Hold (Min at Fast Process Corner)
  Requirement:            0.000ns  (s_axi_aclk rise@0.000ns - s_axi_aclk rise@0.000ns)
  Data Path Delay:        0.381ns  (logic 0.245ns (64.350%)  route 0.136ns (35.650%))
  Logic Levels:           1  (LUT3=1)
  Clock Path Skew:        0.145ns (DCD - SCD - CPR)
    Destination Clock Delay (DCD):    1.032ns
    Source Clock Delay      (SCD):    0.678ns
    Clock Pessimism Removal (CPR):    0.210ns

    Location             Delay type                Incr(ns)  Path(ns)    Netlist Resource(s)
  -------------------------------------------------------------------    -------------------
                         (clock s_axi_aclk rise edge)
                                                      0.000     0.000 r  
                                                      0.000     0.000 r  s_axi_aclk (IN)
                         net (fo=0)                   0.000     0.000    s_axi_aclk
                         IBUF (Prop_ibuf_I_O)         0.200     0.200 r  s_axi_aclk_IBUF_inst/O
                         net (fo=1, unplaced)         0.337     0.538    s_axi_aclk_IBUF
                         BUFG (Prop_bufg_I_O)         0.026     0.564 r  s_axi_aclk_IBUF_BUFG_inst/O
                         net (fo=759, unplaced)       0.114     0.678    weight_sram_instance/s_axi_aclk_IBUF_BUFG
                         FDRE                                         r  weight_sram_instance/read_valid_reg[3]/C
  -------------------------------------------------------------------    -------------------
                         FDRE (Prop_fdre_C_Q)         0.147     0.825 r  weight_sram_instance/read_valid_reg[3]/Q
                         net (fo=2, unplaced)         0.136     0.960    systolic_controller_instance/systolic_array_2d_instance/ARRAY_ROWS[0].ARRAY_COLUMNS[3].pe_systolic_cell_instance/b_register_reg[0]_1[0]
                         LUT3 (Prop_lut3_I2_O)        0.098     1.058 r  systolic_controller_instance/systolic_array_2d_instance/ARRAY_ROWS[0].ARRAY_COLUMNS[3].pe_systolic_cell_instance/b_valid_register_i_1__20/O
                         net (fo=1, unplaced)         0.000     1.058    systolic_controller_instance/systolic_array_2d_instance/ARRAY_ROWS[0].ARRAY_COLUMNS[3].pe_systolic_cell_instance/b_valid_register_i_1__20_n_0
                         FDCE                                         r  systolic_controller_instance/systolic_array_2d_instance/ARRAY_ROWS[0].ARRAY_COLUMNS[3].pe_systolic_cell_instance/b_valid_register_reg/D
  -------------------------------------------------------------------    -------------------

                         (clock s_axi_aclk rise edge)
                                                      0.000     0.000 r  
                                                      0.000     0.000 r  s_axi_aclk (IN)
                         net (fo=0)                   0.000     0.000    s_axi_aclk
                         IBUF (Prop_ibuf_I_O)         0.389     0.389 r  s_axi_aclk_IBUF_inst/O
                         net (fo=1, unplaced)         0.355     0.744    s_axi_aclk_IBUF
                         BUFG (Prop_bufg_I_O)         0.029     0.773 r  s_axi_aclk_IBUF_BUFG_inst/O
                         net (fo=759, unplaced)       0.259     1.032    systolic_controller_instance/systolic_array_2d_instance/ARRAY_ROWS[0].ARRAY_COLUMNS[3].pe_systolic_cell_instance/s_axi_aclk_IBUF_BUFG
                         FDCE                                         r  systolic_controller_instance/systolic_array_2d_instance/ARRAY_ROWS[0].ARRAY_COLUMNS[3].pe_systolic_cell_instance/b_valid_register_reg/C
                         clock pessimism             -0.210     0.823    
                         FDCE (Hold_fdce_C_D)         0.099     0.922    systolic_controller_instance/systolic_array_2d_instance/ARRAY_ROWS[0].ARRAY_COLUMNS[3].pe_systolic_cell_instance/b_valid_register_reg
  -------------------------------------------------------------------
                         required time                         -0.922    
                         arrival time                           1.058    
  -------------------------------------------------------------------
                         slack                                  0.137    

Slack (MET) :             0.137ns  (arrival time - required time)
  Source:                 weight_sram_instance/read_valid_reg[4]/C
                            (rising edge-triggered cell FDRE clocked by s_axi_aclk  {rise@0.000ns fall@5.000ns period=10.000ns})
  Destination:            systolic_controller_instance/systolic_array_2d_instance/ARRAY_ROWS[0].ARRAY_COLUMNS[4].pe_systolic_cell_instance/b_valid_register_reg/D
                            (rising edge-triggered cell FDCE clocked by s_axi_aclk  {rise@0.000ns fall@5.000ns period=10.000ns})
  Path Group:             s_axi_aclk
  Path Type:              Hold (Min at Fast Process Corner)
  Requirement:            0.000ns  (s_axi_aclk rise@0.000ns - s_axi_aclk rise@0.000ns)
  Data Path Delay:        0.381ns  (logic 0.245ns (64.350%)  route 0.136ns (35.650%))
  Logic Levels:           1  (LUT3=1)
  Clock Path Skew:        0.145ns (DCD - SCD - CPR)
    Destination Clock Delay (DCD):    1.032ns
    Source Clock Delay      (SCD):    0.678ns
    Clock Pessimism Removal (CPR):    0.210ns

    Location             Delay type                Incr(ns)  Path(ns)    Netlist Resource(s)
  -------------------------------------------------------------------    -------------------
                         (clock s_axi_aclk rise edge)
                                                      0.000     0.000 r  
                                                      0.000     0.000 r  s_axi_aclk (IN)
                         net (fo=0)                   0.000     0.000    s_axi_aclk
                         IBUF (Prop_ibuf_I_O)         0.200     0.200 r  s_axi_aclk_IBUF_inst/O
                         net (fo=1, unplaced)         0.337     0.538    s_axi_aclk_IBUF
                         BUFG (Prop_bufg_I_O)         0.026     0.564 r  s_axi_aclk_IBUF_BUFG_inst/O
                         net (fo=759, unplaced)       0.114     0.678    weight_sram_instance/s_axi_aclk_IBUF_BUFG
                         FDRE                                         r  weight_sram_instance/read_valid_reg[4]/C
  -------------------------------------------------------------------    -------------------
                         FDRE (Prop_fdre_C_Q)         0.147     0.825 r  weight_sram_instance/read_valid_reg[4]/Q
                         net (fo=2, unplaced)         0.136     0.960    systolic_controller_instance/systolic_array_2d_instance/ARRAY_ROWS[0].ARRAY_COLUMNS[4].pe_systolic_cell_instance/b_register_reg[0]_1[0]
                         LUT3 (Prop_lut3_I2_O)        0.098     1.058 r  systolic_controller_instance/systolic_array_2d_instance/ARRAY_ROWS[0].ARRAY_COLUMNS[4].pe_systolic_cell_instance/b_valid_register_i_1__19/O
                         net (fo=1, unplaced)         0.000     1.058    systolic_controller_instance/systolic_array_2d_instance/ARRAY_ROWS[0].ARRAY_COLUMNS[4].pe_systolic_cell_instance/b_valid_register_i_1__19_n_0
                         FDCE                                         r  systolic_controller_instance/systolic_array_2d_instance/ARRAY_ROWS[0].ARRAY_COLUMNS[4].pe_systolic_cell_instance/b_valid_register_reg/D
  -------------------------------------------------------------------    -------------------

                         (clock s_axi_aclk rise edge)
                                                      0.000     0.000 r  
                                                      0.000     0.000 r  s_axi_aclk (IN)
                         net (fo=0)                   0.000     0.000    s_axi_aclk
                         IBUF (Prop_ibuf_I_O)         0.389     0.389 r  s_axi_aclk_IBUF_inst/O
                         net (fo=1, unplaced)         0.355     0.744    s_axi_aclk_IBUF
                         BUFG (Prop_bufg_I_O)         0.029     0.773 r  s_axi_aclk_IBUF_BUFG_inst/O
                         net (fo=759, unplaced)       0.259     1.032    systolic_controller_instance/systolic_array_2d_instance/ARRAY_ROWS[0].ARRAY_COLUMNS[4].pe_systolic_cell_instance/s_axi_aclk_IBUF_BUFG
                         FDCE                                         r  systolic_controller_instance/systolic_array_2d_instance/ARRAY_ROWS[0].ARRAY_COLUMNS[4].pe_systolic_cell_instance/b_valid_register_reg/C
                         clock pessimism             -0.210     0.823    
                         FDCE (Hold_fdce_C_D)         0.099     0.922    systolic_controller_instance/systolic_array_2d_instance/ARRAY_ROWS[0].ARRAY_COLUMNS[4].pe_systolic_cell_instance/b_valid_register_reg
  -------------------------------------------------------------------
                         required time                         -0.922    
                         arrival time                           1.058    
  -------------------------------------------------------------------
                         slack                                  0.137    

Slack (MET) :             0.137ns  (arrival time - required time)
  Source:                 unified_buffer_instance/read_valid_reg[1]/C
                            (rising edge-triggered cell FDRE clocked by s_axi_aclk  {rise@0.000ns fall@5.000ns period=10.000ns})
  Destination:            systolic_controller_instance/systolic_array_2d_instance/ARRAY_ROWS[1].ARRAY_COLUMNS[0].pe_systolic_cell_instance/a_valid_register_reg/D
                            (rising edge-triggered cell FDCE clocked by s_axi_aclk  {rise@0.000ns fall@5.000ns period=10.000ns})
  Path Group:             s_axi_aclk
  Path Type:              Hold (Min at Fast Process Corner)
  Requirement:            0.000ns  (s_axi_aclk rise@0.000ns - s_axi_aclk rise@0.000ns)
  Data Path Delay:        0.381ns  (logic 0.245ns (64.350%)  route 0.136ns (35.650%))
  Logic Levels:           1  (LUT3=1)
  Clock Path Skew:        0.145ns (DCD - SCD - CPR)
    Destination Clock Delay (DCD):    1.032ns
    Source Clock Delay      (SCD):    0.678ns
    Clock Pessimism Removal (CPR):    0.210ns

    Location             Delay type                Incr(ns)  Path(ns)    Netlist Resource(s)
  -------------------------------------------------------------------    -------------------
                         (clock s_axi_aclk rise edge)
                                                      0.000     0.000 r  
                                                      0.000     0.000 r  s_axi_aclk (IN)
                         net (fo=0)                   0.000     0.000    s_axi_aclk
                         IBUF (Prop_ibuf_I_O)         0.200     0.200 r  s_axi_aclk_IBUF_inst/O
                         net (fo=1, unplaced)         0.337     0.538    s_axi_aclk_IBUF
                         BUFG (Prop_bufg_I_O)         0.026     0.564 r  s_axi_aclk_IBUF_BUFG_inst/O
                         net (fo=759, unplaced)       0.114     0.678    unified_buffer_instance/s_axi_aclk_IBUF_BUFG
                         FDRE                                         r  unified_buffer_instance/read_valid_reg[1]/C
  -------------------------------------------------------------------    -------------------
                         FDRE (Prop_fdre_C_Q)         0.147     0.825 r  unified_buffer_instance/read_valid_reg[1]/Q
                         net (fo=2, unplaced)         0.136     0.960    systolic_controller_instance/systolic_array_2d_instance/ARRAY_ROWS[1].ARRAY_COLUMNS[0].pe_systolic_cell_instance/a_register_reg[0]_0[0]
                         LUT3 (Prop_lut3_I2_O)        0.098     1.058 r  systolic_controller_instance/systolic_array_2d_instance/ARRAY_ROWS[1].ARRAY_COLUMNS[0].pe_systolic_cell_instance/a_valid_register_i_1__18/O
                         net (fo=1, unplaced)         0.000     1.058    systolic_controller_instance/systolic_array_2d_instance/ARRAY_ROWS[1].ARRAY_COLUMNS[0].pe_systolic_cell_instance/a_valid_register_0
                         FDCE                                         r  systolic_controller_instance/systolic_array_2d_instance/ARRAY_ROWS[1].ARRAY_COLUMNS[0].pe_systolic_cell_instance/a_valid_register_reg/D
  -------------------------------------------------------------------    -------------------

                         (clock s_axi_aclk rise edge)
                                                      0.000     0.000 r  
                                                      0.000     0.000 r  s_axi_aclk (IN)
                         net (fo=0)                   0.000     0.000    s_axi_aclk
                         IBUF (Prop_ibuf_I_O)         0.389     0.389 r  s_axi_aclk_IBUF_inst/O
                         net (fo=1, unplaced)         0.355     0.744    s_axi_aclk_IBUF
                         BUFG (Prop_bufg_I_O)         0.029     0.773 r  s_axi_aclk_IBUF_BUFG_inst/O
                         net (fo=759, unplaced)       0.259     1.032    systolic_controller_instance/systolic_array_2d_instance/ARRAY_ROWS[1].ARRAY_COLUMNS[0].pe_systolic_cell_instance/s_axi_aclk_IBUF_BUFG
                         FDCE                                         r  systolic_controller_instance/systolic_array_2d_instance/ARRAY_ROWS[1].ARRAY_COLUMNS[0].pe_systolic_cell_instance/a_valid_register_reg/C
                         clock pessimism             -0.210     0.823    
                         FDCE (Hold_fdce_C_D)         0.099     0.922    systolic_controller_instance/systolic_array_2d_instance/ARRAY_ROWS[1].ARRAY_COLUMNS[0].pe_systolic_cell_instance/a_valid_register_reg
  -------------------------------------------------------------------
                         required time                         -0.922    
                         arrival time                           1.058    
  -------------------------------------------------------------------
                         slack                                  0.137    

Slack (MET) :             0.137ns  (arrival time - required time)
  Source:                 unified_buffer_instance/read_valid_reg[2]/C
                            (rising edge-triggered cell FDRE clocked by s_axi_aclk  {rise@0.000ns fall@5.000ns period=10.000ns})
  Destination:            systolic_controller_instance/systolic_array_2d_instance/ARRAY_ROWS[2].ARRAY_COLUMNS[0].pe_systolic_cell_instance/a_valid_register_reg/D
                            (rising edge-triggered cell FDCE clocked by s_axi_aclk  {rise@0.000ns fall@5.000ns period=10.000ns})
  Path Group:             s_axi_aclk
  Path Type:              Hold (Min at Fast Process Corner)
  Requirement:            0.000ns  (s_axi_aclk rise@0.000ns - s_axi_aclk rise@0.000ns)
  Data Path Delay:        0.381ns  (logic 0.245ns (64.350%)  route 0.136ns (35.650%))
  Logic Levels:           1  (LUT3=1)
  Clock Path Skew:        0.145ns (DCD - SCD - CPR)
    Destination Clock Delay (DCD):    1.032ns
    Source Clock Delay      (SCD):    0.678ns
    Clock Pessimism Removal (CPR):    0.210ns

    Location             Delay type                Incr(ns)  Path(ns)    Netlist Resource(s)
  -------------------------------------------------------------------    -------------------
                         (clock s_axi_aclk rise edge)
                                                      0.000     0.000 r  
                                                      0.000     0.000 r  s_axi_aclk (IN)
                         net (fo=0)                   0.000     0.000    s_axi_aclk
                         IBUF (Prop_ibuf_I_O)         0.200     0.200 r  s_axi_aclk_IBUF_inst/O
                         net (fo=1, unplaced)         0.337     0.538    s_axi_aclk_IBUF
                         BUFG (Prop_bufg_I_O)         0.026     0.564 r  s_axi_aclk_IBUF_BUFG_inst/O
                         net (fo=759, unplaced)       0.114     0.678    unified_buffer_instance/s_axi_aclk_IBUF_BUFG
                         FDRE                                         r  unified_buffer_instance/read_valid_reg[2]/C
  -------------------------------------------------------------------    -------------------
                         FDRE (Prop_fdre_C_Q)         0.147     0.825 r  unified_buffer_instance/read_valid_reg[2]/Q
                         net (fo=2, unplaced)         0.136     0.960    systolic_controller_instance/systolic_array_2d_instance/ARRAY_ROWS[2].ARRAY_COLUMNS[0].pe_systolic_cell_instance/a_register_reg[0]_0[0]
                         LUT3 (Prop_lut3_I2_O)        0.098     1.058 r  systolic_controller_instance/systolic_array_2d_instance/ARRAY_ROWS[2].ARRAY_COLUMNS[0].pe_systolic_cell_instance/a_valid_register_i_1__13/O
                         net (fo=1, unplaced)         0.000     1.058    systolic_controller_instance/systolic_array_2d_instance/ARRAY_ROWS[2].ARRAY_COLUMNS[0].pe_systolic_cell_instance/a_valid_register_0
                         FDCE                                         r  systolic_controller_instance/systolic_array_2d_instance/ARRAY_ROWS[2].ARRAY_COLUMNS[0].pe_systolic_cell_instance/a_valid_register_reg/D
  -------------------------------------------------------------------    -------------------

                         (clock s_axi_aclk rise edge)
                                                      0.000     0.000 r  
                                                      0.000     0.000 r  s_axi_aclk (IN)
                         net (fo=0)                   0.000     0.000    s_axi_aclk
                         IBUF (Prop_ibuf_I_O)         0.389     0.389 r  s_axi_aclk_IBUF_inst/O
                         net (fo=1, unplaced)         0.355     0.744    s_axi_aclk_IBUF
                         BUFG (Prop_bufg_I_O)         0.029     0.773 r  s_axi_aclk_IBUF_BUFG_inst/O
                         net (fo=759, unplaced)       0.259     1.032    systolic_controller_instance/systolic_array_2d_instance/ARRAY_ROWS[2].ARRAY_COLUMNS[0].pe_systolic_cell_instance/s_axi_aclk_IBUF_BUFG
                         FDCE                                         r  systolic_controller_instance/systolic_array_2d_instance/ARRAY_ROWS[2].ARRAY_COLUMNS[0].pe_systolic_cell_instance/a_valid_register_reg/C
                         clock pessimism             -0.210     0.823    
                         FDCE (Hold_fdce_C_D)         0.099     0.922    systolic_controller_instance/systolic_array_2d_instance/ARRAY_ROWS[2].ARRAY_COLUMNS[0].pe_systolic_cell_instance/a_valid_register_reg
  -------------------------------------------------------------------
                         required time                         -0.922    
                         arrival time                           1.058    
  -------------------------------------------------------------------
                         slack                                  0.137    

Slack (MET) :             0.137ns  (arrival time - required time)
  Source:                 unified_buffer_instance/read_valid_reg[3]/C
                            (rising edge-triggered cell FDRE clocked by s_axi_aclk  {rise@0.000ns fall@5.000ns period=10.000ns})
  Destination:            systolic_controller_instance/systolic_array_2d_instance/ARRAY_ROWS[3].ARRAY_COLUMNS[0].pe_systolic_cell_instance/a_valid_register_reg/D
                            (rising edge-triggered cell FDCE clocked by s_axi_aclk  {rise@0.000ns fall@5.000ns period=10.000ns})
  Path Group:             s_axi_aclk
  Path Type:              Hold (Min at Fast Process Corner)
  Requirement:            0.000ns  (s_axi_aclk rise@0.000ns - s_axi_aclk rise@0.000ns)
  Data Path Delay:        0.381ns  (logic 0.245ns (64.350%)  route 0.136ns (35.650%))
  Logic Levels:           1  (LUT3=1)
  Clock Path Skew:        0.145ns (DCD - SCD - CPR)
    Destination Clock Delay (DCD):    1.032ns
    Source Clock Delay      (SCD):    0.678ns
    Clock Pessimism Removal (CPR):    0.210ns

    Location             Delay type                Incr(ns)  Path(ns)    Netlist Resource(s)
  -------------------------------------------------------------------    -------------------
                         (clock s_axi_aclk rise edge)
                                                      0.000     0.000 r  
                                                      0.000     0.000 r  s_axi_aclk (IN)
                         net (fo=0)                   0.000     0.000    s_axi_aclk
                         IBUF (Prop_ibuf_I_O)         0.200     0.200 r  s_axi_aclk_IBUF_inst/O
                         net (fo=1, unplaced)         0.337     0.538    s_axi_aclk_IBUF
                         BUFG (Prop_bufg_I_O)         0.026     0.564 r  s_axi_aclk_IBUF_BUFG_inst/O
                         net (fo=759, unplaced)       0.114     0.678    unified_buffer_instance/s_axi_aclk_IBUF_BUFG
                         FDRE                                         r  unified_buffer_instance/read_valid_reg[3]/C
  -------------------------------------------------------------------    -------------------
                         FDRE (Prop_fdre_C_Q)         0.147     0.825 r  unified_buffer_instance/read_valid_reg[3]/Q
                         net (fo=2, unplaced)         0.136     0.960    systolic_controller_instance/systolic_array_2d_instance/ARRAY_ROWS[3].ARRAY_COLUMNS[0].pe_systolic_cell_instance/a_register_reg[0]_0[0]
                         LUT3 (Prop_lut3_I2_O)        0.098     1.058 r  systolic_controller_instance/systolic_array_2d_instance/ARRAY_ROWS[3].ARRAY_COLUMNS[0].pe_systolic_cell_instance/a_valid_register_i_1__8/O
                         net (fo=1, unplaced)         0.000     1.058    systolic_controller_instance/systolic_array_2d_instance/ARRAY_ROWS[3].ARRAY_COLUMNS[0].pe_systolic_cell_instance/a_valid_register_0
                         FDCE                                         r  systolic_controller_instance/systolic_array_2d_instance/ARRAY_ROWS[3].ARRAY_COLUMNS[0].pe_systolic_cell_instance/a_valid_register_reg/D
  -------------------------------------------------------------------    -------------------

                         (clock s_axi_aclk rise edge)
                                                      0.000     0.000 r  
                                                      0.000     0.000 r  s_axi_aclk (IN)
                         net (fo=0)                   0.000     0.000    s_axi_aclk
                         IBUF (Prop_ibuf_I_O)         0.389     0.389 r  s_axi_aclk_IBUF_inst/O
                         net (fo=1, unplaced)         0.355     0.744    s_axi_aclk_IBUF
                         BUFG (Prop_bufg_I_O)         0.029     0.773 r  s_axi_aclk_IBUF_BUFG_inst/O
                         net (fo=759, unplaced)       0.259     1.032    systolic_controller_instance/systolic_array_2d_instance/ARRAY_ROWS[3].ARRAY_COLUMNS[0].pe_systolic_cell_instance/s_axi_aclk_IBUF_BUFG
                         FDCE                                         r  systolic_controller_instance/systolic_array_2d_instance/ARRAY_ROWS[3].ARRAY_COLUMNS[0].pe_systolic_cell_instance/a_valid_register_reg/C
                         clock pessimism             -0.210     0.823    
                         FDCE (Hold_fdce_C_D)         0.099     0.922    systolic_controller_instance/systolic_array_2d_instance/ARRAY_ROWS[3].ARRAY_COLUMNS[0].pe_systolic_cell_instance/a_valid_register_reg
  -------------------------------------------------------------------
                         required time                         -0.922    
                         arrival time                           1.058    
  -------------------------------------------------------------------
                         slack                                  0.137    

Slack (MET) :             0.137ns  (arrival time - required time)
  Source:                 unified_buffer_instance/read_valid_reg[4]/C
                            (rising edge-triggered cell FDRE clocked by s_axi_aclk  {rise@0.000ns fall@5.000ns period=10.000ns})
  Destination:            systolic_controller_instance/systolic_array_2d_instance/ARRAY_ROWS[4].ARRAY_COLUMNS[0].pe_systolic_cell_instance/a_valid_register_reg/D
                            (rising edge-triggered cell FDCE clocked by s_axi_aclk  {rise@0.000ns fall@5.000ns period=10.000ns})
  Path Group:             s_axi_aclk
  Path Type:              Hold (Min at Fast Process Corner)
  Requirement:            0.000ns  (s_axi_aclk rise@0.000ns - s_axi_aclk rise@0.000ns)
  Data Path Delay:        0.381ns  (logic 0.245ns (64.350%)  route 0.136ns (35.650%))
  Logic Levels:           1  (LUT3=1)
  Clock Path Skew:        0.145ns (DCD - SCD - CPR)
    Destination Clock Delay (DCD):    1.032ns
    Source Clock Delay      (SCD):    0.678ns
    Clock Pessimism Removal (CPR):    0.210ns

    Location             Delay type                Incr(ns)  Path(ns)    Netlist Resource(s)
  -------------------------------------------------------------------    -------------------
                         (clock s_axi_aclk rise edge)
                                                      0.000     0.000 r  
                                                      0.000     0.000 r  s_axi_aclk (IN)
                         net (fo=0)                   0.000     0.000    s_axi_aclk
                         IBUF (Prop_ibuf_I_O)         0.200     0.200 r  s_axi_aclk_IBUF_inst/O
                         net (fo=1, unplaced)         0.337     0.538    s_axi_aclk_IBUF
                         BUFG (Prop_bufg_I_O)         0.026     0.564 r  s_axi_aclk_IBUF_BUFG_inst/O
                         net (fo=759, unplaced)       0.114     0.678    unified_buffer_instance/s_axi_aclk_IBUF_BUFG
                         FDRE                                         r  unified_buffer_instance/read_valid_reg[4]/C
  -------------------------------------------------------------------    -------------------
                         FDRE (Prop_fdre_C_Q)         0.147     0.825 r  unified_buffer_instance/read_valid_reg[4]/Q
                         net (fo=2, unplaced)         0.136     0.960    systolic_controller_instance/systolic_array_2d_instance/ARRAY_ROWS[4].ARRAY_COLUMNS[0].pe_systolic_cell_instance/a_register_reg[0]_0[0]
                         LUT3 (Prop_lut3_I2_O)        0.098     1.058 r  systolic_controller_instance/systolic_array_2d_instance/ARRAY_ROWS[4].ARRAY_COLUMNS[0].pe_systolic_cell_instance/a_valid_register_i_1__3/O
                         net (fo=1, unplaced)         0.000     1.058    systolic_controller_instance/systolic_array_2d_instance/ARRAY_ROWS[4].ARRAY_COLUMNS[0].pe_systolic_cell_instance/a_valid_register_0
                         FDCE                                         r  systolic_controller_instance/systolic_array_2d_instance/ARRAY_ROWS[4].ARRAY_COLUMNS[0].pe_systolic_cell_instance/a_valid_register_reg/D
  -------------------------------------------------------------------    -------------------

                         (clock s_axi_aclk rise edge)
                                                      0.000     0.000 r  
                                                      0.000     0.000 r  s_axi_aclk (IN)
                         net (fo=0)                   0.000     0.000    s_axi_aclk
                         IBUF (Prop_ibuf_I_O)         0.389     0.389 r  s_axi_aclk_IBUF_inst/O
                         net (fo=1, unplaced)         0.355     0.744    s_axi_aclk_IBUF
                         BUFG (Prop_bufg_I_O)         0.029     0.773 r  s_axi_aclk_IBUF_BUFG_inst/O
                         net (fo=759, unplaced)       0.259     1.032    systolic_controller_instance/systolic_array_2d_instance/ARRAY_ROWS[4].ARRAY_COLUMNS[0].pe_systolic_cell_instance/s_axi_aclk_IBUF_BUFG
                         FDCE                                         r  systolic_controller_instance/systolic_array_2d_instance/ARRAY_ROWS[4].ARRAY_COLUMNS[0].pe_systolic_cell_instance/a_valid_register_reg/C
                         clock pessimism             -0.210     0.823    
                         FDCE (Hold_fdce_C_D)         0.099     0.922    systolic_controller_instance/systolic_array_2d_instance/ARRAY_ROWS[4].ARRAY_COLUMNS[0].pe_systolic_cell_instance/a_valid_register_reg
  -------------------------------------------------------------------
                         required time                         -0.922    
                         arrival time                           1.058    
  -------------------------------------------------------------------
                         slack                                  0.137    

Slack (MET) :             0.140ns  (arrival time - required time)
  Source:                 axi_lite_wrapper_instance/S_AXI_BVALID_reg/C
                            (rising edge-triggered cell FDRE clocked by s_axi_aclk  {rise@0.000ns fall@5.000ns period=10.000ns})
  Destination:            axi_lite_wrapper_instance/S_AXI_BVALID_reg/D
                            (rising edge-triggered cell FDRE clocked by s_axi_aclk  {rise@0.000ns fall@5.000ns period=10.000ns})
  Path Group:             s_axi_aclk
  Path Type:              Hold (Min at Fast Process Corner)
  Requirement:            0.000ns  (s_axi_aclk rise@0.000ns - s_axi_aclk rise@0.000ns)
  Data Path Delay:        0.384ns  (logic 0.245ns (63.855%)  route 0.139ns (36.145%))
  Logic Levels:           1  (LUT4=1)
  Clock Path Skew:        0.145ns (DCD - SCD - CPR)
    Destination Clock Delay (DCD):    1.032ns
    Source Clock Delay      (SCD):    0.678ns
    Clock Pessimism Removal (CPR):    0.210ns

    Location             Delay type                Incr(ns)  Path(ns)    Netlist Resource(s)
  -------------------------------------------------------------------    -------------------
                         (clock s_axi_aclk rise edge)
                                                      0.000     0.000 r  
                                                      0.000     0.000 r  s_axi_aclk (IN)
                         net (fo=0)                   0.000     0.000    s_axi_aclk
                         IBUF (Prop_ibuf_I_O)         0.200     0.200 r  s_axi_aclk_IBUF_inst/O
                         net (fo=1, unplaced)         0.337     0.538    s_axi_aclk_IBUF
                         BUFG (Prop_bufg_I_O)         0.026     0.564 r  s_axi_aclk_IBUF_BUFG_inst/O
                         net (fo=759, unplaced)       0.114     0.678    axi_lite_wrapper_instance/s_axi_aclk_IBUF_BUFG
                         FDRE                                         r  axi_lite_wrapper_instance/S_AXI_BVALID_reg/C
  -------------------------------------------------------------------    -------------------
                         FDRE (Prop_fdre_C_Q)         0.147     0.825 r  axi_lite_wrapper_instance/S_AXI_BVALID_reg/Q
                         net (fo=3, unplaced)         0.139     0.963    axi_lite_wrapper_instance/s_axi_bvalid_OBUF
                         LUT4 (Prop_lut4_I3_O)        0.098     1.061 r  axi_lite_wrapper_instance/S_AXI_BVALID_i_1/O
                         net (fo=1, unplaced)         0.000     1.061    axi_lite_wrapper_instance/S_AXI_BVALID_i_1_n_0
                         FDRE                                         r  axi_lite_wrapper_instance/S_AXI_BVALID_reg/D
  -------------------------------------------------------------------    -------------------

                         (clock s_axi_aclk rise edge)
                                                      0.000     0.000 r  
                                                      0.000     0.000 r  s_axi_aclk (IN)
                         net (fo=0)                   0.000     0.000    s_axi_aclk
                         IBUF (Prop_ibuf_I_O)         0.389     0.389 r  s_axi_aclk_IBUF_inst/O
                         net (fo=1, unplaced)         0.355     0.744    s_axi_aclk_IBUF
                         BUFG (Prop_bufg_I_O)         0.029     0.773 r  s_axi_aclk_IBUF_BUFG_inst/O
                         net (fo=759, unplaced)       0.259     1.032    axi_lite_wrapper_instance/s_axi_aclk_IBUF_BUFG
                         FDRE                                         r  axi_lite_wrapper_instance/S_AXI_BVALID_reg/C
                         clock pessimism             -0.210     0.823    
                         FDRE (Hold_fdre_C_D)         0.099     0.922    axi_lite_wrapper_instance/S_AXI_BVALID_reg
  -------------------------------------------------------------------
                         required time                         -0.922    
                         arrival time                           1.061    
  -------------------------------------------------------------------
                         slack                                  0.140    

Slack (MET) :             0.140ns  (arrival time - required time)
  Source:                 dnn_scheduler_instance/FSM_onehot_scheduler_state_reg[10]/C
                            (rising edge-triggered cell FDRE clocked by s_axi_aclk  {rise@0.000ns fall@5.000ns period=10.000ns})
  Destination:            dnn_scheduler_instance/intr_reg/D
                            (rising edge-triggered cell FDRE clocked by s_axi_aclk  {rise@0.000ns fall@5.000ns period=10.000ns})
  Path Group:             s_axi_aclk
  Path Type:              Hold (Min at Fast Process Corner)
  Requirement:            0.000ns  (s_axi_aclk rise@0.000ns - s_axi_aclk rise@0.000ns)
  Data Path Delay:        0.384ns  (logic 0.245ns (63.855%)  route 0.139ns (36.145%))
  Logic Levels:           1  (LUT2=1)
  Clock Path Skew:        0.145ns (DCD - SCD - CPR)
    Destination Clock Delay (DCD):    1.032ns
    Source Clock Delay      (SCD):    0.678ns
    Clock Pessimism Removal (CPR):    0.210ns

    Location             Delay type                Incr(ns)  Path(ns)    Netlist Resource(s)
  -------------------------------------------------------------------    -------------------
                         (clock s_axi_aclk rise edge)
                                                      0.000     0.000 r  
                                                      0.000     0.000 r  s_axi_aclk (IN)
                         net (fo=0)                   0.000     0.000    s_axi_aclk
                         IBUF (Prop_ibuf_I_O)         0.200     0.200 r  s_axi_aclk_IBUF_inst/O
                         net (fo=1, unplaced)         0.337     0.538    s_axi_aclk_IBUF
                         BUFG (Prop_bufg_I_O)         0.026     0.564 r  s_axi_aclk_IBUF_BUFG_inst/O
                         net (fo=759, unplaced)       0.114     0.678    dnn_scheduler_instance/s_axi_aclk_IBUF_BUFG
                         FDRE                                         r  dnn_scheduler_instance/FSM_onehot_scheduler_state_reg[10]/C
  -------------------------------------------------------------------    -------------------
                         FDRE (Prop_fdre_C_Q)         0.147     0.825 r  dnn_scheduler_instance/FSM_onehot_scheduler_state_reg[10]/Q
                         net (fo=3, unplaced)         0.139     0.963    maxFinder_instance/intr_reg[0]
                         LUT2 (Prop_lut2_I1_O)        0.098     1.061 r  maxFinder_instance/intr_i_1/O
                         net (fo=1, unplaced)         0.000     1.061    dnn_scheduler_instance/intr_reg_0
                         FDRE                                         r  dnn_scheduler_instance/intr_reg/D
  -------------------------------------------------------------------    -------------------

                         (clock s_axi_aclk rise edge)
                                                      0.000     0.000 r  
                                                      0.000     0.000 r  s_axi_aclk (IN)
                         net (fo=0)                   0.000     0.000    s_axi_aclk
                         IBUF (Prop_ibuf_I_O)         0.389     0.389 r  s_axi_aclk_IBUF_inst/O
                         net (fo=1, unplaced)         0.355     0.744    s_axi_aclk_IBUF
                         BUFG (Prop_bufg_I_O)         0.029     0.773 r  s_axi_aclk_IBUF_BUFG_inst/O
                         net (fo=759, unplaced)       0.259     1.032    dnn_scheduler_instance/s_axi_aclk_IBUF_BUFG
                         FDRE                                         r  dnn_scheduler_instance/intr_reg/C
                         clock pessimism             -0.210     0.823    
                         FDRE (Hold_fdre_C_D)         0.099     0.922    dnn_scheduler_instance/intr_reg
  -------------------------------------------------------------------
                         required time                         -0.922    
                         arrival time                           1.061    
  -------------------------------------------------------------------
                         slack                                  0.140    

Slack (MET) :             0.140ns  (arrival time - required time)
  Source:                 systolic_controller_instance/systolic_array_2d_instance/ARRAY_ROWS[0].ARRAY_COLUMNS[0].pe_systolic_cell_instance/a_valid_register_reg/C
                            (rising edge-triggered cell FDCE clocked by s_axi_aclk  {rise@0.000ns fall@5.000ns period=10.000ns})
  Destination:            systolic_controller_instance/systolic_array_2d_instance/ARRAY_ROWS[0].ARRAY_COLUMNS[1].pe_systolic_cell_instance/a_valid_register_reg/D
                            (rising edge-triggered cell FDCE clocked by s_axi_aclk  {rise@0.000ns fall@5.000ns period=10.000ns})
  Path Group:             s_axi_aclk
  Path Type:              Hold (Min at Fast Process Corner)
  Requirement:            0.000ns  (s_axi_aclk rise@0.000ns - s_axi_aclk rise@0.000ns)
  Data Path Delay:        0.384ns  (logic 0.245ns (63.855%)  route 0.139ns (36.145%))
  Logic Levels:           1  (LUT3=1)
  Clock Path Skew:        0.145ns (DCD - SCD - CPR)
    Destination Clock Delay (DCD):    1.032ns
    Source Clock Delay      (SCD):    0.678ns
    Clock Pessimism Removal (CPR):    0.210ns

    Location             Delay type                Incr(ns)  Path(ns)    Netlist Resource(s)
  -------------------------------------------------------------------    -------------------
                         (clock s_axi_aclk rise edge)
                                                      0.000     0.000 r  
                                                      0.000     0.000 r  s_axi_aclk (IN)
                         net (fo=0)                   0.000     0.000    s_axi_aclk
                         IBUF (Prop_ibuf_I_O)         0.200     0.200 r  s_axi_aclk_IBUF_inst/O
                         net (fo=1, unplaced)         0.337     0.538    s_axi_aclk_IBUF
                         BUFG (Prop_bufg_I_O)         0.026     0.564 r  s_axi_aclk_IBUF_BUFG_inst/O
                         net (fo=759, unplaced)       0.114     0.678    systolic_controller_instance/systolic_array_2d_instance/ARRAY_ROWS[0].ARRAY_COLUMNS[0].pe_systolic_cell_instance/s_axi_aclk_IBUF_BUFG
                         FDCE                                         r  systolic_controller_instance/systolic_array_2d_instance/ARRAY_ROWS[0].ARRAY_COLUMNS[0].pe_systolic_cell_instance/a_valid_register_reg/C
  -------------------------------------------------------------------    -------------------
                         FDCE (Prop_fdce_C_Q)         0.147     0.825 r  systolic_controller_instance/systolic_array_2d_instance/ARRAY_ROWS[0].ARRAY_COLUMNS[0].pe_systolic_cell_instance/a_valid_register_reg/Q
                         net (fo=3, unplaced)         0.139     0.963    systolic_controller_instance/systolic_array_2d_instance/ARRAY_ROWS[0].ARRAY_COLUMNS[0].pe_systolic_cell_instance/a_valid_connection[0][1]_0
                         LUT3 (Prop_lut3_I2_O)        0.098     1.061 r  systolic_controller_instance/systolic_array_2d_instance/ARRAY_ROWS[0].ARRAY_COLUMNS[0].pe_systolic_cell_instance/a_valid_register_i_1__22/O
                         net (fo=1, unplaced)         0.000     1.061    systolic_controller_instance/systolic_array_2d_instance/ARRAY_ROWS[0].ARRAY_COLUMNS[1].pe_systolic_cell_instance/a_valid_register_0
                         FDCE                                         r  systolic_controller_instance/systolic_array_2d_instance/ARRAY_ROWS[0].ARRAY_COLUMNS[1].pe_systolic_cell_instance/a_valid_register_reg/D
  -------------------------------------------------------------------    -------------------

                         (clock s_axi_aclk rise edge)
                                                      0.000     0.000 r  
                                                      0.000     0.000 r  s_axi_aclk (IN)
                         net (fo=0)                   0.000     0.000    s_axi_aclk
                         IBUF (Prop_ibuf_I_O)         0.389     0.389 r  s_axi_aclk_IBUF_inst/O
                         net (fo=1, unplaced)         0.355     0.744    s_axi_aclk_IBUF
                         BUFG (Prop_bufg_I_O)         0.029     0.773 r  s_axi_aclk_IBUF_BUFG_inst/O
                         net (fo=759, unplaced)       0.259     1.032    systolic_controller_instance/systolic_array_2d_instance/ARRAY_ROWS[0].ARRAY_COLUMNS[1].pe_systolic_cell_instance/s_axi_aclk_IBUF_BUFG
                         FDCE                                         r  systolic_controller_instance/systolic_array_2d_instance/ARRAY_ROWS[0].ARRAY_COLUMNS[1].pe_systolic_cell_instance/a_valid_register_reg/C
                         clock pessimism             -0.210     0.823    
                         FDCE (Hold_fdce_C_D)         0.099     0.922    systolic_controller_instance/systolic_array_2d_instance/ARRAY_ROWS[0].ARRAY_COLUMNS[1].pe_systolic_cell_instance/a_valid_register_reg
  -------------------------------------------------------------------
                         required time                         -0.922    
                         arrival time                           1.061    
  -------------------------------------------------------------------
                         slack                                  0.140    

Slack (MET) :             0.140ns  (arrival time - required time)
  Source:                 systolic_controller_instance/systolic_array_2d_instance/ARRAY_ROWS[0].ARRAY_COLUMNS[1].pe_systolic_cell_instance/a_valid_register_reg/C
                            (rising edge-triggered cell FDCE clocked by s_axi_aclk  {rise@0.000ns fall@5.000ns period=10.000ns})
  Destination:            systolic_controller_instance/systolic_array_2d_instance/ARRAY_ROWS[0].ARRAY_COLUMNS[2].pe_systolic_cell_instance/a_valid_register_reg/D
                            (rising edge-triggered cell FDCE clocked by s_axi_aclk  {rise@0.000ns fall@5.000ns period=10.000ns})
  Path Group:             s_axi_aclk
  Path Type:              Hold (Min at Fast Process Corner)
  Requirement:            0.000ns  (s_axi_aclk rise@0.000ns - s_axi_aclk rise@0.000ns)
  Data Path Delay:        0.384ns  (logic 0.245ns (63.855%)  route 0.139ns (36.145%))
  Logic Levels:           1  (LUT3=1)
  Clock Path Skew:        0.145ns (DCD - SCD - CPR)
    Destination Clock Delay (DCD):    1.032ns
    Source Clock Delay      (SCD):    0.678ns
    Clock Pessimism Removal (CPR):    0.210ns

    Location             Delay type                Incr(ns)  Path(ns)    Netlist Resource(s)
  -------------------------------------------------------------------    -------------------
                         (clock s_axi_aclk rise edge)
                                                      0.000     0.000 r  
                                                      0.000     0.000 r  s_axi_aclk (IN)
                         net (fo=0)                   0.000     0.000    s_axi_aclk
                         IBUF (Prop_ibuf_I_O)         0.200     0.200 r  s_axi_aclk_IBUF_inst/O
                         net (fo=1, unplaced)         0.337     0.538    s_axi_aclk_IBUF
                         BUFG (Prop_bufg_I_O)         0.026     0.564 r  s_axi_aclk_IBUF_BUFG_inst/O
                         net (fo=759, unplaced)       0.114     0.678    systolic_controller_instance/systolic_array_2d_instance/ARRAY_ROWS[0].ARRAY_COLUMNS[1].pe_systolic_cell_instance/s_axi_aclk_IBUF_BUFG
                         FDCE                                         r  systolic_controller_instance/systolic_array_2d_instance/ARRAY_ROWS[0].ARRAY_COLUMNS[1].pe_systolic_cell_instance/a_valid_register_reg/C
  -------------------------------------------------------------------    -------------------
                         FDCE (Prop_fdce_C_Q)         0.147     0.825 r  systolic_controller_instance/systolic_array_2d_instance/ARRAY_ROWS[0].ARRAY_COLUMNS[1].pe_systolic_cell_instance/a_valid_register_reg/Q
                         net (fo=3, unplaced)         0.139     0.963    systolic_controller_instance/systolic_array_2d_instance/ARRAY_ROWS[0].ARRAY_COLUMNS[1].pe_systolic_cell_instance/a_valid_connection[0][2]_2
                         LUT3 (Prop_lut3_I2_O)        0.098     1.061 r  systolic_controller_instance/systolic_array_2d_instance/ARRAY_ROWS[0].ARRAY_COLUMNS[1].pe_systolic_cell_instance/a_valid_register_i_1__21/O
                         net (fo=1, unplaced)         0.000     1.061    systolic_controller_instance/systolic_array_2d_instance/ARRAY_ROWS[0].ARRAY_COLUMNS[2].pe_systolic_cell_instance/a_valid_register_0
                         FDCE                                         r  systolic_controller_instance/systolic_array_2d_instance/ARRAY_ROWS[0].ARRAY_COLUMNS[2].pe_systolic_cell_instance/a_valid_register_reg/D
  -------------------------------------------------------------------    -------------------

                         (clock s_axi_aclk rise edge)
                                                      0.000     0.000 r  
                                                      0.000     0.000 r  s_axi_aclk (IN)
                         net (fo=0)                   0.000     0.000    s_axi_aclk
                         IBUF (Prop_ibuf_I_O)         0.389     0.389 r  s_axi_aclk_IBUF_inst/O
                         net (fo=1, unplaced)         0.355     0.744    s_axi_aclk_IBUF
                         BUFG (Prop_bufg_I_O)         0.029     0.773 r  s_axi_aclk_IBUF_BUFG_inst/O
                         net (fo=759, unplaced)       0.259     1.032    systolic_controller_instance/systolic_array_2d_instance/ARRAY_ROWS[0].ARRAY_COLUMNS[2].pe_systolic_cell_instance/s_axi_aclk_IBUF_BUFG
                         FDCE                                         r  systolic_controller_instance/systolic_array_2d_instance/ARRAY_ROWS[0].ARRAY_COLUMNS[2].pe_systolic_cell_instance/a_valid_register_reg/C
                         clock pessimism             -0.210     0.823    
                         FDCE (Hold_fdce_C_D)         0.099     0.922    systolic_controller_instance/systolic_array_2d_instance/ARRAY_ROWS[0].ARRAY_COLUMNS[2].pe_systolic_cell_instance/a_valid_register_reg
  -------------------------------------------------------------------
                         required time                         -0.922    
                         arrival time                           1.061    
  -------------------------------------------------------------------
                         slack                                  0.140    

Slack (MET) :             0.140ns  (arrival time - required time)
  Source:                 systolic_controller_instance/systolic_array_2d_instance/ARRAY_ROWS[0].ARRAY_COLUMNS[2].pe_systolic_cell_instance/a_valid_register_reg/C
                            (rising edge-triggered cell FDCE clocked by s_axi_aclk  {rise@0.000ns fall@5.000ns period=10.000ns})
  Destination:            systolic_controller_instance/systolic_array_2d_instance/ARRAY_ROWS[0].ARRAY_COLUMNS[3].pe_systolic_cell_instance/a_valid_register_reg/D
                            (rising edge-triggered cell FDCE clocked by s_axi_aclk  {rise@0.000ns fall@5.000ns period=10.000ns})
  Path Group:             s_axi_aclk
  Path Type:              Hold (Min at Fast Process Corner)
  Requirement:            0.000ns  (s_axi_aclk rise@0.000ns - s_axi_aclk rise@0.000ns)
  Data Path Delay:        0.384ns  (logic 0.245ns (63.855%)  route 0.139ns (36.145%))
  Logic Levels:           1  (LUT3=1)
  Clock Path Skew:        0.145ns (DCD - SCD - CPR)
    Destination Clock Delay (DCD):    1.032ns
    Source Clock Delay      (SCD):    0.678ns
    Clock Pessimism Removal (CPR):    0.210ns

    Location             Delay type                Incr(ns)  Path(ns)    Netlist Resource(s)
  -------------------------------------------------------------------    -------------------
                         (clock s_axi_aclk rise edge)
                                                      0.000     0.000 r  
                                                      0.000     0.000 r  s_axi_aclk (IN)
                         net (fo=0)                   0.000     0.000    s_axi_aclk
                         IBUF (Prop_ibuf_I_O)         0.200     0.200 r  s_axi_aclk_IBUF_inst/O
                         net (fo=1, unplaced)         0.337     0.538    s_axi_aclk_IBUF
                         BUFG (Prop_bufg_I_O)         0.026     0.564 r  s_axi_aclk_IBUF_BUFG_inst/O
                         net (fo=759, unplaced)       0.114     0.678    systolic_controller_instance/systolic_array_2d_instance/ARRAY_ROWS[0].ARRAY_COLUMNS[2].pe_systolic_cell_instance/s_axi_aclk_IBUF_BUFG
                         FDCE                                         r  systolic_controller_instance/systolic_array_2d_instance/ARRAY_ROWS[0].ARRAY_COLUMNS[2].pe_systolic_cell_instance/a_valid_register_reg/C
  -------------------------------------------------------------------    -------------------
                         FDCE (Prop_fdce_C_Q)         0.147     0.825 r  systolic_controller_instance/systolic_array_2d_instance/ARRAY_ROWS[0].ARRAY_COLUMNS[2].pe_systolic_cell_instance/a_valid_register_reg/Q
                         net (fo=3, unplaced)         0.139     0.963    systolic_controller_instance/systolic_array_2d_instance/ARRAY_ROWS[0].ARRAY_COLUMNS[2].pe_systolic_cell_instance/a_valid_connection[0][3]_4
                         LUT3 (Prop_lut3_I2_O)        0.098     1.061 r  systolic_controller_instance/systolic_array_2d_instance/ARRAY_ROWS[0].ARRAY_COLUMNS[2].pe_systolic_cell_instance/a_valid_register_i_1__20/O
                         net (fo=1, unplaced)         0.000     1.061    systolic_controller_instance/systolic_array_2d_instance/ARRAY_ROWS[0].ARRAY_COLUMNS[3].pe_systolic_cell_instance/a_valid_register_0
                         FDCE                                         r  systolic_controller_instance/systolic_array_2d_instance/ARRAY_ROWS[0].ARRAY_COLUMNS[3].pe_systolic_cell_instance/a_valid_register_reg/D
  -------------------------------------------------------------------    -------------------

                         (clock s_axi_aclk rise edge)
                                                      0.000     0.000 r  
                                                      0.000     0.000 r  s_axi_aclk (IN)
                         net (fo=0)                   0.000     0.000    s_axi_aclk
                         IBUF (Prop_ibuf_I_O)         0.389     0.389 r  s_axi_aclk_IBUF_inst/O
                         net (fo=1, unplaced)         0.355     0.744    s_axi_aclk_IBUF
                         BUFG (Prop_bufg_I_O)         0.029     0.773 r  s_axi_aclk_IBUF_BUFG_inst/O
                         net (fo=759, unplaced)       0.259     1.032    systolic_controller_instance/systolic_array_2d_instance/ARRAY_ROWS[0].ARRAY_COLUMNS[3].pe_systolic_cell_instance/s_axi_aclk_IBUF_BUFG
                         FDCE                                         r  systolic_controller_instance/systolic_array_2d_instance/ARRAY_ROWS[0].ARRAY_COLUMNS[3].pe_systolic_cell_instance/a_valid_register_reg/C
                         clock pessimism             -0.210     0.823    
                         FDCE (Hold_fdce_C_D)         0.099     0.922    systolic_controller_instance/systolic_array_2d_instance/ARRAY_ROWS[0].ARRAY_COLUMNS[3].pe_systolic_cell_instance/a_valid_register_reg
  -------------------------------------------------------------------
                         required time                         -0.922    
                         arrival time                           1.061    
  -------------------------------------------------------------------
                         slack                                  0.140    

Slack (MET) :             0.140ns  (arrival time - required time)
  Source:                 systolic_controller_instance/systolic_array_2d_instance/ARRAY_ROWS[0].ARRAY_COLUMNS[3].pe_systolic_cell_instance/a_valid_register_reg/C
                            (rising edge-triggered cell FDCE clocked by s_axi_aclk  {rise@0.000ns fall@5.000ns period=10.000ns})
  Destination:            systolic_controller_instance/systolic_array_2d_instance/ARRAY_ROWS[0].ARRAY_COLUMNS[4].pe_systolic_cell_instance/a_valid_register_reg/D
                            (rising edge-triggered cell FDCE clocked by s_axi_aclk  {rise@0.000ns fall@5.000ns period=10.000ns})
  Path Group:             s_axi_aclk
  Path Type:              Hold (Min at Fast Process Corner)
  Requirement:            0.000ns  (s_axi_aclk rise@0.000ns - s_axi_aclk rise@0.000ns)
  Data Path Delay:        0.384ns  (logic 0.245ns (63.855%)  route 0.139ns (36.145%))
  Logic Levels:           1  (LUT3=1)
  Clock Path Skew:        0.145ns (DCD - SCD - CPR)
    Destination Clock Delay (DCD):    1.032ns
    Source Clock Delay      (SCD):    0.678ns
    Clock Pessimism Removal (CPR):    0.210ns

    Location             Delay type                Incr(ns)  Path(ns)    Netlist Resource(s)
  -------------------------------------------------------------------    -------------------
                         (clock s_axi_aclk rise edge)
                                                      0.000     0.000 r  
                                                      0.000     0.000 r  s_axi_aclk (IN)
                         net (fo=0)                   0.000     0.000    s_axi_aclk
                         IBUF (Prop_ibuf_I_O)         0.200     0.200 r  s_axi_aclk_IBUF_inst/O
                         net (fo=1, unplaced)         0.337     0.538    s_axi_aclk_IBUF
                         BUFG (Prop_bufg_I_O)         0.026     0.564 r  s_axi_aclk_IBUF_BUFG_inst/O
                         net (fo=759, unplaced)       0.114     0.678    systolic_controller_instance/systolic_array_2d_instance/ARRAY_ROWS[0].ARRAY_COLUMNS[3].pe_systolic_cell_instance/s_axi_aclk_IBUF_BUFG
                         FDCE                                         r  systolic_controller_instance/systolic_array_2d_instance/ARRAY_ROWS[0].ARRAY_COLUMNS[3].pe_systolic_cell_instance/a_valid_register_reg/C
  -------------------------------------------------------------------    -------------------
                         FDCE (Prop_fdce_C_Q)         0.147     0.825 r  systolic_controller_instance/systolic_array_2d_instance/ARRAY_ROWS[0].ARRAY_COLUMNS[3].pe_systolic_cell_instance/a_valid_register_reg/Q
                         net (fo=3, unplaced)         0.139     0.963    systolic_controller_instance/systolic_array_2d_instance/ARRAY_ROWS[0].ARRAY_COLUMNS[3].pe_systolic_cell_instance/a_valid_connection[0][4]_6
                         LUT3 (Prop_lut3_I2_O)        0.098     1.061 r  systolic_controller_instance/systolic_array_2d_instance/ARRAY_ROWS[0].ARRAY_COLUMNS[3].pe_systolic_cell_instance/a_valid_register_i_1__19/O
                         net (fo=1, unplaced)         0.000     1.061    systolic_controller_instance/systolic_array_2d_instance/ARRAY_ROWS[0].ARRAY_COLUMNS[4].pe_systolic_cell_instance/a_valid_register
                         FDCE                                         r  systolic_controller_instance/systolic_array_2d_instance/ARRAY_ROWS[0].ARRAY_COLUMNS[4].pe_systolic_cell_instance/a_valid_register_reg/D
  -------------------------------------------------------------------    -------------------

                         (clock s_axi_aclk rise edge)
                                                      0.000     0.000 r  
                                                      0.000     0.000 r  s_axi_aclk (IN)
                         net (fo=0)                   0.000     0.000    s_axi_aclk
                         IBUF (Prop_ibuf_I_O)         0.389     0.389 r  s_axi_aclk_IBUF_inst/O
                         net (fo=1, unplaced)         0.355     0.744    s_axi_aclk_IBUF
                         BUFG (Prop_bufg_I_O)         0.029     0.773 r  s_axi_aclk_IBUF_BUFG_inst/O
                         net (fo=759, unplaced)       0.259     1.032    systolic_controller_instance/systolic_array_2d_instance/ARRAY_ROWS[0].ARRAY_COLUMNS[4].pe_systolic_cell_instance/s_axi_aclk_IBUF_BUFG
                         FDCE                                         r  systolic_controller_instance/systolic_array_2d_instance/ARRAY_ROWS[0].ARRAY_COLUMNS[4].pe_systolic_cell_instance/a_valid_register_reg/C
                         clock pessimism             -0.210     0.823    
                         FDCE (Hold_fdce_C_D)         0.099     0.922    systolic_controller_instance/systolic_array_2d_instance/ARRAY_ROWS[0].ARRAY_COLUMNS[4].pe_systolic_cell_instance/a_valid_register_reg
  -------------------------------------------------------------------
                         required time                         -0.922    
                         arrival time                           1.061    
  -------------------------------------------------------------------
                         slack                                  0.140    

Slack (MET) :             0.140ns  (arrival time - required time)
  Source:                 systolic_controller_instance/systolic_array_2d_instance/ARRAY_ROWS[1].ARRAY_COLUMNS[0].pe_systolic_cell_instance/a_valid_register_reg/C
                            (rising edge-triggered cell FDCE clocked by s_axi_aclk  {rise@0.000ns fall@5.000ns period=10.000ns})
  Destination:            systolic_controller_instance/systolic_array_2d_instance/ARRAY_ROWS[1].ARRAY_COLUMNS[1].pe_systolic_cell_instance/a_valid_register_reg/D
                            (rising edge-triggered cell FDCE clocked by s_axi_aclk  {rise@0.000ns fall@5.000ns period=10.000ns})
  Path Group:             s_axi_aclk
  Path Type:              Hold (Min at Fast Process Corner)
  Requirement:            0.000ns  (s_axi_aclk rise@0.000ns - s_axi_aclk rise@0.000ns)
  Data Path Delay:        0.384ns  (logic 0.245ns (63.855%)  route 0.139ns (36.145%))
  Logic Levels:           1  (LUT3=1)
  Clock Path Skew:        0.145ns (DCD - SCD - CPR)
    Destination Clock Delay (DCD):    1.032ns
    Source Clock Delay      (SCD):    0.678ns
    Clock Pessimism Removal (CPR):    0.210ns

    Location             Delay type                Incr(ns)  Path(ns)    Netlist Resource(s)
  -------------------------------------------------------------------    -------------------
                         (clock s_axi_aclk rise edge)
                                                      0.000     0.000 r  
                                                      0.000     0.000 r  s_axi_aclk (IN)
                         net (fo=0)                   0.000     0.000    s_axi_aclk
                         IBUF (Prop_ibuf_I_O)         0.200     0.200 r  s_axi_aclk_IBUF_inst/O
                         net (fo=1, unplaced)         0.337     0.538    s_axi_aclk_IBUF
                         BUFG (Prop_bufg_I_O)         0.026     0.564 r  s_axi_aclk_IBUF_BUFG_inst/O
                         net (fo=759, unplaced)       0.114     0.678    systolic_controller_instance/systolic_array_2d_instance/ARRAY_ROWS[1].ARRAY_COLUMNS[0].pe_systolic_cell_instance/s_axi_aclk_IBUF_BUFG
                         FDCE                                         r  systolic_controller_instance/systolic_array_2d_instance/ARRAY_ROWS[1].ARRAY_COLUMNS[0].pe_systolic_cell_instance/a_valid_register_reg/C
  -------------------------------------------------------------------    -------------------
                         FDCE (Prop_fdce_C_Q)         0.147     0.825 r  systolic_controller_instance/systolic_array_2d_instance/ARRAY_ROWS[1].ARRAY_COLUMNS[0].pe_systolic_cell_instance/a_valid_register_reg/Q
                         net (fo=3, unplaced)         0.139     0.963    systolic_controller_instance/systolic_array_2d_instance/ARRAY_ROWS[1].ARRAY_COLUMNS[0].pe_systolic_cell_instance/a_valid_connection[1][1]_9
                         LUT3 (Prop_lut3_I2_O)        0.098     1.061 r  systolic_controller_instance/systolic_array_2d_instance/ARRAY_ROWS[1].ARRAY_COLUMNS[0].pe_systolic_cell_instance/a_valid_register_i_1__17/O
                         net (fo=1, unplaced)         0.000     1.061    systolic_controller_instance/systolic_array_2d_instance/ARRAY_ROWS[1].ARRAY_COLUMNS[1].pe_systolic_cell_instance/a_valid_register_0
                         FDCE                                         r  systolic_controller_instance/systolic_array_2d_instance/ARRAY_ROWS[1].ARRAY_COLUMNS[1].pe_systolic_cell_instance/a_valid_register_reg/D
  -------------------------------------------------------------------    -------------------

                         (clock s_axi_aclk rise edge)
                                                      0.000     0.000 r  
                                                      0.000     0.000 r  s_axi_aclk (IN)
                         net (fo=0)                   0.000     0.000    s_axi_aclk
                         IBUF (Prop_ibuf_I_O)         0.389     0.389 r  s_axi_aclk_IBUF_inst/O
                         net (fo=1, unplaced)         0.355     0.744    s_axi_aclk_IBUF
                         BUFG (Prop_bufg_I_O)         0.029     0.773 r  s_axi_aclk_IBUF_BUFG_inst/O
                         net (fo=759, unplaced)       0.259     1.032    systolic_controller_instance/systolic_array_2d_instance/ARRAY_ROWS[1].ARRAY_COLUMNS[1].pe_systolic_cell_instance/s_axi_aclk_IBUF_BUFG
                         FDCE                                         r  systolic_controller_instance/systolic_array_2d_instance/ARRAY_ROWS[1].ARRAY_COLUMNS[1].pe_systolic_cell_instance/a_valid_register_reg/C
                         clock pessimism             -0.210     0.823    
                         FDCE (Hold_fdce_C_D)         0.099     0.922    systolic_controller_instance/systolic_array_2d_instance/ARRAY_ROWS[1].ARRAY_COLUMNS[1].pe_systolic_cell_instance/a_valid_register_reg
  -------------------------------------------------------------------
                         required time                         -0.922    
                         arrival time                           1.061    
  -------------------------------------------------------------------
                         slack                                  0.140    

Slack (MET) :             0.140ns  (arrival time - required time)
  Source:                 systolic_controller_instance/systolic_array_2d_instance/ARRAY_ROWS[1].ARRAY_COLUMNS[1].pe_systolic_cell_instance/a_valid_register_reg/C
                            (rising edge-triggered cell FDCE clocked by s_axi_aclk  {rise@0.000ns fall@5.000ns period=10.000ns})
  Destination:            systolic_controller_instance/systolic_array_2d_instance/ARRAY_ROWS[1].ARRAY_COLUMNS[2].pe_systolic_cell_instance/a_valid_register_reg/D
                            (rising edge-triggered cell FDCE clocked by s_axi_aclk  {rise@0.000ns fall@5.000ns period=10.000ns})
  Path Group:             s_axi_aclk
  Path Type:              Hold (Min at Fast Process Corner)
  Requirement:            0.000ns  (s_axi_aclk rise@0.000ns - s_axi_aclk rise@0.000ns)
  Data Path Delay:        0.384ns  (logic 0.245ns (63.855%)  route 0.139ns (36.145%))
  Logic Levels:           1  (LUT3=1)
  Clock Path Skew:        0.145ns (DCD - SCD - CPR)
    Destination Clock Delay (DCD):    1.032ns
    Source Clock Delay      (SCD):    0.678ns
    Clock Pessimism Removal (CPR):    0.210ns

    Location             Delay type                Incr(ns)  Path(ns)    Netlist Resource(s)
  -------------------------------------------------------------------    -------------------
                         (clock s_axi_aclk rise edge)
                                                      0.000     0.000 r  
                                                      0.000     0.000 r  s_axi_aclk (IN)
                         net (fo=0)                   0.000     0.000    s_axi_aclk
                         IBUF (Prop_ibuf_I_O)         0.200     0.200 r  s_axi_aclk_IBUF_inst/O
                         net (fo=1, unplaced)         0.337     0.538    s_axi_aclk_IBUF
                         BUFG (Prop_bufg_I_O)         0.026     0.564 r  s_axi_aclk_IBUF_BUFG_inst/O
                         net (fo=759, unplaced)       0.114     0.678    systolic_controller_instance/systolic_array_2d_instance/ARRAY_ROWS[1].ARRAY_COLUMNS[1].pe_systolic_cell_instance/s_axi_aclk_IBUF_BUFG
                         FDCE                                         r  systolic_controller_instance/systolic_array_2d_instance/ARRAY_ROWS[1].ARRAY_COLUMNS[1].pe_systolic_cell_instance/a_valid_register_reg/C
  -------------------------------------------------------------------    -------------------
                         FDCE (Prop_fdce_C_Q)         0.147     0.825 r  systolic_controller_instance/systolic_array_2d_instance/ARRAY_ROWS[1].ARRAY_COLUMNS[1].pe_systolic_cell_instance/a_valid_register_reg/Q
                         net (fo=3, unplaced)         0.139     0.963    systolic_controller_instance/systolic_array_2d_instance/ARRAY_ROWS[1].ARRAY_COLUMNS[1].pe_systolic_cell_instance/a_valid_connection[1][2]_11
                         LUT3 (Prop_lut3_I2_O)        0.098     1.061 r  systolic_controller_instance/systolic_array_2d_instance/ARRAY_ROWS[1].ARRAY_COLUMNS[1].pe_systolic_cell_instance/a_valid_register_i_1__16/O
                         net (fo=1, unplaced)         0.000     1.061    systolic_controller_instance/systolic_array_2d_instance/ARRAY_ROWS[1].ARRAY_COLUMNS[2].pe_systolic_cell_instance/a_valid_register_0
                         FDCE                                         r  systolic_controller_instance/systolic_array_2d_instance/ARRAY_ROWS[1].ARRAY_COLUMNS[2].pe_systolic_cell_instance/a_valid_register_reg/D
  -------------------------------------------------------------------    -------------------

                         (clock s_axi_aclk rise edge)
                                                      0.000     0.000 r  
                                                      0.000     0.000 r  s_axi_aclk (IN)
                         net (fo=0)                   0.000     0.000    s_axi_aclk
                         IBUF (Prop_ibuf_I_O)         0.389     0.389 r  s_axi_aclk_IBUF_inst/O
                         net (fo=1, unplaced)         0.355     0.744    s_axi_aclk_IBUF
                         BUFG (Prop_bufg_I_O)         0.029     0.773 r  s_axi_aclk_IBUF_BUFG_inst/O
                         net (fo=759, unplaced)       0.259     1.032    systolic_controller_instance/systolic_array_2d_instance/ARRAY_ROWS[1].ARRAY_COLUMNS[2].pe_systolic_cell_instance/s_axi_aclk_IBUF_BUFG
                         FDCE                                         r  systolic_controller_instance/systolic_array_2d_instance/ARRAY_ROWS[1].ARRAY_COLUMNS[2].pe_systolic_cell_instance/a_valid_register_reg/C
                         clock pessimism             -0.210     0.823    
                         FDCE (Hold_fdce_C_D)         0.099     0.922    systolic_controller_instance/systolic_array_2d_instance/ARRAY_ROWS[1].ARRAY_COLUMNS[2].pe_systolic_cell_instance/a_valid_register_reg
  -------------------------------------------------------------------
                         required time                         -0.922    
                         arrival time                           1.061    
  -------------------------------------------------------------------
                         slack                                  0.140    

Slack (MET) :             0.140ns  (arrival time - required time)
  Source:                 systolic_controller_instance/systolic_array_2d_instance/ARRAY_ROWS[1].ARRAY_COLUMNS[2].pe_systolic_cell_instance/a_valid_register_reg/C
                            (rising edge-triggered cell FDCE clocked by s_axi_aclk  {rise@0.000ns fall@5.000ns period=10.000ns})
  Destination:            systolic_controller_instance/systolic_array_2d_instance/ARRAY_ROWS[1].ARRAY_COLUMNS[3].pe_systolic_cell_instance/a_valid_register_reg/D
                            (rising edge-triggered cell FDCE clocked by s_axi_aclk  {rise@0.000ns fall@5.000ns period=10.000ns})
  Path Group:             s_axi_aclk
  Path Type:              Hold (Min at Fast Process Corner)
  Requirement:            0.000ns  (s_axi_aclk rise@0.000ns - s_axi_aclk rise@0.000ns)
  Data Path Delay:        0.384ns  (logic 0.245ns (63.855%)  route 0.139ns (36.145%))
  Logic Levels:           1  (LUT3=1)
  Clock Path Skew:        0.145ns (DCD - SCD - CPR)
    Destination Clock Delay (DCD):    1.032ns
    Source Clock Delay      (SCD):    0.678ns
    Clock Pessimism Removal (CPR):    0.210ns

    Location             Delay type                Incr(ns)  Path(ns)    Netlist Resource(s)
  -------------------------------------------------------------------    -------------------
                         (clock s_axi_aclk rise edge)
                                                      0.000     0.000 r  
                                                      0.000     0.000 r  s_axi_aclk (IN)
                         net (fo=0)                   0.000     0.000    s_axi_aclk
                         IBUF (Prop_ibuf_I_O)         0.200     0.200 r  s_axi_aclk_IBUF_inst/O
                         net (fo=1, unplaced)         0.337     0.538    s_axi_aclk_IBUF
                         BUFG (Prop_bufg_I_O)         0.026     0.564 r  s_axi_aclk_IBUF_BUFG_inst/O
                         net (fo=759, unplaced)       0.114     0.678    systolic_controller_instance/systolic_array_2d_instance/ARRAY_ROWS[1].ARRAY_COLUMNS[2].pe_systolic_cell_instance/s_axi_aclk_IBUF_BUFG
                         FDCE                                         r  systolic_controller_instance/systolic_array_2d_instance/ARRAY_ROWS[1].ARRAY_COLUMNS[2].pe_systolic_cell_instance/a_valid_register_reg/C
  -------------------------------------------------------------------    -------------------
                         FDCE (Prop_fdce_C_Q)         0.147     0.825 r  systolic_controller_instance/systolic_array_2d_instance/ARRAY_ROWS[1].ARRAY_COLUMNS[2].pe_systolic_cell_instance/a_valid_register_reg/Q
                         net (fo=3, unplaced)         0.139     0.963    systolic_controller_instance/systolic_array_2d_instance/ARRAY_ROWS[1].ARRAY_COLUMNS[2].pe_systolic_cell_instance/a_valid_connection[1][3]_13
                         LUT3 (Prop_lut3_I2_O)        0.098     1.061 r  systolic_controller_instance/systolic_array_2d_instance/ARRAY_ROWS[1].ARRAY_COLUMNS[2].pe_systolic_cell_instance/a_valid_register_i_1__15/O
                         net (fo=1, unplaced)         0.000     1.061    systolic_controller_instance/systolic_array_2d_instance/ARRAY_ROWS[1].ARRAY_COLUMNS[3].pe_systolic_cell_instance/a_valid_register_0
                         FDCE                                         r  systolic_controller_instance/systolic_array_2d_instance/ARRAY_ROWS[1].ARRAY_COLUMNS[3].pe_systolic_cell_instance/a_valid_register_reg/D
  -------------------------------------------------------------------    -------------------

                         (clock s_axi_aclk rise edge)
                                                      0.000     0.000 r  
                                                      0.000     0.000 r  s_axi_aclk (IN)
                         net (fo=0)                   0.000     0.000    s_axi_aclk
                         IBUF (Prop_ibuf_I_O)         0.389     0.389 r  s_axi_aclk_IBUF_inst/O
                         net (fo=1, unplaced)         0.355     0.744    s_axi_aclk_IBUF
                         BUFG (Prop_bufg_I_O)         0.029     0.773 r  s_axi_aclk_IBUF_BUFG_inst/O
                         net (fo=759, unplaced)       0.259     1.032    systolic_controller_instance/systolic_array_2d_instance/ARRAY_ROWS[1].ARRAY_COLUMNS[3].pe_systolic_cell_instance/s_axi_aclk_IBUF_BUFG
                         FDCE                                         r  systolic_controller_instance/systolic_array_2d_instance/ARRAY_ROWS[1].ARRAY_COLUMNS[3].pe_systolic_cell_instance/a_valid_register_reg/C
                         clock pessimism             -0.210     0.823    
                         FDCE (Hold_fdce_C_D)         0.099     0.922    systolic_controller_instance/systolic_array_2d_instance/ARRAY_ROWS[1].ARRAY_COLUMNS[3].pe_systolic_cell_instance/a_valid_register_reg
  -------------------------------------------------------------------
                         required time                         -0.922    
                         arrival time                           1.061    
  -------------------------------------------------------------------
                         slack                                  0.140    

Slack (MET) :             0.140ns  (arrival time - required time)
  Source:                 systolic_controller_instance/systolic_array_2d_instance/ARRAY_ROWS[1].ARRAY_COLUMNS[3].pe_systolic_cell_instance/a_valid_register_reg/C
                            (rising edge-triggered cell FDCE clocked by s_axi_aclk  {rise@0.000ns fall@5.000ns period=10.000ns})
  Destination:            systolic_controller_instance/systolic_array_2d_instance/ARRAY_ROWS[1].ARRAY_COLUMNS[4].pe_systolic_cell_instance/a_valid_register_reg/D
                            (rising edge-triggered cell FDCE clocked by s_axi_aclk  {rise@0.000ns fall@5.000ns period=10.000ns})
  Path Group:             s_axi_aclk
  Path Type:              Hold (Min at Fast Process Corner)
  Requirement:            0.000ns  (s_axi_aclk rise@0.000ns - s_axi_aclk rise@0.000ns)
  Data Path Delay:        0.384ns  (logic 0.245ns (63.855%)  route 0.139ns (36.145%))
  Logic Levels:           1  (LUT3=1)
  Clock Path Skew:        0.145ns (DCD - SCD - CPR)
    Destination Clock Delay (DCD):    1.032ns
    Source Clock Delay      (SCD):    0.678ns
    Clock Pessimism Removal (CPR):    0.210ns

    Location             Delay type                Incr(ns)  Path(ns)    Netlist Resource(s)
  -------------------------------------------------------------------    -------------------
                         (clock s_axi_aclk rise edge)
                                                      0.000     0.000 r  
                                                      0.000     0.000 r  s_axi_aclk (IN)
                         net (fo=0)                   0.000     0.000    s_axi_aclk
                         IBUF (Prop_ibuf_I_O)         0.200     0.200 r  s_axi_aclk_IBUF_inst/O
                         net (fo=1, unplaced)         0.337     0.538    s_axi_aclk_IBUF
                         BUFG (Prop_bufg_I_O)         0.026     0.564 r  s_axi_aclk_IBUF_BUFG_inst/O
                         net (fo=759, unplaced)       0.114     0.678    systolic_controller_instance/systolic_array_2d_instance/ARRAY_ROWS[1].ARRAY_COLUMNS[3].pe_systolic_cell_instance/s_axi_aclk_IBUF_BUFG
                         FDCE                                         r  systolic_controller_instance/systolic_array_2d_instance/ARRAY_ROWS[1].ARRAY_COLUMNS[3].pe_systolic_cell_instance/a_valid_register_reg/C
  -------------------------------------------------------------------    -------------------
                         FDCE (Prop_fdce_C_Q)         0.147     0.825 r  systolic_controller_instance/systolic_array_2d_instance/ARRAY_ROWS[1].ARRAY_COLUMNS[3].pe_systolic_cell_instance/a_valid_register_reg/Q
                         net (fo=3, unplaced)         0.139     0.963    systolic_controller_instance/systolic_array_2d_instance/ARRAY_ROWS[1].ARRAY_COLUMNS[3].pe_systolic_cell_instance/a_valid_connection[1][4]_15
                         LUT3 (Prop_lut3_I2_O)        0.098     1.061 r  systolic_controller_instance/systolic_array_2d_instance/ARRAY_ROWS[1].ARRAY_COLUMNS[3].pe_systolic_cell_instance/a_valid_register_i_1__14/O
                         net (fo=1, unplaced)         0.000     1.061    systolic_controller_instance/systolic_array_2d_instance/ARRAY_ROWS[1].ARRAY_COLUMNS[4].pe_systolic_cell_instance/a_valid_register
                         FDCE                                         r  systolic_controller_instance/systolic_array_2d_instance/ARRAY_ROWS[1].ARRAY_COLUMNS[4].pe_systolic_cell_instance/a_valid_register_reg/D
  -------------------------------------------------------------------    -------------------

                         (clock s_axi_aclk rise edge)
                                                      0.000     0.000 r  
                                                      0.000     0.000 r  s_axi_aclk (IN)
                         net (fo=0)                   0.000     0.000    s_axi_aclk
                         IBUF (Prop_ibuf_I_O)         0.389     0.389 r  s_axi_aclk_IBUF_inst/O
                         net (fo=1, unplaced)         0.355     0.744    s_axi_aclk_IBUF
                         BUFG (Prop_bufg_I_O)         0.029     0.773 r  s_axi_aclk_IBUF_BUFG_inst/O
                         net (fo=759, unplaced)       0.259     1.032    systolic_controller_instance/systolic_array_2d_instance/ARRAY_ROWS[1].ARRAY_COLUMNS[4].pe_systolic_cell_instance/s_axi_aclk_IBUF_BUFG
                         FDCE                                         r  systolic_controller_instance/systolic_array_2d_instance/ARRAY_ROWS[1].ARRAY_COLUMNS[4].pe_systolic_cell_instance/a_valid_register_reg/C
                         clock pessimism             -0.210     0.823    
                         FDCE (Hold_fdce_C_D)         0.099     0.922    systolic_controller_instance/systolic_array_2d_instance/ARRAY_ROWS[1].ARRAY_COLUMNS[4].pe_systolic_cell_instance/a_valid_register_reg
  -------------------------------------------------------------------
                         required time                         -0.922    
                         arrival time                           1.061    
  -------------------------------------------------------------------
                         slack                                  0.140    





Pulse Width Checks
--------------------------------------------------------------------------------------
Clock Name:         s_axi_aclk
Waveform(ns):       { 0.000 5.000 }
Period(ns):         10.000
Sources:            { s_axi_aclk }

Check Type        Corner  Lib Pin             Reference Pin  Required(ns)  Actual(ns)  Slack(ns)  Location  Pin
Min Period        n/a     RAMB18E1/CLKARDCLK  n/a            2.944         10.000      7.056                unified_buffer_instance/memory_bank_0_reg/CLKARDCLK
Min Period        n/a     RAMB18E1/CLKARDCLK  n/a            2.944         10.000      7.056                unified_buffer_instance/memory_bank_1_reg/CLKARDCLK
Min Period        n/a     RAMB18E1/CLKARDCLK  n/a            2.944         10.000      7.056                unified_buffer_instance/memory_bank_2_reg/CLKARDCLK
Min Period        n/a     RAMB18E1/CLKARDCLK  n/a            2.944         10.000      7.056                unified_buffer_instance/memory_bank_3_reg/CLKARDCLK
Min Period        n/a     RAMB18E1/CLKARDCLK  n/a            2.944         10.000      7.056                unified_buffer_instance/memory_bank_4_reg/CLKARDCLK
Min Period        n/a     RAMB18E1/CLKBWRCLK  n/a            2.576         10.000      7.424                unified_buffer_instance/memory_bank_0_reg/CLKBWRCLK
Min Period        n/a     RAMB18E1/CLKBWRCLK  n/a            2.576         10.000      7.424                unified_buffer_instance/memory_bank_1_reg/CLKBWRCLK
Min Period        n/a     RAMB18E1/CLKBWRCLK  n/a            2.576         10.000      7.424                unified_buffer_instance/memory_bank_2_reg/CLKBWRCLK
Min Period        n/a     RAMB18E1/CLKBWRCLK  n/a            2.576         10.000      7.424                unified_buffer_instance/memory_bank_3_reg/CLKBWRCLK
Min Period        n/a     RAMB18E1/CLKBWRCLK  n/a            2.576         10.000      7.424                unified_buffer_instance/memory_bank_4_reg/CLKBWRCLK
Min Period        n/a     RAMB36E1/CLKARDCLK  n/a            2.576         10.000      7.424                weight_sram_instance/WEIGHT_BANK[0].read_register_reg_0/CLKARDCLK
Min Period        n/a     RAMB36E1/CLKARDCLK  n/a            2.576         10.000      7.424                weight_sram_instance/WEIGHT_BANK[0].read_register_reg_1/CLKARDCLK
Min Period        n/a     RAMB36E1/CLKARDCLK  n/a            2.576         10.000      7.424                weight_sram_instance/WEIGHT_BANK[1].read_register_reg_0/CLKARDCLK
Min Period        n/a     RAMB36E1/CLKARDCLK  n/a            2.576         10.000      7.424                weight_sram_instance/WEIGHT_BANK[1].read_register_reg_1/CLKARDCLK
Min Period        n/a     RAMB36E1/CLKARDCLK  n/a            2.576         10.000      7.424                weight_sram_instance/WEIGHT_BANK[2].read_register_reg_0/CLKARDCLK
Min Period        n/a     RAMB36E1/CLKARDCLK  n/a            2.576         10.000      7.424                weight_sram_instance/WEIGHT_BANK[2].read_register_reg_1/CLKARDCLK
Min Period        n/a     RAMB36E1/CLKARDCLK  n/a            2.576         10.000      7.424                weight_sram_instance/WEIGHT_BANK[3].read_register_reg_0/CLKARDCLK
Min Period        n/a     RAMB36E1/CLKARDCLK  n/a            2.576         10.000      7.424                weight_sram_instance/WEIGHT_BANK[3].read_register_reg_1/CLKARDCLK
Min Period        n/a     RAMB36E1/CLKARDCLK  n/a            2.576         10.000      7.424                weight_sram_instance/WEIGHT_BANK[4].read_register_reg_0/CLKARDCLK
Min Period        n/a     RAMB36E1/CLKARDCLK  n/a            2.576         10.000      7.424                weight_sram_instance/WEIGHT_BANK[4].read_register_reg_1/CLKARDCLK
Low Pulse Width   Slow    FDRE/C              n/a            0.500         5.000       4.500                activation_column_pipeline_reg[0]/C
Low Pulse Width   Fast    FDRE/C              n/a            0.500         5.000       4.500                activation_column_pipeline_reg[0]/C
Low Pulse Width   Slow    FDRE/C              n/a            0.500         5.000       4.500                activation_column_pipeline_reg[1]/C
Low Pulse Width   Fast    FDRE/C              n/a            0.500         5.000       4.500                activation_column_pipeline_reg[1]/C
Low Pulse Width   Slow    FDRE/C              n/a            0.500         5.000       4.500                activation_column_pipeline_reg[2]/C
Low Pulse Width   Fast    FDRE/C              n/a            0.500         5.000       4.500                activation_column_pipeline_reg[2]/C
Low Pulse Width   Slow    FDRE/C              n/a            0.500         5.000       4.500                activation_unit_instance/activation_data_reg[0]/C
Low Pulse Width   Fast    FDRE/C              n/a            0.500         5.000       4.500                activation_unit_instance/activation_data_reg[0]/C
Low Pulse Width   Slow    FDRE/C              n/a            0.500         5.000       4.500                activation_unit_instance/activation_data_reg[10]/C
Low Pulse Width   Fast    FDRE/C              n/a            0.500         5.000       4.500                activation_unit_instance/activation_data_reg[10]/C
Low Pulse Width   Slow    FDRE/C              n/a            0.500         5.000       4.500                activation_unit_instance/activation_data_reg[11]/C
Low Pulse Width   Fast    FDRE/C              n/a            0.500         5.000       4.500                activation_unit_instance/activation_data_reg[11]/C
Low Pulse Width   Slow    FDRE/C              n/a            0.500         5.000       4.500                activation_unit_instance/activation_data_reg[12]/C
Low Pulse Width   Fast    FDRE/C              n/a            0.500         5.000       4.500                activation_unit_instance/activation_data_reg[12]/C
Low Pulse Width   Slow    FDRE/C              n/a            0.500         5.000       4.500                activation_unit_instance/activation_data_reg[13]/C
Low Pulse Width   Fast    FDRE/C              n/a            0.500         5.000       4.500                activation_unit_instance/activation_data_reg[13]/C
Low Pulse Width   Slow    FDRE/C              n/a            0.500         5.000       4.500                activation_unit_instance/activation_data_reg[14]/C
Low Pulse Width   Fast    FDRE/C              n/a            0.500         5.000       4.500                activation_unit_instance/activation_data_reg[14]/C
Low Pulse Width   Slow    FDRE/C              n/a            0.500         5.000       4.500                activation_unit_instance/activation_data_reg[16]/C
Low Pulse Width   Fast    FDRE/C              n/a            0.500         5.000       4.500                activation_unit_instance/activation_data_reg[16]/C
High Pulse Width  Slow    FDRE/C              n/a            0.500         5.000       4.500                activation_column_pipeline_reg[0]/C
High Pulse Width  Fast    FDRE/C              n/a            0.500         5.000       4.500                activation_column_pipeline_reg[0]/C
High Pulse Width  Slow    FDRE/C              n/a            0.500         5.000       4.500                activation_column_pipeline_reg[1]/C
High Pulse Width  Fast    FDRE/C              n/a            0.500         5.000       4.500                activation_column_pipeline_reg[1]/C
High Pulse Width  Slow    FDRE/C              n/a            0.500         5.000       4.500                activation_column_pipeline_reg[2]/C
High Pulse Width  Fast    FDRE/C              n/a            0.500         5.000       4.500                activation_column_pipeline_reg[2]/C
High Pulse Width  Slow    FDRE/C              n/a            0.500         5.000       4.500                activation_unit_instance/activation_data_reg[0]/C
High Pulse Width  Fast    FDRE/C              n/a            0.500         5.000       4.500                activation_unit_instance/activation_data_reg[0]/C
High Pulse Width  Slow    FDRE/C              n/a            0.500         5.000       4.500                activation_unit_instance/activation_data_reg[10]/C
High Pulse Width  Fast    FDRE/C              n/a            0.500         5.000       4.500                activation_unit_instance/activation_data_reg[10]/C
High Pulse Width  Slow    FDRE/C              n/a            0.500         5.000       4.500                activation_unit_instance/activation_data_reg[11]/C
High Pulse Width  Fast    FDRE/C              n/a            0.500         5.000       4.500                activation_unit_instance/activation_data_reg[11]/C
High Pulse Width  Slow    FDRE/C              n/a            0.500         5.000       4.500                activation_unit_instance/activation_data_reg[12]/C
High Pulse Width  Fast    FDRE/C              n/a            0.500         5.000       4.500                activation_unit_instance/activation_data_reg[12]/C
High Pulse Width  Slow    FDRE/C              n/a            0.500         5.000       4.500                activation_unit_instance/activation_data_reg[13]/C
High Pulse Width  Fast    FDRE/C              n/a            0.500         5.000       4.500                activation_unit_instance/activation_data_reg[13]/C
High Pulse Width  Slow    FDRE/C              n/a            0.500         5.000       4.500                activation_unit_instance/activation_data_reg[14]/C
High Pulse Width  Fast    FDRE/C              n/a            0.500         5.000       4.500                activation_unit_instance/activation_data_reg[14]/C
High Pulse Width  Slow    FDRE/C              n/a            0.500         5.000       4.500                activation_unit_instance/activation_data_reg[16]/C
High Pulse Width  Fast    FDRE/C              n/a            0.500         5.000       4.500                activation_unit_instance/activation_data_reg[16]/C



